Workbook
Name Type: #REF!
Name Type: #REF!

Sheet Overall Case Study
C2: Context
C3: A toy company is facing troubles with planning and data visualization
C5: Problems:
C6: 1. Need to visualize master data
C7: 2. Need to balance demand & create master production scheduling (MPS) with inhouse capacity constraints
C8: 3. Need to create material requirement planning (MRP) then determine reorder point based on leadtime (LT)
B13: No | C13: Question | D13: Requirement
B14: 1 | C14: Visualize demand of 6 SKUs | D14: By Regions, Category, Total Value
B15: 2 | C15: Create master production scheduling (MPS) | D15: Generate a master production planning for whole year
B16: 3 | C16: Balance demand | D16: Based on current fixture set and weekly capacity to balance and suggest solution if over 1. Leverage demand 2. Buy more fixture
B17: 4 | C17: Create Material requirment Planning (MRP) | D17: Generate a material requirement planning following 6 SKUs' demand and BOM usage
B18: 5 | C18: Determine supply plan | D18: Based on leadtime, current stock on hand and pending PO to find out reorder point and fill out/ layout supply plan
B19: 6 | C19: Figure out safety stock strategy | D19: Based on vendor location to define stock on hand level by week or day or hour (local and oversea)

Sheet Demand
A1: Item name | B1: Des | C1: Market | D1: Price ($) | E1: Product group | F1: Fixture | G1: Weekly Capcity | H1: Shipment Request | I1: Demand Quantity
A2: F | B2: 2025 Fantasy Spaceship Model DIY kits | C2: US | D2: 90 | E2: Arts & Crafts Toy | F2: 789EF | G2: 3000 | H2: 46143 | I2: 588
A3: A | B3: 2026 Automatic Robot ver | C3: US | D3: 105 | E3: Electronic Toy | F3: 123AB | G3: 15000 | H3: 46150 | I3: 684
A4: E | B4: 2026 Scooter ver | C4: Australia | D4: 30 | E4: Outdoor & Sports Toy | F4: 789EF | G4: 3000 | H4: 46150 | I4: 472
A5: F | B5: 2025 Fantasy Spaceship Model DIY kits | C5: US | D5: 90 | E5: Arts & Crafts Toy | F5: 789EF | G5: 3000 | H5: 46150 | I5: 4028
A6: A | B6: 2026 Automatic Robot ver | C6: US | D6: 105 | E6: Electronic Toy | F6: 123AB | G6: 15000 | H6: 46157 | I6: 20000
A7: B | B7: 2025 Barbie ver colorful | C7: US | D7: 55 | E7: Doll | F7: 123AB | G7: 15000 | H7: 46157 | I7: 2731
A8: B | B8: 2025 Barbie ver colorful | C8: US | D8: 55 | E8: Doll | F8: 123AB | G8: 15000 | H8: 46157 | I8: 2771
A9: C | B9: 2026 Castle & Farm Blocks | C9: UK | D9: 80 | E9: Building & Construction Toy | F9: 456CD | G9: 5000 | H9: 46157 | I9: 270
A10: C | B10: 2026 Castle & Farm Blocks | C10: UK | D10: 80 | E10: Building & Construction Toy | F10: 456CD | G10: 5000 | H10: 46157 | I10: 270
A11: C | B11: 2026 Castle & Farm Blocks | C11: UK | D11: 80 | E11: Building & Construction Toy | F11: 456CD | G11: 5000 | H11: 46157 | I11: 270
A12: C | B12: 2026 Castle & Farm Blocks | C12: UK | D12: 80 | E12: Building & Construction Toy | F12: 456CD | G12: 5000 | H12: 46157 | I12: 270
A13: C | B13: 2026 Castle & Farm Blocks | C13: UK | D13: 80 | E13: Building & Construction Toy | F13: 456CD | G13: 5000 | H13: 46157 | I13: 270
... A466: F | B466: 2025 Fantasy Spaceship Model DIY kits | C466: US | D466: 90 | E466: Arts & Crafts Toy | F466: 789EF | G466: 3000 | H466: 46381 | I466: 1928

Sheet Demand_
A1: Item name | B1: Des | C1: Market | D1: Price ($) | E1: Product group | F1: Fixture | G1: Weekly Capcity | H1: Shipment Request | I1: Demand Quantity | J1: week first day | K1: production day | L1: Total Demand by SKU-Week | M1: 46139
A2: A | B2: 2026 Automatic Robot ver | C2: US | D2: 105 | E2: Electronic Toy | F2: 123AB | G2: 15000 | H2: 46150 | I2: 684 | J2: =$M$1+7*INT((H2-$M$1)/7) -> 46146 | K2: =Table14[[#This Row],[week first day]]-7 -> 46139 | L2: =SUMIFS($I:$I,$A:$A,A2,J:J,J2) -> 684
A3: A | B3: 2026 Automatic Robot ver | C3: US | D3: 105 | E3: Electronic Toy | F3: 123AB | G3: 15000 | H3: 46157 | I3: 20000 | J3: =$M$1+7*INT((H3-$M$1)/7) -> 46153 | K3: =Table14[[#This Row],[week first day]]-7 -> 46146 | L3: =SUMIFS($I:$I,$A:$A,A3,J:J,J3) -> 20000
A4: A | B4: 2026 Automatic Robot ver | C4: US | D4: 105 | E4: Electronic Toy | F4: 123AB | G4: 15000 | H4: 46164 | I4: 15000 | J4: =$M$1+7*INT((H4-$M$1)/7) -> 46160 | K4: =Table14[[#This Row],[week first day]]-7 -> 46153 | L4: =SUMIFS($I:$I,$A:$A,A4,J:J,J4) -> 20000
A5: A | B5: 2026 Automatic Robot ver | C5: US | D5: 105 | E5: Electronic Toy | F5: 123AB | G5: 15000 | H5: 46164 | I5: 5000 | J5: =$M$1+7*INT((H5-$M$1)/7) -> 46160 | K5: =Table14[[#This Row],[week first day]]-7 -> 46153 | L5: =SUMIFS($I:$I,$A:$A,A5,J:J,J5) -> 20000
A6: A | B6: 2026 Automatic Robot ver | C6: US | D6: 105 | E6: Electronic Toy | F6: 123AB | G6: 15000 | H6: 46171 | I6: 11000 | J6: =$M$1+7*INT((H6-$M$1)/7) -> 46167 | K6: =Table14[[#This Row],[week first day]]-7 -> 46160 | L6: =SUMIFS($I:$I,$A:$A,A6,J:J,J6) -> 11000
A7: A | B7: 2026 Automatic Robot ver | C7: US | D7: 105 | E7: Electronic Toy | F7: 123AB | G7: 15000 | H7: 46178 | I7: 13000 | J7: =$M$1+7*INT((H7-$M$1)/7) -> 46174 | K7: =Table14[[#This Row],[week first day]]-7 -> 46167 | L7: =SUMIFS($I:$I,$A:$A,A7,J:J,J7) -> 13000
A8: A | B8: 2026 Automatic Robot ver | C8: US | D8: 105 | E8: Electronic Toy | F8: 123AB | G8: 15000 | H8: 46185 | I8: 13773 | J8: =$M$1+7*INT((H8-$M$1)/7) -> 46181 | K8: =Table14[[#This Row],[week first day]]-7 -> 46174 | L8: =SUMIFS($I:$I,$A:$A,A8,J:J,J8) -> 13773
A9: A | B9: 2026 Automatic Robot ver | C9: US | D9: 105 | E9: Electronic Toy | F9: 123AB | G9: 15000 | H9: 46192 | I9: 7058 | J9: =$M$1+7*INT((H9-$M$1)/7) -> 46188 | K9: =Table14[[#This Row],[week first day]]-7 -> 46181 | L9: =SUMIFS($I:$I,$A:$A,A9,J:J,J9) -> 7058
A10: A | B10: 2026 Automatic Robot ver | C10: US | D10: 105 | E10: Electronic Toy | F10: 123AB | G10: 15000 | H10: 46199 | I10: 2040 | J10: =$M$1+7*INT((H10-$M$1)/7) -> 46195 | K10: =Table14[[#This Row],[week first day]]-7 -> 46188 | L10: =SUMIFS($I:$I,$A:$A,A10,J:J,J10) -> 2040
A11: A | B11: 2026 Automatic Robot ver | C11: US | D11: 105 | E11: Electronic Toy | F11: 123AB | G11: 15000 | H11: 46206 | I11: 1500 | J11: =$M$1+7*INT((H11-$M$1)/7) -> 46202 | K11: =Table14[[#This Row],[week first day]]-7 -> 46195 | L11: =SUMIFS($I:$I,$A:$A,A11,J:J,J11) -> 3541
A12: A | B12: 2026 Automatic Robot ver | C12: US | D12: 105 | E12: Electronic Toy | F12: 123AB | G12: 15000 | H12: 46206 | I12: 2041 | J12: =$M$1+7*INT((H12-$M$1)/7) -> 46202 | K12: =Table14[[#This Row],[week first day]]-7 -> 46195 | L12: =SUMIFS($I:$I,$A:$A,A12,J:J,J12) -> 3541
A13: A | B13: 2026 Automatic Robot ver | C13: US | D13: 105 | E13: Electronic Toy | F13: 123AB | G13: 15000 | H13: 46213 | I13: 2041 | J13: =$M$1+7*INT((H13-$M$1)/7) -> 46209 | K13: =Table14[[#This Row],[week first day]]-7 -> 46202 | L13: =SUMIFS($I:$I,$A:$A,A13,J:J,J13) -> 12041
... A466: F | B466: 2025 Fantasy Spaceship Model DIY kits | C466: US | D466: 90 | E466: Arts & Crafts Toy | F466: 789EF | G466: 3000 | H466: 46381 | I466: 1928 | J466: =$M$1+7*INT((H466-$M$1)/7) -> 46377 | K466: =Table14[[#This Row],[week first day]]-7 -> 46370 | L466: =SUMIFS($I:$I,$A:$A,A466,J:J,J466) -> 1928

Sheet weekly_demand
A1: Item name | B1: market | C1: week first day | D1: Total Demand by SKU-Week | E1: carton | F1: volume
A2: {=_xlfn.UNIQUE(_xlfn.CHOOSECOLS(Demand_!A2:L466,1,3,11,12))} -> A | B2: US | C2: 46139 | D2: 684 | E2: =ROUNDUP(D2/_xlfn.XLOOKUP(A2,$J$3:$J$8,$L$3:$L$8),0) -> 171 | F2: =E2/100*_xlfn.XLOOKUP(A2,$J$3:$J$8,$M$3:$M$8) -> 1.71 | J2: Item name | K2: Des | L2: Packing size (pcs/ carton) | M2: CBM (100 cartons)
A3: A | B3: US | C3: 46146 | D3: 20000 | E3: =ROUNDUP(D3/_xlfn.XLOOKUP(A3,$J$3:$J$8,$L$3:$L$8),0) -> 5000 | F3: =E3/100*_xlfn.XLOOKUP(A3,$J$3:$J$8,$M$3:$M$8) -> 50 | J3: A | K3: 2026 Automatic Robot ver | L3: 4 | M3: 1
A4: A | B4: US | C4: 46153 | D4: 20000 | E4: =ROUNDUP(D4/_xlfn.XLOOKUP(A4,$J$3:$J$8,$L$3:$L$8),0) -> 5000 | F4: =E4/100*_xlfn.XLOOKUP(A4,$J$3:$J$8,$M$3:$M$8) -> 50 | J4: B | K4: 2025 Barbie ver colorful | L4: 4 | M4: 0.625
A5: A | B5: US | C5: 46160 | D5: 11000 | E5: =ROUNDUP(D5/_xlfn.XLOOKUP(A5,$J$3:$J$8,$L$3:$L$8),0) -> 2750 | F5: =E5/100*_xlfn.XLOOKUP(A5,$J$3:$J$8,$M$3:$M$8) -> 27.5 | J5: C | K5: 2026 Castle & Farm Blocks | L5: 2 | M5: 1
A6: A | B6: US | C6: 46167 | D6: 13000 | E6: =ROUNDUP(D6/_xlfn.XLOOKUP(A6,$J$3:$J$8,$L$3:$L$8),0) -> 3250 | F6: =E6/100*_xlfn.XLOOKUP(A6,$J$3:$J$8,$M$3:$M$8) -> 32.5 | J6: D | K6: 2026 Animal Animation Book | L6: 4 | M6: 0.625
A7: A | B7: US | C7: 46174 | D7: 13773 | E7: =ROUNDUP(D7/_xlfn.XLOOKUP(A7,$J$3:$J$8,$L$3:$L$8),0) -> 3444 | F7: =E7/100*_xlfn.XLOOKUP(A7,$J$3:$J$8,$M$3:$M$8) -> 34.44 | J7: E | K7: 2026 Scooter ver | L7: 2 | M7: 0.625
A8: A | B8: US | C8: 46181 | D8: 7058 | E8: =ROUNDUP(D8/_xlfn.XLOOKUP(A8,$J$3:$J$8,$L$3:$L$8),0) -> 1765 | F8: =E8/100*_xlfn.XLOOKUP(A8,$J$3:$J$8,$M$3:$M$8) -> 17.65 | J8: F | K8: 2025 Fantasy Spaceship Model DIY kits | L8: 8 | M8: 0.78125
A9: A | B9: US | C9: 46188 | D9: 2040 | E9: =ROUNDUP(D9/_xlfn.XLOOKUP(A9,$J$3:$J$8,$L$3:$L$8),0) -> 510 | F9: =E9/100*_xlfn.XLOOKUP(A9,$J$3:$J$8,$M$3:$M$8) -> 5.1
A10: A | B10: US | C10: 46195 | D10: 3541 | E10: =ROUNDUP(D10/_xlfn.XLOOKUP(A10,$J$3:$J$8,$L$3:$L$8),0) -> 886 | F10: =E10/100*_xlfn.XLOOKUP(A10,$J$3:$J$8,$M$3:$M$8) -> 8.86
A11: A | B11: US | C11: 46202 | D11: 12041 | E11: =ROUNDUP(D11/_xlfn.XLOOKUP(A11,$J$3:$J$8,$L$3:$L$8),0) -> 3011 | F11: =E11/100*_xlfn.XLOOKUP(A11,$J$3:$J$8,$M$3:$M$8) -> 30.11
A12: A | B12: US | C12: 46209 | D12: 12040 | E12: =ROUNDUP(D12/_xlfn.XLOOKUP(A12,$J$3:$J$8,$L$3:$L$8),0) -> 3010 | F12: =E12/100*_xlfn.XLOOKUP(A12,$J$3:$J$8,$M$3:$M$8) -> 30.1
A13: A | B13: US | C13: 46230 | D13: 27760 | E13: =ROUNDUP(D13/_xlfn.XLOOKUP(A13,$J$3:$J$8,$L$3:$L$8),0) -> 6940 | F13: =E13/100*_xlfn.XLOOKUP(A13,$J$3:$J$8,$M$3:$M$8) -> 69.4
A14: A | B14: US | C14: 46237 | D14: 26486 | E14: =ROUNDUP(D14/_xlfn.XLOOKUP(A14,$J$3:$J$8,$L$3:$L$8),0) -> 6622 | F14: =E14/100*_xlfn.XLOOKUP(A14,$J$3:$J$8,$M$3:$M$8) -> 66.22
A15: A | B15: US | C15: 46244 | D15: 4248 | E15: =ROUNDUP(D15/_xlfn.XLOOKUP(A15,$J$3:$J$8,$L$3:$L$8),0) -> 1062 | F15: =E15/100*_xlfn.XLOOKUP(A15,$J$3:$J$8,$M$3:$M$8) -> 10.62
A16: A | B16: US | C16: 46251 | D16: 4248 | E16: =ROUNDUP(D16/_xlfn.XLOOKUP(A16,$J$3:$J$8,$L$3:$L$8),0) -> 1062 | F16: =E16/100*_xlfn.XLOOKUP(A16,$J$3:$J$8,$M$3:$M$8) -> 10.62
A17: A | B17: US | C17: 46258 | D17: 4249 | E17: =ROUNDUP(D17/_xlfn.XLOOKUP(A17,$J$3:$J$8,$L$3:$L$8),0) -> 1063 | F17: =E17/100*_xlfn.XLOOKUP(A17,$J$3:$J$8,$M$3:$M$8) -> 10.63
A18: A | B18: US | C18: 46265 | D18: 4248 | E18: =ROUNDUP(D18/_xlfn.XLOOKUP(A18,$J$3:$J$8,$L$3:$L$8),0) -> 1062 | F18: =E18/100*_xlfn.XLOOKUP(A18,$J$3:$J$8,$M$3:$M$8) -> 10.62
A19: A | B19: US | C19: 46272 | D19: 2391 | E19: =ROUNDUP(D19/_xlfn.XLOOKUP(A19,$J$3:$J$8,$L$3:$L$8),0) -> 598 | F19: =E19/100*_xlfn.XLOOKUP(A19,$J$3:$J$8,$M$3:$M$8) -> 5.98
A20: A | B20: US | C20: 46279 | D20: 2392 | E20: =ROUNDUP(D20/_xlfn.XLOOKUP(A20,$J$3:$J$8,$L$3:$L$8),0) -> 598 | F20: =E20/100*_xlfn.XLOOKUP(A20,$J$3:$J$8,$M$3:$M$8) -> 5.98
... A172: F | B172: US | C172: 46370 | D172: 1928 | E172: =ROUNDUP(D172/_xlfn.XLOOKUP(A172,$J$3:$J$8,$L$3:$L$8),0) -> 241 | F172: =E172/100*_xlfn.XLOOKUP(A172,$J$3:$J$8,$M$3:$M$8) -> 1.8828125

Sheet demand_matrix
A1: Week | B1: A | C1: B | D1: C | E1: D | F1: E | G1: F
A2: 46132 | B2: =IF($A2="","",SUMIFS(weekly_demand!$D:$D,weekly_demand!$A:$A,B$1,weekly_demand!$C:$C,$A2)) -> 0 | C2: =IF($A2="","",SUMIFS(weekly_demand!$D:$D,weekly_demand!$A:$A,C$1,weekly_demand!$C:$C,$A2)) -> 0 | D2: =IF($A2="","",SUMIFS(weekly_demand!$D:$D,weekly_demand!$A:$A,D$1,weekly_demand!$C:$C,$A2)) -> 0 | E2: =IF($A2="","",SUMIFS(weekly_demand!$D:$D,weekly_demand!$A:$A,E$1,weekly_demand!$C:$C,$A2)) -> 0 | F2: =IF($A2="","",SUMIFS(weekly_demand!$D:$D,weekly_demand!$A:$A,F$1,weekly_demand!$C:$C,$A2)) -> 0 | G2: =IF($A2="","",SUMIFS(weekly_demand!$D:$D,weekly_demand!$A:$A,G$1,weekly_demand!$C:$C,$A2)) -> 588
A3: 46139 | B3: =IF($A3="","",SUMIFS(weekly_demand!$D:$D,weekly_demand!$A:$A,B$1,weekly_demand!$C:$C,$A3)) -> 684 | C3: =IF($A3="","",SUMIFS(weekly_demand!$D:$D,weekly_demand!$A:$A,C$1,weekly_demand!$C:$C,$A3)) -> 0 | D3: =IF($A3="","",SUMIFS(weekly_demand!$D:$D,weekly_demand!$A:$A,D$1,weekly_demand!$C:$C,$A3)) -> 0 | E3: =IF($A3="","",SUMIFS(weekly_demand!$D:$D,weekly_demand!$A:$A,E$1,weekly_demand!$C:$C,$A3)) -> 0 | F3: =IF($A3="","",SUMIFS(weekly_demand!$D:$D,weekly_demand!$A:$A,F$1,weekly_demand!$C:$C,$A3)) -> 472 | G3: =IF($A3="","",SUMIFS(weekly_demand!$D:$D,weekly_demand!$A:$A,G$1,weekly_demand!$C:$C,$A3)) -> 4028
A4: 46146 | B4: =IF($A4="","",SUMIFS(weekly_demand!$D:$D,weekly_demand!$A:$A,B$1,weekly_demand!$C:$C,$A4)) -> 20000 | C4: =IF($A4="","",SUMIFS(weekly_demand!$D:$D,weekly_demand!$A:$A,C$1,weekly_demand!$C:$C,$A4)) -> 5502 | D4: =IF($A4="","",SUMIFS(weekly_demand!$D:$D,weekly_demand!$A:$A,D$1,weekly_demand!$C:$C,$A4)) -> 4320 | E4: =IF($A4="","",SUMIFS(weekly_demand!$D:$D,weekly_demand!$A:$A,E$1,weekly_demand!$C:$C,$A4)) -> 2430 | F4: =IF($A4="","",SUMIFS(weekly_demand!$D:$D,weekly_demand!$A:$A,F$1,weekly_demand!$C:$C,$A4)) -> 300 | G4: =IF($A4="","",SUMIFS(weekly_demand!$D:$D,weekly_demand!$A:$A,G$1,weekly_demand!$C:$C,$A4)) -> 4200
A5: 46153 | B5: =IF($A5="","",SUMIFS(weekly_demand!$D:$D,weekly_demand!$A:$A,B$1,weekly_demand!$C:$C,$A5)) -> 20000 | C5: =IF($A5="","",SUMIFS(weekly_demand!$D:$D,weekly_demand!$A:$A,C$1,weekly_demand!$C:$C,$A5)) -> 15658 | D5: =IF($A5="","",SUMIFS(weekly_demand!$D:$D,weekly_demand!$A:$A,D$1,weekly_demand!$C:$C,$A5)) -> 8370 | E5: =IF($A5="","",SUMIFS(weekly_demand!$D:$D,weekly_demand!$A:$A,E$1,weekly_demand!$C:$C,$A5)) -> 9990 | F5: =IF($A5="","",SUMIFS(weekly_demand!$D:$D,weekly_demand!$A:$A,F$1,weekly_demand!$C:$C,$A5)) -> 698 | G5: =IF($A5="","",SUMIFS(weekly_demand!$D:$D,weekly_demand!$A:$A,G$1,weekly_demand!$C:$C,$A5)) -> 3802
A6: 46160 | B6: =IF($A6="","",SUMIFS(weekly_demand!$D:$D,weekly_demand!$A:$A,B$1,weekly_demand!$C:$C,$A6)) -> 11000 | C6: =IF($A6="","",SUMIFS(weekly_demand!$D:$D,weekly_demand!$A:$A,C$1,weekly_demand!$C:$C,$A6)) -> 8865 | D6: =IF($A6="","",SUMIFS(weekly_demand!$D:$D,weekly_demand!$A:$A,D$1,weekly_demand!$C:$C,$A6)) -> 11782 | E6: =IF($A6="","",SUMIFS(weekly_demand!$D:$D,weekly_demand!$A:$A,E$1,weekly_demand!$C:$C,$A6)) -> 5840 | F6: =IF($A6="","",SUMIFS(weekly_demand!$D:$D,weekly_demand!$A:$A,F$1,weekly_demand!$C:$C,$A6)) -> 0 | G6: =IF($A6="","",SUMIFS(weekly_demand!$D:$D,weekly_demand!$A:$A,G$1,weekly_demand!$C:$C,$A6)) -> 4500
A7: 46167 | B7: =IF($A7="","",SUMIFS(weekly_demand!$D:$D,weekly_demand!$A:$A,B$1,weekly_demand!$C:$C,$A7)) -> 13000 | C7: =IF($A7="","",SUMIFS(weekly_demand!$D:$D,weekly_demand!$A:$A,C$1,weekly_demand!$C:$C,$A7)) -> 2146 | D7: =IF($A7="","",SUMIFS(weekly_demand!$D:$D,weekly_demand!$A:$A,D$1,weekly_demand!$C:$C,$A7)) -> 10524 | E7: =IF($A7="","",SUMIFS(weekly_demand!$D:$D,weekly_demand!$A:$A,E$1,weekly_demand!$C:$C,$A7)) -> 8100 | F7: =IF($A7="","",SUMIFS(weekly_demand!$D:$D,weekly_demand!$A:$A,F$1,weekly_demand!$C:$C,$A7)) -> 300 | G7: =IF($A7="","",SUMIFS(weekly_demand!$D:$D,weekly_demand!$A:$A,G$1,weekly_demand!$C:$C,$A7)) -> 4200
A8: 46174 | B8: =IF($A8="","",SUMIFS(weekly_demand!$D:$D,weekly_demand!$A:$A,B$1,weekly_demand!$C:$C,$A8)) -> 13773 | C8: =IF($A8="","",SUMIFS(weekly_demand!$D:$D,weekly_demand!$A:$A,C$1,weekly_demand!$C:$C,$A8)) -> 7123 | D8: =IF($A8="","",SUMIFS(weekly_demand!$D:$D,weekly_demand!$A:$A,D$1,weekly_demand!$C:$C,$A8)) -> 3240 | E8: =IF($A8="","",SUMIFS(weekly_demand!$D:$D,weekly_demand!$A:$A,E$1,weekly_demand!$C:$C,$A8)) -> 1001 | F8: =IF($A8="","",SUMIFS(weekly_demand!$D:$D,weekly_demand!$A:$A,F$1,weekly_demand!$C:$C,$A8)) -> 0 | G8: =IF($A8="","",SUMIFS(weekly_demand!$D:$D,weekly_demand!$A:$A,G$1,weekly_demand!$C:$C,$A8)) -> 4500
A9: 46181 | B9: =IF($A9="","",SUMIFS(weekly_demand!$D:$D,weekly_demand!$A:$A,B$1,weekly_demand!$C:$C,$A9)) -> 7058 | C9: =IF($A9="","",SUMIFS(weekly_demand!$D:$D,weekly_demand!$A:$A,C$1,weekly_demand!$C:$C,$A9)) -> 5309 | D9: =IF($A9="","",SUMIFS(weekly_demand!$D:$D,weekly_demand!$A:$A,D$1,weekly_demand!$C:$C,$A9)) -> 6442 | E9: =IF($A9="","",SUMIFS(weekly_demand!$D:$D,weekly_demand!$A:$A,E$1,weekly_demand!$C:$C,$A9)) -> 2471 | F9: =IF($A9="","",SUMIFS(weekly_demand!$D:$D,weekly_demand!$A:$A,F$1,weekly_demand!$C:$C,$A9)) -> 0 | G9: =IF($A9="","",SUMIFS(weekly_demand!$D:$D,weekly_demand!$A:$A,G$1,weekly_demand!$C:$C,$A9)) -> 4500
A10: 46188 | B10: =IF($A10="","",SUMIFS(weekly_demand!$D:$D,weekly_demand!$A:$A,B$1,weekly_demand!$C:$C,$A10)) -> 2040 | C10: =IF($A10="","",SUMIFS(weekly_demand!$D:$D,weekly_demand!$A:$A,C$1,weekly_demand!$C:$C,$A10)) -> 5309 | D10: =IF($A10="","",SUMIFS(weekly_demand!$D:$D,weekly_demand!$A:$A,D$1,weekly_demand!$C:$C,$A10)) -> 8802 | E10: =IF($A10="","",SUMIFS(weekly_demand!$D:$D,weekly_demand!$A:$A,E$1,weekly_demand!$C:$C,$A10)) -> 3458 | F10: =IF($A10="","",SUMIFS(weekly_demand!$D:$D,weekly_demand!$A:$A,F$1,weekly_demand!$C:$C,$A10)) -> 300 | G10: =IF($A10="","",SUMIFS(weekly_demand!$D:$D,weekly_demand!$A:$A,G$1,weekly_demand!$C:$C,$A10)) -> 2200
A11: 46195 | B11: =IF($A11="","",SUMIFS(weekly_demand!$D:$D,weekly_demand!$A:$A,B$1,weekly_demand!$C:$C,$A11)) -> 3541 | C11: =IF($A11="","",SUMIFS(weekly_demand!$D:$D,weekly_demand!$A:$A,C$1,weekly_demand!$C:$C,$A11)) -> 3000 | D11: =IF($A11="","",SUMIFS(weekly_demand!$D:$D,weekly_demand!$A:$A,D$1,weekly_demand!$C:$C,$A11)) -> 7695 | E11: =IF($A11="","",SUMIFS(weekly_demand!$D:$D,weekly_demand!$A:$A,E$1,weekly_demand!$C:$C,$A11)) -> 500 | F11: =IF($A11="","",SUMIFS(weekly_demand!$D:$D,weekly_demand!$A:$A,F$1,weekly_demand!$C:$C,$A11)) -> 0 | G11: =IF($A11="","",SUMIFS(weekly_demand!$D:$D,weekly_demand!$A:$A,G$1,weekly_demand!$C:$C,$A11)) -> 5000
A12: 46202 | B12: =IF($A12="","",SUMIFS(weekly_demand!$D:$D,weekly_demand!$A:$A,B$1,weekly_demand!$C:$C,$A12)) -> 12041 | C12: =IF($A12="","",SUMIFS(weekly_demand!$D:$D,weekly_demand!$A:$A,C$1,weekly_demand!$C:$C,$A12)) -> 3000 | D12: =IF($A12="","",SUMIFS(weekly_demand!$D:$D,weekly_demand!$A:$A,D$1,weekly_demand!$C:$C,$A12)) -> 2500 | E12: =IF($A12="","",SUMIFS(weekly_demand!$D:$D,weekly_demand!$A:$A,E$1,weekly_demand!$C:$C,$A12)) -> 500 | F12: =IF($A12="","",SUMIFS(weekly_demand!$D:$D,weekly_demand!$A:$A,F$1,weekly_demand!$C:$C,$A12)) -> 700 | G12: =IF($A12="","",SUMIFS(weekly_demand!$D:$D,weekly_demand!$A:$A,G$1,weekly_demand!$C:$C,$A12)) -> 4300
A13: 46209 | B13: =IF($A13="","",SUMIFS(weekly_demand!$D:$D,weekly_demand!$A:$A,B$1,weekly_demand!$C:$C,$A13)) -> 12040 | C13: =IF($A13="","",SUMIFS(weekly_demand!$D:$D,weekly_demand!$A:$A,C$1,weekly_demand!$C:$C,$A13)) -> 3000 | D13: =IF($A13="","",SUMIFS(weekly_demand!$D:$D,weekly_demand!$A:$A,D$1,weekly_demand!$C:$C,$A13)) -> 2500 | E13: =IF($A13="","",SUMIFS(weekly_demand!$D:$D,weekly_demand!$A:$A,E$1,weekly_demand!$C:$C,$A13)) -> 500 | F13: =IF($A13="","",SUMIFS(weekly_demand!$D:$D,weekly_demand!$A:$A,F$1,weekly_demand!$C:$C,$A13)) -> 300 | G13: =IF($A13="","",SUMIFS(weekly_demand!$D:$D,weekly_demand!$A:$A,G$1,weekly_demand!$C:$C,$A13)) -> 4700
... A36: 46370 | B36: =IF($A36="","",SUMIFS(weekly_demand!$D:$D,weekly_demand!$A:$A,B$1,weekly_demand!$C:$C,$A36)) -> 8325 | C36: =IF($A36="","",SUMIFS(weekly_demand!$D:$D,weekly_demand!$A:$A,C$1,weekly_demand!$C:$C,$A36)) -> 6250 | D36: =IF($A36="","",SUMIFS(weekly_demand!$D:$D,weekly_demand!$A:$A,D$1,weekly_demand!$C:$C,$A36)) -> 3000 | E36: =IF($A36="","",SUMIFS(weekly_demand!$D:$D,weekly_demand!$A:$A,E$1,weekly_demand!$C:$C,$A36)) -> 1250 | F36: =IF($A36="","",SUMIFS(weekly_demand!$D:$D,weekly_demand!$A:$A,F$1,weekly_demand!$C:$C,$A36)) -> 0 | G36: =IF($A36="","",SUMIFS(weekly_demand!$D:$D,weekly_demand!$A:$A,G$1,weekly_demand!$C:$C,$A36)) -> 1928
B37: =IF($A37="","",SUMIFS([1]weekly_demand!$D:$D,[1]weekly_demand!$A:$A,B$1,[1]weekly_demand!$C:$C,$A37)) | C37: =IF($A37="","",SUMIFS([1]weekly_demand!$D:$D,[1]weekly_demand!$A:$A,C$1,[1]weekly_demand!$C:$C,$A37)) | D37: =IF($A37="","",SUMIFS([1]weekly_demand!$D:$D,[1]weekly_demand!$A:$A,D$1,[1]weekly_demand!$C:$C,$A37)) | E37: =IF($A37="","",SUMIFS([1]weekly_demand!$D:$D,[1]weekly_demand!$A:$A,E$1,[1]weekly_demand!$C:$C,$A37)) | F37: =IF($A37="","",SUMIFS([1]weekly_demand!$D:$D,[1]weekly_demand!$A:$A,F$1,[1]weekly_demand!$C:$C,$A37)) | G37: =IF($A37="","",SUMIFS([1]weekly_demand!$D:$D,[1]weekly_demand!$A:$A,G$1,[1]weekly_demand!$C:$C,$A37))
B38: =IF($A38="","",SUMIFS([1]weekly_demand!$D:$D,[1]weekly_demand!$A:$A,B$1,[1]weekly_demand!$C:$C,$A38)) | C38: =IF($A38="","",SUMIFS([1]weekly_demand!$D:$D,[1]weekly_demand!$A:$A,C$1,[1]weekly_demand!$C:$C,$A38)) | D38: =IF($A38="","",SUMIFS([1]weekly_demand!$D:$D,[1]weekly_demand!$A:$A,D$1,[1]weekly_demand!$C:$C,$A38)) | E38: =IF($A38="","",SUMIFS([1]weekly_demand!$D:$D,[1]weekly_demand!$A:$A,E$1,[1]weekly_demand!$C:$C,$A38)) | F38: =IF($A38="","",SUMIFS([1]weekly_demand!$D:$D,[1]weekly_demand!$A:$A,F$1,[1]weekly_demand!$C:$C,$A38)) | G38: =IF($A38="","",SUMIFS([1]weekly_demand!$D:$D,[1]weekly_demand!$A:$A,G$1,[1]weekly_demand!$C:$C,$A38))
B39: =IF($A39="","",SUMIFS([1]weekly_demand!$D:$D,[1]weekly_demand!$A:$A,B$1,[1]weekly_demand!$C:$C,$A39)) | C39: =IF($A39="","",SUMIFS([1]weekly_demand!$D:$D,[1]weekly_demand!$A:$A,C$1,[1]weekly_demand!$C:$C,$A39)) | D39: =IF($A39="","",SUMIFS([1]weekly_demand!$D:$D,[1]weekly_demand!$A:$A,D$1,[1]weekly_demand!$C:$C,$A39)) | E39: =IF($A39="","",SUMIFS([1]weekly_demand!$D:$D,[1]weekly_demand!$A:$A,E$1,[1]weekly_demand!$C:$C,$A39)) | F39: =IF($A39="","",SUMIFS([1]weekly_demand!$D:$D,[1]weekly_demand!$A:$A,F$1,[1]weekly_demand!$C:$C,$A39)) | G39: =IF($A39="","",SUMIFS([1]weekly_demand!$D:$D,[1]weekly_demand!$A:$A,G$1,[1]weekly_demand!$C:$C,$A39))
B40: =IF($A40="","",SUMIFS([1]weekly_demand!$D:$D,[1]weekly_demand!$A:$A,B$1,[1]weekly_demand!$C:$C,$A40)) | C40: =IF($A40="","",SUMIFS([1]weekly_demand!$D:$D,[1]weekly_demand!$A:$A,C$1,[1]weekly_demand!$C:$C,$A40)) | D40: =IF($A40="","",SUMIFS([1]weekly_demand!$D:$D,[1]weekly_demand!$A:$A,D$1,[1]weekly_demand!$C:$C,$A40)) | E40: =IF($A40="","",SUMIFS([1]weekly_demand!$D:$D,[1]weekly_demand!$A:$A,E$1,[1]weekly_demand!$C:$C,$A40)) | F40: =IF($A40="","",SUMIFS([1]weekly_demand!$D:$D,[1]weekly_demand!$A:$A,F$1,[1]weekly_demand!$C:$C,$A40)) | G40: =IF($A40="","",SUMIFS([1]weekly_demand!$D:$D,[1]weekly_demand!$A:$A,G$1,[1]weekly_demand!$C:$C,$A40))
B41: =IF($A41="","",SUMIFS([1]weekly_demand!$D:$D,[1]weekly_demand!$A:$A,B$1,[1]weekly_demand!$C:$C,$A41)) | C41: =IF($A41="","",SUMIFS([1]weekly_demand!$D:$D,[1]weekly_demand!$A:$A,C$1,[1]weekly_demand!$C:$C,$A41)) | D41: =IF($A41="","",SUMIFS([1]weekly_demand!$D:$D,[1]weekly_demand!$A:$A,D$1,[1]weekly_demand!$C:$C,$A41)) | E41: =IF($A41="","",SUMIFS([1]weekly_demand!$D:$D,[1]weekly_demand!$A:$A,E$1,[1]weekly_demand!$C:$C,$A41)) | F41: =IF($A41="","",SUMIFS([1]weekly_demand!$D:$D,[1]weekly_demand!$A:$A,F$1,[1]weekly_demand!$C:$C,$A41)) | G41: =IF($A41="","",SUMIFS([1]weekly_demand!$D:$D,[1]weekly_demand!$A:$A,G$1,[1]weekly_demand!$C:$C,$A41))
B42: =IF($A42="","",SUMIFS([1]weekly_demand!$D:$D,[1]weekly_demand!$A:$A,B$1,[1]weekly_demand!$C:$C,$A42)) | C42: =IF($A42="","",SUMIFS([1]weekly_demand!$D:$D,[1]weekly_demand!$A:$A,C$1,[1]weekly_demand!$C:$C,$A42)) | D42: =IF($A42="","",SUMIFS([1]weekly_demand!$D:$D,[1]weekly_demand!$A:$A,D$1,[1]weekly_demand!$C:$C,$A42)) | E42: =IF($A42="","",SUMIFS([1]weekly_demand!$D:$D,[1]weekly_demand!$A:$A,E$1,[1]weekly_demand!$C:$C,$A42)) | F42: =IF($A42="","",SUMIFS([1]weekly_demand!$D:$D,[1]weekly_demand!$A:$A,F$1,[1]weekly_demand!$C:$C,$A42)) | G42: =IF($A42="","",SUMIFS([1]weekly_demand!$D:$D,[1]weekly_demand!$A:$A,G$1,[1]weekly_demand!$C:$C,$A42))
B43: =IF($A43="","",SUMIFS([1]weekly_demand!$D:$D,[1]weekly_demand!$A:$A,B$1,[1]weekly_demand!$C:$C,$A43)) | C43: =IF($A43="","",SUMIFS([1]weekly_demand!$D:$D,[1]weekly_demand!$A:$A,C$1,[1]weekly_demand!$C:$C,$A43)) | D43: =IF($A43="","",SUMIFS([1]weekly_demand!$D:$D,[1]weekly_demand!$A:$A,D$1,[1]weekly_demand!$C:$C,$A43)) | E43: =IF($A43="","",SUMIFS([1]weekly_demand!$D:$D,[1]weekly_demand!$A:$A,E$1,[1]weekly_demand!$C:$C,$A43)) | F43: =IF($A43="","",SUMIFS([1]weekly_demand!$D:$D,[1]weekly_demand!$A:$A,F$1,[1]weekly_demand!$C:$C,$A43)) | G43: =IF($A43="","",SUMIFS([1]weekly_demand!$D:$D,[1]weekly_demand!$A:$A,G$1,[1]weekly_demand!$C:$C,$A43))
B44: =IF($A44="","",SUMIFS([1]weekly_demand!$D:$D,[1]weekly_demand!$A:$A,B$1,[1]weekly_demand!$C:$C,$A44)) | C44: =IF($A44="","",SUMIFS([1]weekly_demand!$D:$D,[1]weekly_demand!$A:$A,C$1,[1]weekly_demand!$C:$C,$A44)) | D44: =IF($A44="","",SUMIFS([1]weekly_demand!$D:$D,[1]weekly_demand!$A:$A,D$1,[1]weekly_demand!$C:$C,$A44)) | E44: =IF($A44="","",SUMIFS([1]weekly_demand!$D:$D,[1]weekly_demand!$A:$A,E$1,[1]weekly_demand!$C:$C,$A44)) | F44: =IF($A44="","",SUMIFS([1]weekly_demand!$D:$D,[1]weekly_demand!$A:$A,F$1,[1]weekly_demand!$C:$C,$A44)) | G44: =IF($A44="","",SUMIFS([1]weekly_demand!$D:$D,[1]weekly_demand!$A:$A,G$1,[1]weekly_demand!$C:$C,$A44))
B45: =IF($A45="","",SUMIFS([1]weekly_demand!$D:$D,[1]weekly_demand!$A:$A,B$1,[1]weekly_demand!$C:$C,$A45)) | C45: =IF($A45="","",SUMIFS([1]weekly_demand!$D:$D,[1]weekly_demand!$A:$A,C$1,[1]weekly_demand!$C:$C,$A45)) | D45: =IF($A45="","",SUMIFS([1]weekly_demand!$D:$D,[1]weekly_demand!$A:$A,D$1,[1]weekly_demand!$C:$C,$A45)) | E45: =IF($A45="","",SUMIFS([1]weekly_demand!$D:$D,[1]weekly_demand!$A:$A,E$1,[1]weekly_demand!$C:$C,$A45)) | F45: =IF($A45="","",SUMIFS([1]weekly_demand!$D:$D,[1]weekly_demand!$A:$A,F$1,[1]weekly_demand!$C:$C,$A45)) | G45: =IF($A45="","",SUMIFS([1]weekly_demand!$D:$D,[1]weekly_demand!$A:$A,G$1,[1]weekly_demand!$C:$C,$A45))
B46: =IF($A46="","",SUMIFS([1]weekly_demand!$D:$D,[1]weekly_demand!$A:$A,B$1,[1]weekly_demand!$C:$C,$A46)) | C46: =IF($A46="","",SUMIFS([1]weekly_demand!$D:$D,[1]weekly_demand!$A:$A,C$1,[1]weekly_demand!$C:$C,$A46)) | D46: =IF($A46="","",SUMIFS([1]weekly_demand!$D:$D,[1]weekly_demand!$A:$A,D$1,[1]weekly_demand!$C:$C,$A46)) | E46: =IF($A46="","",SUMIFS([1]weekly_demand!$D:$D,[1]weekly_demand!$A:$A,E$1,[1]weekly_demand!$C:$C,$A46)) | F46: =IF($A46="","",SUMIFS([1]weekly_demand!$D:$D,[1]weekly_demand!$A:$A,F$1,[1]weekly_demand!$C:$C,$A46)) | G46: =IF($A46="","",SUMIFS([1]weekly_demand!$D:$D,[1]weekly_demand!$A:$A,G$1,[1]weekly_demand!$C:$C,$A46))
B47: =IF($A47="","",SUMIFS([1]weekly_demand!$D:$D,[1]weekly_demand!$A:$A,B$1,[1]weekly_demand!$C:$C,$A47)) | C47: =IF($A47="","",SUMIFS([1]weekly_demand!$D:$D,[1]weekly_demand!$A:$A,C$1,[1]weekly_demand!$C:$C,$A47)) | D47: =IF($A47="","",SUMIFS([1]weekly_demand!$D:$D,[1]weekly_demand!$A:$A,D$1,[1]weekly_demand!$C:$C,$A47)) | E47: =IF($A47="","",SUMIFS([1]weekly_demand!$D:$D,[1]weekly_demand!$A:$A,E$1,[1]weekly_demand!$C:$C,$A47)) | F47: =IF($A47="","",SUMIFS([1]weekly_demand!$D:$D,[1]weekly_demand!$A:$A,F$1,[1]weekly_demand!$C:$C,$A47)) | G47: =IF($A47="","",SUMIFS([1]weekly_demand!$D:$D,[1]weekly_demand!$A:$A,G$1,[1]weekly_demand!$C:$C,$A47))
B48: =IF($A48="","",SUMIFS([1]weekly_demand!$D:$D,[1]weekly_demand!$A:$A,B$1,[1]weekly_demand!$C:$C,$A48)) | C48: =IF($A48="","",SUMIFS([1]weekly_demand!$D:$D,[1]weekly_demand!$A:$A,C$1,[1]weekly_demand!$C:$C,$A48)) | D48: =IF($A48="","",SUMIFS([1]weekly_demand!$D:$D,[1]weekly_demand!$A:$A,D$1,[1]weekly_demand!$C:$C,$A48)) | E48: =IF($A48="","",SUMIFS([1]weekly_demand!$D:$D,[1]weekly_demand!$A:$A,E$1,[1]weekly_demand!$C:$C,$A48)) | F48: =IF($A48="","",SUMIFS([1]weekly_demand!$D:$D,[1]weekly_demand!$A:$A,F$1,[1]weekly_demand!$C:$C,$A48)) | G48: =IF($A48="","",SUMIFS([1]weekly_demand!$D:$D,[1]weekly_demand!$A:$A,G$1,[1]weekly_demand!$C:$C,$A48))
... B200: =IF($A200="","",SUMIFS([1]weekly_demand!$D:$D,[1]weekly_demand!$A:$A,B$1,[1]weekly_demand!$C:$C,$A200)) | C200: =IF($A200="","",SUMIFS([1]weekly_demand!$D:$D,[1]weekly_demand!$A:$A,C$1,[1]weekly_demand!$C:$C,$A200)) | D200: =IF($A200="","",SUMIFS([1]weekly_demand!$D:$D,[1]weekly_demand!$A:$A,D$1,[1]weekly_demand!$C:$C,$A200)) | E200: =IF($A200="","",SUMIFS([1]weekly_demand!$D:$D,[1]weekly_demand!$A:$A,E$1,[1]weekly_demand!$C:$C,$A200)) | F200: =IF($A200="","",SUMIFS([1]weekly_demand!$D:$D,[1]weekly_demand!$A:$A,F$1,[1]weekly_demand!$C:$C,$A200)) | G200: =IF($A200="","",SUMIFS([1]weekly_demand!$D:$D,[1]weekly_demand!$A:$A,G$1,[1]weekly_demand!$C:$C,$A200))

Sheet MPS
A1: SKU | B1: Fixture | C1: Week | D1: Weekly Capacity | E1: Total Demand | F1: Beginning FG Inv | G1: Storage Cap | H1: Carryover Needed | I1: Net Required | J1: Planned Production | K1: Ending FG Inv | L1: Shortage | M1: ATP | N1: Capacity Load % | O1: Planner Note | Q1: SKU | R1: Opening FG | S1: Storage Cap | U1: Logic
A2: {=_xlfn.UNIQUE(_xlfn.CHOOSECOLS(Demand_!A2:L466,1,6,11,7,12))} -> A | B2: 123AB | C2: 46139 | D2: 15000 | E2: 684 | F2: =IF($A2="","",IF($A2<>$A1,_xlfn.XLOOKUP($A2,$Q$2:$Q$7,$R$2:$R$7,0),K1)) -> 0 | G2: =IF($A2="","",_xlfn.XLOOKUP($A2,$Q$2:$Q$7,$S$2:$S$7,0)) -> 15000 | H2: =IF($A2="","",IF($A2<>$A3,0,MAX(0,H3+E3-D3))) -> 10000 | I2: =IF($A2="","",MAX(0,E2+H2-F2)) -> 10684 | J2: =IF($A2="","",MIN($D2,$I2,MAX(0,$E2+$G2-$F2))) -> 10684 | K2: =IF($A2="","",MIN($G2,MAX(0,$F2+$J2-$E2))) -> 10000 | L2: =IF($A2="","",MAX(0,E2-F2-J2)) -> 0 | M2: =IF($A2="","",MAX(0,F2+J2-E2)) -> 10000 | N2: =IF($A2="","",IFERROR(J2/D2,0)) -> 0.71226667 | Q2: A | R2: 0 | S2: 15000 | U2: Carryover Needed = lượng tồn phải build trước để cover tuần sau bị quá tải.
A3: A | B3: 123AB | C3: 46146 | D3: 15000 | E3: 20000 | F3: =IF($A3="","",IF($A3<>$A2,_xlfn.XLOOKUP($A3,$Q$2:$Q$7,$R$2:$R$7,0),K2)) -> 10000 | G3: =IF($A3="","",_xlfn.XLOOKUP($A3,$Q$2:$Q$7,$S$2:$S$7,0)) -> 15000 | H3: =IF($A3="","",IF($A3<>$A4,0,MAX(0,H4+E4-D4))) -> 5000 | I3: =IF($A3="","",MAX(0,E3+H3-F3)) -> 15000 | J3: =IF($A3="","",MIN($D3,$I3,MAX(0,$E3+$G3-$F3))) -> 15000 | K3: =IF($A3="","",MIN($G3,MAX(0,$F3+$J3-$E3))) -> 5000 | L3: =IF($A3="","",MAX(0,E3-F3-J3)) -> 0 | M3: =IF($A3="","",MAX(0,F3+J3-E3)) -> 5000 | N3: =IF($A3="","",IFERROR(J3/D3,0)) -> 1 | Q3: B | R3: 0 | S3: 15000 | U3: Nếu Fixture_Capacity_Input có dữ liệu cho fixture-week, MPS sẽ dùng capacity đó.
A4: A | B4: 123AB | C4: 46153 | D4: 15000 | E4: 20000 | F4: =IF($A4="","",IF($A4<>$A3,_xlfn.XLOOKUP($A4,$Q$2:$Q$7,$R$2:$R$7,0),K3)) -> 5000 | G4: =IF($A4="","",_xlfn.XLOOKUP($A4,$Q$2:$Q$7,$S$2:$S$7,0)) -> 15000 | H4: =IF($A4="","",IF($A4<>$A5,0,MAX(0,H5+E5-D5))) -> 0 | I4: =IF($A4="","",MAX(0,E4+H4-F4)) -> 15000 | J4: =IF($A4="","",MIN($D4,$I4,MAX(0,$E4+$G4-$F4))) -> 15000 | K4: =IF($A4="","",MIN($G4,MAX(0,$F4+$J4-$E4))) -> 0 | L4: =IF($A4="","",MAX(0,E4-F4-J4)) -> 0 | M4: =IF($A4="","",MAX(0,F4+J4-E4)) -> 0 | N4: =IF($A4="","",IFERROR(J4/D4,0)) -> 1 | Q4: C | R4: 0 | S4: 5000 | U4: Nếu Fixture_Capacity_Input trống, MPS dùng Weekly Capacity từ weekly_demand.
A5: A | B5: 123AB | C5: 46160 | D5: 15000 | E5: 11000 | F5: =IF($A5="","",IF($A5<>$A4,_xlfn.XLOOKUP($A5,$Q$2:$Q$7,$R$2:$R$7,0),K4)) -> 0 | G5: =IF($A5="","",_xlfn.XLOOKUP($A5,$Q$2:$Q$7,$S$2:$S$7,0)) -> 15000 | H5: =IF($A5="","",IF($A5<>$A6,0,MAX(0,H6+E6-D6))) -> 0 | I5: =IF($A5="","",MAX(0,E5+H5-F5)) -> 11000 | J5: =IF($A5="","",MIN($D5,$I5,MAX(0,$E5+$G5-$F5))) -> 11000 | K5: =IF($A5="","",MIN($G5,MAX(0,$F5+$J5-$E5))) -> 0 | L5: =IF($A5="","",MAX(0,E5-F5-J5)) -> 0 | M5: =IF($A5="","",MAX(0,F5+J5-E5)) -> 0 | N5: =IF($A5="","",IFERROR(J5/D5,0)) -> 0.73333333 | Q5: D | R5: 0 | S5: 5000
A6: A | B6: 123AB | C6: 46167 | D6: 15000 | E6: 13000 | F6: =IF($A6="","",IF($A6<>$A5,_xlfn.XLOOKUP($A6,$Q$2:$Q$7,$R$2:$R$7,0),K5)) -> 0 | G6: =IF($A6="","",_xlfn.XLOOKUP($A6,$Q$2:$Q$7,$S$2:$S$7,0)) -> 15000 | H6: =IF($A6="","",IF($A6<>$A7,0,MAX(0,H7+E7-D7))) -> 0 | I6: =IF($A6="","",MAX(0,E6+H6-F6)) -> 13000 | J6: =IF($A6="","",MIN($D6,$I6,MAX(0,$E6+$G6-$F6))) -> 13000 | K6: =IF($A6="","",MIN($G6,MAX(0,$F6+$J6-$E6))) -> 0 | L6: =IF($A6="","",MAX(0,E6-F6-J6)) -> 0 | M6: =IF($A6="","",MAX(0,F6+J6-E6)) -> 0 | N6: =IF($A6="","",IFERROR(J6/D6,0)) -> 0.86666667 | Q6: E | R6: 0 | S6: 3000
A7: A | B7: 123AB | C7: 46174 | D7: 15000 | E7: 13773 | F7: =IF($A7="","",IF($A7<>$A6,_xlfn.XLOOKUP($A7,$Q$2:$Q$7,$R$2:$R$7,0),K6)) -> 0 | G7: =IF($A7="","",_xlfn.XLOOKUP($A7,$Q$2:$Q$7,$S$2:$S$7,0)) -> 15000 | H7: =IF($A7="","",IF($A7<>$A8,0,MAX(0,H8+E8-D8))) -> 0 | I7: =IF($A7="","",MAX(0,E7+H7-F7)) -> 13773 | J7: =IF($A7="","",MIN($D7,$I7,MAX(0,$E7+$G7-$F7))) -> 13773 | K7: =IF($A7="","",MIN($G7,MAX(0,$F7+$J7-$E7))) -> 0 | L7: =IF($A7="","",MAX(0,E7-F7-J7)) -> 0 | M7: =IF($A7="","",MAX(0,F7+J7-E7)) -> 0 | N7: =IF($A7="","",IFERROR(J7/D7,0)) -> 0.9182 | Q7: F | R7: 0 | S7: 3000
A8: A | B8: 123AB | C8: 46181 | D8: 15000 | E8: 7058 | F8: =IF($A8="","",IF($A8<>$A7,_xlfn.XLOOKUP($A8,$Q$2:$Q$7,$R$2:$R$7,0),K7)) -> 0 | G8: =IF($A8="","",_xlfn.XLOOKUP($A8,$Q$2:$Q$7,$S$2:$S$7,0)) -> 15000 | H8: =IF($A8="","",IF($A8<>$A9,0,MAX(0,H9+E9-D9))) -> 0 | I8: =IF($A8="","",MAX(0,E8+H8-F8)) -> 7058 | J8: =IF($A8="","",MIN($D8,$I8,MAX(0,$E8+$G8-$F8))) -> 7058 | K8: =IF($A8="","",MIN($G8,MAX(0,$F8+$J8-$E8))) -> 0 | L8: =IF($A8="","",MAX(0,E8-F8-J8)) -> 0 | M8: =IF($A8="","",MAX(0,F8+J8-E8)) -> 0 | N8: =IF($A8="","",IFERROR(J8/D8,0)) -> 0.47053333
A9: A | B9: 123AB | C9: 46188 | D9: 15000 | E9: 2040 | F9: =IF($A9="","",IF($A9<>$A8,_xlfn.XLOOKUP($A9,$Q$2:$Q$7,$R$2:$R$7,0),K8)) -> 0 | G9: =IF($A9="","",_xlfn.XLOOKUP($A9,$Q$2:$Q$7,$S$2:$S$7,0)) -> 15000 | H9: =IF($A9="","",IF($A9<>$A10,0,MAX(0,H10+E10-D10))) -> 6868 | I9: =IF($A9="","",MAX(0,E9+H9-F9)) -> 8908 | J9: =IF($A9="","",MIN($D9,$I9,MAX(0,$E9+$G9-$F9))) -> 8908 | K9: =IF($A9="","",MIN($G9,MAX(0,$F9+$J9-$E9))) -> 6868 | L9: =IF($A9="","",MAX(0,E9-F9-J9)) -> 0 | M9: =IF($A9="","",MAX(0,F9+J9-E9)) -> 6868 | N9: =IF($A9="","",IFERROR(J9/D9,0)) -> 0.59386667
A10: A | B10: 123AB | C10: 46195 | D10: 15000 | E10: 3541 | F10: =IF($A10="","",IF($A10<>$A9,_xlfn.XLOOKUP($A10,$Q$2:$Q$7,$R$2:$R$7,0),K9)) -> 6868 | G10: =IF($A10="","",_xlfn.XLOOKUP($A10,$Q$2:$Q$7,$S$2:$S$7,0)) -> 15000 | H10: =IF($A10="","",IF($A10<>$A11,0,MAX(0,H11+E11-D11))) -> 18327 | I10: =IF($A10="","",MAX(0,E10+H10-F10)) -> 15000 | J10: =IF($A10="","",MIN($D10,$I10,MAX(0,$E10+$G10-$F10))) -> 11673 | K10: =IF($A10="","",MIN($G10,MAX(0,$F10+$J10-$E10))) -> 15000 | L10: =IF($A10="","",MAX(0,E10-F10-J10)) -> 0 | M10: =IF($A10="","",MAX(0,F10+J10-E10)) -> 15000 | N10: =IF($A10="","",IFERROR(J10/D10,0)) -> 0.7782
A11: A | B11: 123AB | C11: 46202 | D11: 15000 | E11: 12041 | F11: =IF($A11="","",IF($A11<>$A10,_xlfn.XLOOKUP($A11,$Q$2:$Q$7,$R$2:$R$7,0),K10)) -> 15000 | G11: =IF($A11="","",_xlfn.XLOOKUP($A11,$Q$2:$Q$7,$S$2:$S$7,0)) -> 15000 | H11: =IF($A11="","",IF($A11<>$A12,0,MAX(0,H12+E12-D12))) -> 21286 | I11: =IF($A11="","",MAX(0,E11+H11-F11)) -> 18327 | J11: =IF($A11="","",MIN($D11,$I11,MAX(0,$E11+$G11-$F11))) -> 12041 | K11: =IF($A11="","",MIN($G11,MAX(0,$F11+$J11-$E11))) -> 15000 | L11: =IF($A11="","",MAX(0,E11-F11-J11)) -> 0 | M11: =IF($A11="","",MAX(0,F11+J11-E11)) -> 15000 | N11: =IF($A11="","",IFERROR(J11/D11,0)) -> 0.80273333
A12: A | B12: 123AB | C12: 46209 | D12: 15000 | E12: 12040 | F12: =IF($A12="","",IF($A12<>$A11,_xlfn.XLOOKUP($A12,$Q$2:$Q$7,$R$2:$R$7,0),K11)) -> 15000 | G12: =IF($A12="","",_xlfn.XLOOKUP($A12,$Q$2:$Q$7,$S$2:$S$7,0)) -> 15000 | H12: =IF($A12="","",IF($A12<>$A13,0,MAX(0,H13+E13-D13))) -> 24246 | I12: =IF($A12="","",MAX(0,E12+H12-F12)) -> 21286 | J12: =IF($A12="","",MIN($D12,$I12,MAX(0,$E12+$G12-$F12))) -> 12040 | K12: =IF($A12="","",MIN($G12,MAX(0,$F12+$J12-$E12))) -> 15000 | L12: =IF($A12="","",MAX(0,E12-F12-J12)) -> 0 | M12: =IF($A12="","",MAX(0,F12+J12-E12)) -> 15000 | N12: =IF($A12="","",IFERROR(J12/D12,0)) -> 0.80266667
A13: A | B13: 123AB | C13: 46230 | D13: 15000 | E13: 27760 | F13: =IF($A13="","",IF($A13<>$A12,_xlfn.XLOOKUP($A13,$Q$2:$Q$7,$R$2:$R$7,0),K12)) -> 15000 | G13: =IF($A13="","",_xlfn.XLOOKUP($A13,$Q$2:$Q$7,$S$2:$S$7,0)) -> 15000 | H13: =IF($A13="","",IF($A13<>$A14,0,MAX(0,H14+E14-D14))) -> 11486 | I13: =IF($A13="","",MAX(0,E13+H13-F13)) -> 24246 | J13: =IF($A13="","",MIN($D13,$I13,MAX(0,$E13+$G13-$F13))) -> 15000 | K13: =IF($A13="","",MIN($G13,MAX(0,$F13+$J13-$E13))) -> 2240 | L13: =IF($A13="","",MAX(0,E13-F13-J13)) -> 0 | M13: =IF($A13="","",MAX(0,F13+J13-E13)) -> 2240 | N13: =IF($A13="","",IFERROR(J13/D13,0)) -> 1
A14: A | B14: 123AB | C14: 46237 | D14: 15000 | E14: 26486 | F14: =IF($A14="","",IF($A14<>$A13,_xlfn.XLOOKUP($A14,$Q$2:$Q$7,$R$2:$R$7,0),K13)) -> 2240 | G14: =IF($A14="","",_xlfn.XLOOKUP($A14,$Q$2:$Q$7,$S$2:$S$7,0)) -> 15000 | H14: =IF($A14="","",IF($A14<>$A15,0,MAX(0,H15+E15-D15))) -> 0 | I14: =IF($A14="","",MAX(0,E14+H14-F14)) -> 24246 | J14: =IF($A14="","",MIN($D14,$I14,MAX(0,$E14+$G14-$F14))) -> 15000 | K14: =IF($A14="","",MIN($G14,MAX(0,$F14+$J14-$E14))) -> 0 | L14: =IF($A14="","",MAX(0,E14-F14-J14)) -> 9246 | M14: =IF($A14="","",MAX(0,F14+J14-E14)) -> 0 | N14: =IF($A14="","",IFERROR(J14/D14,0)) -> 1
A15: A | B15: 123AB | C15: 46244 | D15: 15000 | E15: 4248 | F15: =IF($A15="","",IF($A15<>$A14,_xlfn.XLOOKUP($A15,$Q$2:$Q$7,$R$2:$R$7,0),K14)) -> 0 | G15: =IF($A15="","",_xlfn.XLOOKUP($A15,$Q$2:$Q$7,$S$2:$S$7,0)) -> 15000 | H15: =IF($A15="","",IF($A15<>$A16,0,MAX(0,H16+E16-D16))) -> 0 | I15: =IF($A15="","",MAX(0,E15+H15-F15)) -> 4248 | J15: =IF($A15="","",MIN($D15,$I15,MAX(0,$E15+$G15-$F15))) -> 4248 | K15: =IF($A15="","",MIN($G15,MAX(0,$F15+$J15-$E15))) -> 0 | L15: =IF($A15="","",MAX(0,E15-F15-J15)) -> 0 | M15: =IF($A15="","",MAX(0,F15+J15-E15)) -> 0 | N15: =IF($A15="","",IFERROR(J15/D15,0)) -> 0.2832
A16: A | B16: 123AB | C16: 46251 | D16: 15000 | E16: 4248 | F16: =IF($A16="","",IF($A16<>$A15,_xlfn.XLOOKUP($A16,$Q$2:$Q$7,$R$2:$R$7,0),K15)) -> 0 | G16: =IF($A16="","",_xlfn.XLOOKUP($A16,$Q$2:$Q$7,$S$2:$S$7,0)) -> 15000 | H16: =IF($A16="","",IF($A16<>$A17,0,MAX(0,H17+E17-D17))) -> 0 | I16: =IF($A16="","",MAX(0,E16+H16-F16)) -> 4248 | J16: =IF($A16="","",MIN($D16,$I16,MAX(0,$E16+$G16-$F16))) -> 4248 | K16: =IF($A16="","",MIN($G16,MAX(0,$F16+$J16-$E16))) -> 0 | L16: =IF($A16="","",MAX(0,E16-F16-J16)) -> 0 | M16: =IF($A16="","",MAX(0,F16+J16-E16)) -> 0 | N16: =IF($A16="","",IFERROR(J16/D16,0)) -> 0.2832
A17: A | B17: 123AB | C17: 46258 | D17: 15000 | E17: 4249 | F17: =IF($A17="","",IF($A17<>$A16,_xlfn.XLOOKUP($A17,$Q$2:$Q$7,$R$2:$R$7,0),K16)) -> 0 | G17: =IF($A17="","",_xlfn.XLOOKUP($A17,$Q$2:$Q$7,$S$2:$S$7,0)) -> 15000 | H17: =IF($A17="","",IF($A17<>$A18,0,MAX(0,H18+E18-D18))) -> 0 | I17: =IF($A17="","",MAX(0,E17+H17-F17)) -> 4249 | J17: =IF($A17="","",MIN($D17,$I17,MAX(0,$E17+$G17-$F17))) -> 4249 | K17: =IF($A17="","",MIN($G17,MAX(0,$F17+$J17-$E17))) -> 0 | L17: =IF($A17="","",MAX(0,E17-F17-J17)) -> 0 | M17: =IF($A17="","",MAX(0,F17+J17-E17)) -> 0 | N17: =IF($A17="","",IFERROR(J17/D17,0)) -> 0.28326667
A18: A | B18: 123AB | C18: 46265 | D18: 15000 | E18: 4248 | F18: =IF($A18="","",IF($A18<>$A17,_xlfn.XLOOKUP($A18,$Q$2:$Q$7,$R$2:$R$7,0),K17)) -> 0 | G18: =IF($A18="","",_xlfn.XLOOKUP($A18,$Q$2:$Q$7,$S$2:$S$7,0)) -> 15000 | H18: =IF($A18="","",IF($A18<>$A19,0,MAX(0,H19+E19-D19))) -> 0 | I18: =IF($A18="","",MAX(0,E18+H18-F18)) -> 4248 | J18: =IF($A18="","",MIN($D18,$I18,MAX(0,$E18+$G18-$F18))) -> 4248 | K18: =IF($A18="","",MIN($G18,MAX(0,$F18+$J18-$E18))) -> 0 | L18: =IF($A18="","",MAX(0,E18-F18-J18)) -> 0 | M18: =IF($A18="","",MAX(0,F18+J18-E18)) -> 0 | N18: =IF($A18="","",IFERROR(J18/D18,0)) -> 0.2832
A19: A | B19: 123AB | C19: 46272 | D19: 15000 | E19: 2391 | F19: =IF($A19="","",IF($A19<>$A18,_xlfn.XLOOKUP($A19,$Q$2:$Q$7,$R$2:$R$7,0),K18)) -> 0 | G19: =IF($A19="","",_xlfn.XLOOKUP($A19,$Q$2:$Q$7,$S$2:$S$7,0)) -> 15000 | H19: =IF($A19="","",IF($A19<>$A20,0,MAX(0,H20+E20-D20))) -> 0 | I19: =IF($A19="","",MAX(0,E19+H19-F19)) -> 2391 | J19: =IF($A19="","",MIN($D19,$I19,MAX(0,$E19+$G19-$F19))) -> 2391 | K19: =IF($A19="","",MIN($G19,MAX(0,$F19+$J19-$E19))) -> 0 | L19: =IF($A19="","",MAX(0,E19-F19-J19)) -> 0 | M19: =IF($A19="","",MAX(0,F19+J19-E19)) -> 0 | N19: =IF($A19="","",IFERROR(J19/D19,0)) -> 0.1594
... A172: F | B172: 789EF | C172: 46370 | D172: 3000 | E172: 1928 | F172: =IF($A172="","",IF($A172<>$A171,_xlfn.XLOOKUP($A172,$Q$2:$Q$7,$R$2:$R$7,0),K171)) -> 0 | G172: =IF($A172="","",_xlfn.XLOOKUP($A172,$Q$2:$Q$7,$S$2:$S$7,0)) -> 3000 | H172: =IF($A172="","",IF($A172<>$A173,0,MAX(0,H173+E173-D173))) -> 0 | I172: =IF($A172="","",MAX(0,E172+H172-F172)) -> 1928 | J172: =IF($A172="","",MIN($D172,$I172,MAX(0,$E172+$G172-$F172))) -> 1928 | K172: =IF($A172="","",MIN($G172,MAX(0,$F172+$J172-$E172))) -> 0 | L172: =IF($A172="","",MAX(0,E172-F172-J172)) -> 0 | M172: =IF($A172="","",MAX(0,F172+J172-E172)) -> 0 | N172: =IF($A172="","",IFERROR(J172/D172,0)) -> 0.64266667
F173: =IF($A173="","",IF($A173<>$A172,_xlfn.XLOOKUP($A173,$Q$2:$Q$7,$R$2:$R$7,0),K172)) | G173: =IF($A173="","",_xlfn.XLOOKUP($A173,$Q$2:$Q$7,$S$2:$S$7,0)) | H173: =IF($A173="","",IF($A173<>$A174,0,MAX(0,H174+E174-D174))) | I173: =IF($A173="","",MAX(0,E173+H173-F173)) | J173: =IF($A173="","",MIN($D173,$I173,MAX(0,$E173+$G173-$F173))) | K173: =IF($A173="","",MIN($G173,MAX(0,$F173+$J173-$E173))) | L173: =IF($A173="","",MAX(0,E173-F173-J173)) | M173: =IF($A173="","",MAX(0,F173+J173-E173)) | N173: =IF($A173="","",IFERROR(J173/D173,0))
F174: =IF($A174="","",IF($A174<>$A173,_xlfn.XLOOKUP($A174,$Q$2:$Q$7,$R$2:$R$7,0),K173)) | G174: =IF($A174="","",_xlfn.XLOOKUP($A174,$Q$2:$Q$7,$S$2:$S$7,0)) | H174: =IF($A174="","",IF($A174<>$A175,0,MAX(0,H175+E175-D175))) | I174: =IF($A174="","",MAX(0,E174+H174-F174)) | J174: =IF($A174="","",MIN($D174,$I174,MAX(0,$E174+$G174-$F174))) | K174: =IF($A174="","",MIN($G174,MAX(0,$F174+$J174-$E174))) | L174: =IF($A174="","",MAX(0,E174-F174-J174)) | M174: =IF($A174="","",MAX(0,F174+J174-E174)) | N174: =IF($A174="","",IFERROR(J174/D174,0))
F175: =IF($A175="","",IF($A175<>$A174,_xlfn.XLOOKUP($A175,$Q$2:$Q$7,$R$2:$R$7,0),K174)) | G175: =IF($A175="","",_xlfn.XLOOKUP($A175,$Q$2:$Q$7,$S$2:$S$7,0)) | H175: =IF($A175="","",IF($A175<>$A176,0,MAX(0,H176+E176-D176))) | I175: =IF($A175="","",MAX(0,E175+H175-F175)) | J175: =IF($A175="","",MIN($D175,$I175,MAX(0,$E175+$G175-$F175))) | K175: =IF($A175="","",MIN($G175,MAX(0,$F175+$J175-$E175))) | L175: =IF($A175="","",MAX(0,E175-F175-J175)) | M175: =IF($A175="","",MAX(0,F175+J175-E175)) | N175: =IF($A175="","",IFERROR(J175/D175,0))
F176: =IF($A176="","",IF($A176<>$A175,_xlfn.XLOOKUP($A176,$Q$2:$Q$7,$R$2:$R$7,0),K175)) | G176: =IF($A176="","",_xlfn.XLOOKUP($A176,$Q$2:$Q$7,$S$2:$S$7,0)) | H176: =IF($A176="","",IF($A176<>$A177,0,MAX(0,H177+E177-D177))) | I176: =IF($A176="","",MAX(0,E176+H176-F176)) | J176: =IF($A176="","",MIN($D176,$I176,MAX(0,$E176+$G176-$F176))) | K176: =IF($A176="","",MIN($G176,MAX(0,$F176+$J176-$E176))) | L176: =IF($A176="","",MAX(0,E176-F176-J176)) | M176: =IF($A176="","",MAX(0,F176+J176-E176)) | N176: =IF($A176="","",IFERROR(J176/D176,0))
F177: =IF($A177="","",IF($A177<>$A176,_xlfn.XLOOKUP($A177,$Q$2:$Q$7,$R$2:$R$7,0),K176)) | G177: =IF($A177="","",_xlfn.XLOOKUP($A177,$Q$2:$Q$7,$S$2:$S$7,0)) | H177: =IF($A177="","",IF($A177<>$A178,0,MAX(0,H178+E178-D178))) | I177: =IF($A177="","",MAX(0,E177+H177-F177)) | J177: =IF($A177="","",MIN($D177,$I177,MAX(0,$E177+$G177-$F177))) | K177: =IF($A177="","",MIN($G177,MAX(0,$F177+$J177-$E177))) | L177: =IF($A177="","",MAX(0,E177-F177-J177)) | M177: =IF($A177="","",MAX(0,F177+J177-E177)) | N177: =IF($A177="","",IFERROR(J177/D177,0))
F178: =IF($A178="","",IF($A178<>$A177,_xlfn.XLOOKUP($A178,$Q$2:$Q$7,$R$2:$R$7,0),K177)) | G178: =IF($A178="","",_xlfn.XLOOKUP($A178,$Q$2:$Q$7,$S$2:$S$7,0)) | H178: =IF($A178="","",IF($A178<>$A179,0,MAX(0,H179+E179-D179))) | I178: =IF($A178="","",MAX(0,E178+H178-F178)) | J178: =IF($A178="","",MIN($D178,$I178,MAX(0,$E178+$G178-$F178))) | K178: =IF($A178="","",MIN($G178,MAX(0,$F178+$J178-$E178))) | L178: =IF($A178="","",MAX(0,E178-F178-J178)) | M178: =IF($A178="","",MAX(0,F178+J178-E178)) | N178: =IF($A178="","",IFERROR(J178/D178,0))
F179: =IF($A179="","",IF($A179<>$A178,_xlfn.XLOOKUP($A179,$Q$2:$Q$7,$R$2:$R$7,0),K178)) | G179: =IF($A179="","",_xlfn.XLOOKUP($A179,$Q$2:$Q$7,$S$2:$S$7,0)) | H179: =IF($A179="","",IF($A179<>$A180,0,MAX(0,H180+E180-D180))) | I179: =IF($A179="","",MAX(0,E179+H179-F179)) | J179: =IF($A179="","",MIN($D179,$I179,MAX(0,$E179+$G179-$F179))) | K179: =IF($A179="","",MIN($G179,MAX(0,$F179+$J179-$E179))) | L179: =IF($A179="","",MAX(0,E179-F179-J179)) | M179: =IF($A179="","",MAX(0,F179+J179-E179)) | N179: =IF($A179="","",IFERROR(J179/D179,0))
F180: =IF($A180="","",IF($A180<>$A179,_xlfn.XLOOKUP($A180,$Q$2:$Q$7,$R$2:$R$7,0),K179)) | G180: =IF($A180="","",_xlfn.XLOOKUP($A180,$Q$2:$Q$7,$S$2:$S$7,0)) | H180: =IF($A180="","",IF($A180<>$A181,0,MAX(0,H181+E181-D181))) | I180: =IF($A180="","",MAX(0,E180+H180-F180)) | J180: =IF($A180="","",MIN($D180,$I180,MAX(0,$E180+$G180-$F180))) | K180: =IF($A180="","",MIN($G180,MAX(0,$F180+$J180-$E180))) | L180: =IF($A180="","",MAX(0,E180-F180-J180)) | M180: =IF($A180="","",MAX(0,F180+J180-E180)) | N180: =IF($A180="","",IFERROR(J180/D180,0))
F181: =IF($A181="","",IF($A181<>$A180,_xlfn.XLOOKUP($A181,$Q$2:$Q$7,$R$2:$R$7,0),K180)) | G181: =IF($A181="","",_xlfn.XLOOKUP($A181,$Q$2:$Q$7,$S$2:$S$7,0)) | H181: =IF($A181="","",IF($A181<>$A182,0,MAX(0,H182+E182-D182))) | I181: =IF($A181="","",MAX(0,E181+H181-F181)) | J181: =IF($A181="","",MIN($D181,$I181,MAX(0,$E181+$G181-$F181))) | K181: =IF($A181="","",MIN($G181,MAX(0,$F181+$J181-$E181))) | L181: =IF($A181="","",MAX(0,E181-F181-J181)) | M181: =IF($A181="","",MAX(0,F181+J181-E181)) | N181: =IF($A181="","",IFERROR(J181/D181,0))
F182: =IF($A182="","",IF($A182<>$A181,_xlfn.XLOOKUP($A182,$Q$2:$Q$7,$R$2:$R$7,0),K181)) | G182: =IF($A182="","",_xlfn.XLOOKUP($A182,$Q$2:$Q$7,$S$2:$S$7,0)) | H182: =IF($A182="","",IF($A182<>$A183,0,MAX(0,H183+E183-D183))) | I182: =IF($A182="","",MAX(0,E182+H182-F182)) | J182: =IF($A182="","",MIN($D182,$I182,MAX(0,$E182+$G182-$F182))) | K182: =IF($A182="","",MIN($G182,MAX(0,$F182+$J182-$E182))) | L182: =IF($A182="","",MAX(0,E182-F182-J182)) | M182: =IF($A182="","",MAX(0,F182+J182-E182)) | N182: =IF($A182="","",IFERROR(J182/D182,0))
F183: =IF($A183="","",IF($A183<>$A182,_xlfn.XLOOKUP($A183,$Q$2:$Q$7,$R$2:$R$7,0),K182)) | G183: =IF($A183="","",_xlfn.XLOOKUP($A183,$Q$2:$Q$7,$S$2:$S$7,0)) | H183: =IF($A183="","",IF($A183<>$A184,0,MAX(0,H184+E184-D184))) | I183: =IF($A183="","",MAX(0,E183+H183-F183)) | J183: =IF($A183="","",MIN($D183,$I183,MAX(0,$E183+$G183-$F183))) | K183: =IF($A183="","",MIN($G183,MAX(0,$F183+$J183-$E183))) | L183: =IF($A183="","",MAX(0,E183-F183-J183)) | M183: =IF($A183="","",MAX(0,F183+J183-E183)) | N183: =IF($A183="","",IFERROR(J183/D183,0))
F184: =IF($A184="","",IF($A184<>$A183,_xlfn.XLOOKUP($A184,$Q$2:$Q$7,$R$2:$R$7,0),K183)) | G184: =IF($A184="","",_xlfn.XLOOKUP($A184,$Q$2:$Q$7,$S$2:$S$7,0)) | H184: =IF($A184="","",IF($A184<>$A185,0,MAX(0,H185+E185-D185))) | I184: =IF($A184="","",MAX(0,E184+H184-F184)) | J184: =IF($A184="","",MIN($D184,$I184,MAX(0,$E184+$G184-$F184))) | K184: =IF($A184="","",MIN($G184,MAX(0,$F184+$J184-$E184))) | L184: =IF($A184="","",MAX(0,E184-F184-J184)) | M184: =IF($A184="","",MAX(0,F184+J184-E184)) | N184: =IF($A184="","",IFERROR(J184/D184,0))
... F255: =IF($A255="","",IF($A255<>$A254,_xlfn.XLOOKUP($A255,$Q$2:$Q$7,$R$2:$R$7,0),K254)) | G255: =IF($A255="","",_xlfn.XLOOKUP($A255,$Q$2:$Q$7,$S$2:$S$7,0)) | H255: =IF($A255="","",IF($A255<>$A256,0,MAX(0,H256+E256-D256))) | I255: =IF($A255="","",MAX(0,E255+H255-F255)) | J255: =IF($A255="","",MIN($D255,$I255,MAX(0,$E255+$G255-$F255))) | K255: =IF($A255="","",MIN($G255,MAX(0,$F255+$J255-$E255))) | L255: =IF($A255="","",MAX(0,E255-F255-J255)) | M255: =IF($A255="","",MAX(0,F255+J255-E255)) | N255: =IF($A255="","",IFERROR(J255/D255,0))
A256: =IF([2]weekly_demand!A257="","",[2]weekly_demand!A257) | B256: =IF($A256="","",[2]weekly_demand!F257) | C256: =IF($A256="","",[2]weekly_demand!H257) | D256: =IF($A256="","",IF(SUMIFS([2]Fixture_Capacity_Input!$C:$C,[2]Fixture_Capacity_Input!$A:$A,$B256,[2]Fixture_Capacity_Input!$B:$B,$C256)>0,SUMIFS([2]Fixture_Capacity_Input!$C:$C,[2]Fixture_Capacity_Input!$A:$A,$B256,[2]Fixture_Capacity_Input!$B:$B,$C256),[2]weekly_demand!G257)) | E256: =IF($A256="","",[2]weekly_demand!I257) | F256: =IF($A256="","",IF($A256<>$A255,_xlfn.XLOOKUP($A256,$Q$2:$Q$7,$R$2:$R$7,0),K255)) | G256: =IF($A256="","",_xlfn.XLOOKUP($A256,$Q$2:$Q$7,$S$2:$S$7,0)) | H256: =IF($A256="","",IF($A256<>$A257,0,MAX(0,H257+E257-D257))) | I256: =IF($A256="","",MAX(0,E256+H256-F256)) | J256: =IF($A256="","",MIN($D256,$I256,MAX(0,$E256+$G256-$F256))) | K256: =IF($A256="","",MIN($G256,MAX(0,$F256+$J256-$E256))) | L256: =IF($A256="","",MAX(0,E256-F256-J256)) | M256: =IF($A256="","",MAX(0,F256+J256-E256)) | N256: =IF($A256="","",IFERROR(J256/D256,0))
A257: =IF([2]weekly_demand!A258="","",[2]weekly_demand!A258) | B257: =IF($A257="","",[2]weekly_demand!F258) | C257: =IF($A257="","",[2]weekly_demand!H258) | D257: =IF($A257="","",IF(SUMIFS([2]Fixture_Capacity_Input!$C:$C,[2]Fixture_Capacity_Input!$A:$A,$B257,[2]Fixture_Capacity_Input!$B:$B,$C257)>0,SUMIFS([2]Fixture_Capacity_Input!$C:$C,[2]Fixture_Capacity_Input!$A:$A,$B257,[2]Fixture_Capacity_Input!$B:$B,$C257),[2]weekly_demand!G258)) | E257: =IF($A257="","",[2]weekly_demand!I258) | F257: =IF($A257="","",IF($A257<>$A256,_xlfn.XLOOKUP($A257,$Q$2:$Q$7,$R$2:$R$7,0),K256)) | G257: =IF($A257="","",_xlfn.XLOOKUP($A257,$Q$2:$Q$7,$S$2:$S$7,0)) | H257: =IF($A257="","",IF($A257<>$A258,0,MAX(0,H258+E258-D258))) | I257: =IF($A257="","",MAX(0,E257+H257-F257)) | J257: =IF($A257="","",MIN($D257,$I257,MAX(0,$E257+$G257-$F257))) | K257: =IF($A257="","",MIN($G257,MAX(0,$F257+$J257-$E257))) | L257: =IF($A257="","",MAX(0,E257-F257-J257)) | M257: =IF($A257="","",MAX(0,F257+J257-E257)) | N257: =IF($A257="","",IFERROR(J257/D257,0))
A258: =IF([2]weekly_demand!A259="","",[2]weekly_demand!A259) | B258: =IF($A258="","",[2]weekly_demand!F259) | C258: =IF($A258="","",[2]weekly_demand!H259) | D258: =IF($A258="","",IF(SUMIFS([2]Fixture_Capacity_Input!$C:$C,[2]Fixture_Capacity_Input!$A:$A,$B258,[2]Fixture_Capacity_Input!$B:$B,$C258)>0,SUMIFS([2]Fixture_Capacity_Input!$C:$C,[2]Fixture_Capacity_Input!$A:$A,$B258,[2]Fixture_Capacity_Input!$B:$B,$C258),[2]weekly_demand!G259)) | E258: =IF($A258="","",[2]weekly_demand!I259) | F258: =IF($A258="","",IF($A258<>$A257,_xlfn.XLOOKUP($A258,$Q$2:$Q$7,$R$2:$R$7,0),K257)) | G258: =IF($A258="","",_xlfn.XLOOKUP($A258,$Q$2:$Q$7,$S$2:$S$7,0)) | H258: =IF($A258="","",IF($A258<>$A259,0,MAX(0,H259+E259-D259))) | I258: =IF($A258="","",MAX(0,E258+H258-F258)) | J258: =IF($A258="","",MIN($D258,$I258,MAX(0,$E258+$G258-$F258))) | K258: =IF($A258="","",MIN($G258,MAX(0,$F258+$J258-$E258))) | L258: =IF($A258="","",MAX(0,E258-F258-J258)) | M258: =IF($A258="","",MAX(0,F258+J258-E258)) | N258: =IF($A258="","",IFERROR(J258/D258,0))
A259: =IF([2]weekly_demand!A260="","",[2]weekly_demand!A260) | B259: =IF($A259="","",[2]weekly_demand!F260) | C259: =IF($A259="","",[2]weekly_demand!H260) | D259: =IF($A259="","",IF(SUMIFS([2]Fixture_Capacity_Input!$C:$C,[2]Fixture_Capacity_Input!$A:$A,$B259,[2]Fixture_Capacity_Input!$B:$B,$C259)>0,SUMIFS([2]Fixture_Capacity_Input!$C:$C,[2]Fixture_Capacity_Input!$A:$A,$B259,[2]Fixture_Capacity_Input!$B:$B,$C259),[2]weekly_demand!G260)) | E259: =IF($A259="","",[2]weekly_demand!I260) | F259: =IF($A259="","",IF($A259<>$A258,_xlfn.XLOOKUP($A259,$Q$2:$Q$7,$R$2:$R$7,0),K258)) | G259: =IF($A259="","",_xlfn.XLOOKUP($A259,$Q$2:$Q$7,$S$2:$S$7,0)) | H259: =IF($A259="","",IF($A259<>$A260,0,MAX(0,H260+E260-D260))) | I259: =IF($A259="","",MAX(0,E259+H259-F259)) | J259: =IF($A259="","",MIN($D259,$I259,MAX(0,$E259+$G259-$F259))) | K259: =IF($A259="","",MIN($G259,MAX(0,$F259+$J259-$E259))) | L259: =IF($A259="","",MAX(0,E259-F259-J259)) | M259: =IF($A259="","",MAX(0,F259+J259-E259)) | N259: =IF($A259="","",IFERROR(J259/D259,0))
A260: =IF([2]weekly_demand!A261="","",[2]weekly_demand!A261) | B260: =IF($A260="","",[2]weekly_demand!F261) | C260: =IF($A260="","",[2]weekly_demand!H261) | D260: =IF($A260="","",IF(SUMIFS([2]Fixture_Capacity_Input!$C:$C,[2]Fixture_Capacity_Input!$A:$A,$B260,[2]Fixture_Capacity_Input!$B:$B,$C260)>0,SUMIFS([2]Fixture_Capacity_Input!$C:$C,[2]Fixture_Capacity_Input!$A:$A,$B260,[2]Fixture_Capacity_Input!$B:$B,$C260),[2]weekly_demand!G261)) | E260: =IF($A260="","",[2]weekly_demand!I261) | F260: =IF($A260="","",IF($A260<>$A259,_xlfn.XLOOKUP($A260,$Q$2:$Q$7,$R$2:$R$7,0),K259)) | G260: =IF($A260="","",_xlfn.XLOOKUP($A260,$Q$2:$Q$7,$S$2:$S$7,0)) | H260: =IF($A260="","",IF($A260<>$A261,0,MAX(0,H261+E261-D261))) | I260: =IF($A260="","",MAX(0,E260+H260-F260)) | J260: =IF($A260="","",MIN($D260,$I260,MAX(0,$E260+$G260-$F260))) | K260: =IF($A260="","",MIN($G260,MAX(0,$F260+$J260-$E260))) | L260: =IF($A260="","",MAX(0,E260-F260-J260)) | M260: =IF($A260="","",MAX(0,F260+J260-E260)) | N260: =IF($A260="","",IFERROR(J260/D260,0))
A261: =IF([2]weekly_demand!A262="","",[2]weekly_demand!A262) | B261: =IF($A261="","",[2]weekly_demand!F262) | C261: =IF($A261="","",[2]weekly_demand!H262) | D261: =IF($A261="","",IF(SUMIFS([2]Fixture_Capacity_Input!$C:$C,[2]Fixture_Capacity_Input!$A:$A,$B261,[2]Fixture_Capacity_Input!$B:$B,$C261)>0,SUMIFS([2]Fixture_Capacity_Input!$C:$C,[2]Fixture_Capacity_Input!$A:$A,$B261,[2]Fixture_Capacity_Input!$B:$B,$C261),[2]weekly_demand!G262)) | E261: =IF($A261="","",[2]weekly_demand!I262) | F261: =IF($A261="","",IF($A261<>$A260,_xlfn.XLOOKUP($A261,$Q$2:$Q$7,$R$2:$R$7,0),K260)) | G261: =IF($A261="","",_xlfn.XLOOKUP($A261,$Q$2:$Q$7,$S$2:$S$7,0)) | H261: =IF($A261="","",IF($A261<>$A262,0,MAX(0,H262+E262-D262))) | I261: =IF($A261="","",MAX(0,E261+H261-F261)) | J261: =IF($A261="","",MIN($D261,$I261,MAX(0,$E261+$G261-$F261))) | K261: =IF($A261="","",MIN($G261,MAX(0,$F261+$J261-$E261))) | L261: =IF($A261="","",MAX(0,E261-F261-J261)) | M261: =IF($A261="","",MAX(0,F261+J261-E261)) | N261: =IF($A261="","",IFERROR(J261/D261,0))
A262: =IF([2]weekly_demand!A263="","",[2]weekly_demand!A263) | B262: =IF($A262="","",[2]weekly_demand!F263) | C262: =IF($A262="","",[2]weekly_demand!H263) | D262: =IF($A262="","",IF(SUMIFS([2]Fixture_Capacity_Input!$C:$C,[2]Fixture_Capacity_Input!$A:$A,$B262,[2]Fixture_Capacity_Input!$B:$B,$C262)>0,SUMIFS([2]Fixture_Capacity_Input!$C:$C,[2]Fixture_Capacity_Input!$A:$A,$B262,[2]Fixture_Capacity_Input!$B:$B,$C262),[2]weekly_demand!G263)) | E262: =IF($A262="","",[2]weekly_demand!I263) | F262: =IF($A262="","",IF($A262<>$A261,_xlfn.XLOOKUP($A262,$Q$2:$Q$7,$R$2:$R$7,0),K261)) | G262: =IF($A262="","",_xlfn.XLOOKUP($A262,$Q$2:$Q$7,$S$2:$S$7,0)) | H262: =IF($A262="","",IF($A262<>$A263,0,MAX(0,H263+E263-D263))) | I262: =IF($A262="","",MAX(0,E262+H262-F262)) | J262: =IF($A262="","",MIN($D262,$I262,MAX(0,$E262+$G262-$F262))) | K262: =IF($A262="","",MIN($G262,MAX(0,$F262+$J262-$E262))) | L262: =IF($A262="","",MAX(0,E262-F262-J262)) | M262: =IF($A262="","",MAX(0,F262+J262-E262)) | N262: =IF($A262="","",IFERROR(J262/D262,0))
A263: =IF([2]weekly_demand!A264="","",[2]weekly_demand!A264) | B263: =IF($A263="","",[2]weekly_demand!F264) | C263: =IF($A263="","",[2]weekly_demand!H264) | D263: =IF($A263="","",IF(SUMIFS([2]Fixture_Capacity_Input!$C:$C,[2]Fixture_Capacity_Input!$A:$A,$B263,[2]Fixture_Capacity_Input!$B:$B,$C263)>0,SUMIFS([2]Fixture_Capacity_Input!$C:$C,[2]Fixture_Capacity_Input!$A:$A,$B263,[2]Fixture_Capacity_Input!$B:$B,$C263),[2]weekly_demand!G264)) | E263: =IF($A263="","",[2]weekly_demand!I264) | F263: =IF($A263="","",IF($A263<>$A262,_xlfn.XLOOKUP($A263,$Q$2:$Q$7,$R$2:$R$7,0),K262)) | G263: =IF($A263="","",_xlfn.XLOOKUP($A263,$Q$2:$Q$7,$S$2:$S$7,0)) | H263: =IF($A263="","",IF($A263<>$A264,0,MAX(0,H264+E264-D264))) | I263: =IF($A263="","",MAX(0,E263+H263-F263)) | J263: =IF($A263="","",MIN($D263,$I263,MAX(0,$E263+$G263-$F263))) | K263: =IF($A263="","",MIN($G263,MAX(0,$F263+$J263-$E263))) | L263: =IF($A263="","",MAX(0,E263-F263-J263)) | M263: =IF($A263="","",MAX(0,F263+J263-E263)) | N263: =IF($A263="","",IFERROR(J263/D263,0))
A264: =IF([2]weekly_demand!A265="","",[2]weekly_demand!A265) | B264: =IF($A264="","",[2]weekly_demand!F265) | C264: =IF($A264="","",[2]weekly_demand!H265) | D264: =IF($A264="","",IF(SUMIFS([2]Fixture_Capacity_Input!$C:$C,[2]Fixture_Capacity_Input!$A:$A,$B264,[2]Fixture_Capacity_Input!$B:$B,$C264)>0,SUMIFS([2]Fixture_Capacity_Input!$C:$C,[2]Fixture_Capacity_Input!$A:$A,$B264,[2]Fixture_Capacity_Input!$B:$B,$C264),[2]weekly_demand!G265)) | E264: =IF($A264="","",[2]weekly_demand!I265) | F264: =IF($A264="","",IF($A264<>$A263,_xlfn.XLOOKUP($A264,$Q$2:$Q$7,$R$2:$R$7,0),K263)) | G264: =IF($A264="","",_xlfn.XLOOKUP($A264,$Q$2:$Q$7,$S$2:$S$7,0)) | H264: =IF($A264="","",IF($A264<>$A265,0,MAX(0,H265+E265-D265))) | I264: =IF($A264="","",MAX(0,E264+H264-F264)) | J264: =IF($A264="","",MIN($D264,$I264,MAX(0,$E264+$G264-$F264))) | K264: =IF($A264="","",MIN($G264,MAX(0,$F264+$J264-$E264))) | L264: =IF($A264="","",MAX(0,E264-F264-J264)) | M264: =IF($A264="","",MAX(0,F264+J264-E264)) | N264: =IF($A264="","",IFERROR(J264/D264,0))
A265: =IF([2]weekly_demand!A266="","",[2]weekly_demand!A266) | B265: =IF($A265="","",[2]weekly_demand!F266) | C265: =IF($A265="","",[2]weekly_demand!H266) | D265: =IF($A265="","",IF(SUMIFS([2]Fixture_Capacity_Input!$C:$C,[2]Fixture_Capacity_Input!$A:$A,$B265,[2]Fixture_Capacity_Input!$B:$B,$C265)>0,SUMIFS([2]Fixture_Capacity_Input!$C:$C,[2]Fixture_Capacity_Input!$A:$A,$B265,[2]Fixture_Capacity_Input!$B:$B,$C265),[2]weekly_demand!G266)) | E265: =IF($A265="","",[2]weekly_demand!I266) | F265: =IF($A265="","",IF($A265<>$A264,_xlfn.XLOOKUP($A265,$Q$2:$Q$7,$R$2:$R$7,0),K264)) | G265: =IF($A265="","",_xlfn.XLOOKUP($A265,$Q$2:$Q$7,$S$2:$S$7,0)) | H265: =IF($A265="","",IF($A265<>$A266,0,MAX(0,H266+E266-D266))) | I265: =IF($A265="","",MAX(0,E265+H265-F265)) | J265: =IF($A265="","",MIN($D265,$I265,MAX(0,$E265+$G265-$F265))) | K265: =IF($A265="","",MIN($G265,MAX(0,$F265+$J265-$E265))) | L265: =IF($A265="","",MAX(0,E265-F265-J265)) | M265: =IF($A265="","",MAX(0,F265+J265-E265)) | N265: =IF($A265="","",IFERROR(J265/D265,0))
A266: =IF([2]weekly_demand!A267="","",[2]weekly_demand!A267) | B266: =IF($A266="","",[2]weekly_demand!F267) | C266: =IF($A266="","",[2]weekly_demand!H267) | D266: =IF($A266="","",IF(SUMIFS([2]Fixture_Capacity_Input!$C:$C,[2]Fixture_Capacity_Input!$A:$A,$B266,[2]Fixture_Capacity_Input!$B:$B,$C266)>0,SUMIFS([2]Fixture_Capacity_Input!$C:$C,[2]Fixture_Capacity_Input!$A:$A,$B266,[2]Fixture_Capacity_Input!$B:$B,$C266),[2]weekly_demand!G267)) | E266: =IF($A266="","",[2]weekly_demand!I267) | F266: =IF($A266="","",IF($A266<>$A265,_xlfn.XLOOKUP($A266,$Q$2:$Q$7,$R$2:$R$7,0),K265)) | G266: =IF($A266="","",_xlfn.XLOOKUP($A266,$Q$2:$Q$7,$S$2:$S$7,0)) | H266: =IF($A266="","",IF($A266<>$A267,0,MAX(0,H267+E267-D267))) | I266: =IF($A266="","",MAX(0,E266+H266-F266)) | J266: =IF($A266="","",MIN($D266,$I266,MAX(0,$E266+$G266-$F266))) | K266: =IF($A266="","",MIN($G266,MAX(0,$F266+$J266-$E266))) | L266: =IF($A266="","",MAX(0,E266-F266-J266)) | M266: =IF($A266="","",MAX(0,F266+J266-E266)) | N266: =IF($A266="","",IFERROR(J266/D266,0))
A267: =IF([2]weekly_demand!A268="","",[2]weekly_demand!A268) | B267: =IF($A267="","",[2]weekly_demand!F268) | C267: =IF($A267="","",[2]weekly_demand!H268) | D267: =IF($A267="","",IF(SUMIFS([2]Fixture_Capacity_Input!$C:$C,[2]Fixture_Capacity_Input!$A:$A,$B267,[2]Fixture_Capacity_Input!$B:$B,$C267)>0,SUMIFS([2]Fixture_Capacity_Input!$C:$C,[2]Fixture_Capacity_Input!$A:$A,$B267,[2]Fixture_Capacity_Input!$B:$B,$C267),[2]weekly_demand!G268)) | E267: =IF($A267="","",[2]weekly_demand!I268) | F267: =IF($A267="","",IF($A267<>$A266,_xlfn.XLOOKUP($A267,$Q$2:$Q$7,$R$2:$R$7,0),K266)) | G267: =IF($A267="","",_xlfn.XLOOKUP($A267,$Q$2:$Q$7,$S$2:$S$7,0)) | H267: =IF($A267="","",IF($A267<>$A268,0,MAX(0,H268+E268-D268))) | I267: =IF($A267="","",MAX(0,E267+H267-F267)) | J267: =IF($A267="","",MIN($D267,$I267,MAX(0,$E267+$G267-$F267))) | K267: =IF($A267="","",MIN($G267,MAX(0,$F267+$J267-$E267))) | L267: =IF($A267="","",MAX(0,E267-F267-J267)) | M267: =IF($A267="","",MAX(0,F267+J267-E267)) | N267: =IF($A267="","",IFERROR(J267/D267,0))
... A999: =IF([2]weekly_demand!A1000="","",[2]weekly_demand!A1000) | B999: =IF($A999="","",[2]weekly_demand!F1000) | C999: =IF($A999="","",[2]weekly_demand!H1000) | D999: =IF($A999="","",IF(SUMIFS([2]Fixture_Capacity_Input!$C:$C,[2]Fixture_Capacity_Input!$A:$A,$B999,[2]Fixture_Capacity_Input!$B:$B,$C999)>0,SUMIFS([2]Fixture_Capacity_Input!$C:$C,[2]Fixture_Capacity_Input!$A:$A,$B999,[2]Fixture_Capacity_Input!$B:$B,$C999),[2]weekly_demand!G1000)) | E999: =IF($A999="","",[2]weekly_demand!I1000) | F999: =IF($A999="","",IF($A999<>$A998,_xlfn.XLOOKUP($A999,$Q$2:$Q$7,$R$2:$R$7,0),K998)) | G999: =IF($A999="","",_xlfn.XLOOKUP($A999,$Q$2:$Q$7,$S$2:$S$7,0)) | H999: =IF($A999="","",IF($A999<>$A1000,0,MAX(0,H1000+E1000-D1000))) | I999: =IF($A999="","",MAX(0,E999+H999-F999)) | J999: =IF($A999="","",MIN($D999,$I999,MAX(0,$E999+$G999-$F999))) | K999: =IF($A999="","",MIN($G999,MAX(0,$F999+$J999-$E999))) | L999: =IF($A999="","",MAX(0,E999-F999-J999)) | M999: =IF($A999="","",MAX(0,F999+J999-E999)) | N999: =IF($A999="","",IFERROR(J999/D999,0))
A1000: =IF([2]weekly_demand!A1001="","",[2]weekly_demand!A1001) | B1000: =IF($A1000="","",[2]weekly_demand!F1001) | C1000: =IF($A1000="","",[2]weekly_demand!H1001) | D1000: =IF($A1000="","",IF(SUMIFS([2]Fixture_Capacity_Input!$C:$C,[2]Fixture_Capacity_Input!$A:$A,$B1000,[2]Fixture_Capacity_Input!$B:$B,$C1000)>0,SUMIFS([2]Fixture_Capacity_Input!$C:$C,[2]Fixture_Capacity_Input!$A:$A,$B1000,[2]Fixture_Capacity_Input!$B:$B,$C1000),[2]weekly_demand!G1001)) | E1000: =IF($A1000="","",[2]weekly_demand!I1001) | F1000: =IF($A1000="","",IF($A1000<>$A999,_xlfn.XLOOKUP($A1000,$Q$2:$Q$7,$R$2:$R$7,0),K999)) | G1000: =IF($A1000="","",_xlfn.XLOOKUP($A1000,$Q$2:$Q$7,$S$2:$S$7,0)) | H1000: =IF($A1000="","",IF($A1000<>#REF!,0,MAX(0,#REF!+#REF!-#REF!))) | I1000: =IF($A1000="","",MAX(0,E1000+H1000-F1000)) | J1000: =IF($A1000="","",MIN($D1000,$I1000,MAX(0,$E1000+$G1000-$F1000))) | K1000: =IF($A1000="","",MIN($G1000,MAX(0,$F1000+$J1000-$E1000))) | L1000: =IF($A1000="","",MAX(0,E1000-F1000-J1000)) | M1000: =IF($A1000="","",MAX(0,F1000+J1000-E1000)) | N1000: =IF($A1000="","",IFERROR(J1000/D1000,0))

Sheet BOM_demand
A1: Week | B1: A | C1: B | D1: C | E1: D | F1: E | G1: F | H1: RM01 | I1: RM02 | J1: RM03 | K1: RM04 | L1: RM05 | M1: RM06 | N1: RM07 | O1: RM08 | P1: RM09 | Q1: RM10 | R1: RM11 | S1: RM12 | T1: RM13 | U1: RM14 | V1: RM15 | X1: BOM usage helper | Y1: A | Z1: B | AA1: C | AB1: D | AC1: E | AD1: F
A2: 46132 | B2: =IF($A2="","",SUMIFS(MPS!$J:$J,MPS!$A:$A,B$1,MPS!$C:$C,$A2)) -> 0 | C2: =IF($A2="","",SUMIFS(MPS!$J:$J,MPS!$A:$A,C$1,MPS!$C:$C,$A2)) -> 0 | D2: =IF($A2="","",SUMIFS(MPS!$J:$J,MPS!$A:$A,D$1,MPS!$C:$C,$A2)) -> 0 | E2: =IF($A2="","",SUMIFS(MPS!$J:$J,MPS!$A:$A,E$1,MPS!$C:$C,$A2)) -> 0 | F2: =IF($A2="","",SUMIFS(MPS!$J:$J,MPS!$A:$A,F$1,MPS!$C:$C,$A2)) -> 0 | G2: =IF($A2="","",SUMIFS(MPS!$J:$J,MPS!$A:$A,G$1,MPS!$C:$C,$A2)) -> 3000 | H2: =IF($A2="","",SUMPRODUCT($B2:$G2,INDEX($Y$2:$AD$16,MATCH(H$1,$X$2:$X$16,0),0))) -> 3000 | I2: =IF($A2="","",SUMPRODUCT($B2:$G2,INDEX($Y$2:$AD$16,MATCH(I$1,$X$2:$X$16,0),0))) -> 375 | J2: =IF($A2="","",SUMPRODUCT($B2:$G2,INDEX($Y$2:$AD$16,MATCH(J$1,$X$2:$X$16,0),0))) -> 3000 | K2: =IF($A2="","",SUMPRODUCT($B2:$G2,INDEX($Y$2:$AD$16,MATCH(K$1,$X$2:$X$16,0),0))) -> 0 | L2: =IF($A2="","",SUMPRODUCT($B2:$G2,INDEX($Y$2:$AD$16,MATCH(L$1,$X$2:$X$16,0),0))) -> 0 | M2: =IF($A2="","",SUMPRODUCT($B2:$G2,INDEX($Y$2:$AD$16,MATCH(M$1,$X$2:$X$16,0),0))) -> 0 | N2: =IF($A2="","",SUMPRODUCT($B2:$G2,INDEX($Y$2:$AD$16,MATCH(N$1,$X$2:$X$16,0),0))) -> 0 | O2: =IF($A2="","",SUMPRODUCT($B2:$G2,INDEX($Y$2:$AD$16,MATCH(O$1,$X$2:$X$16,0),0))) -> 0 | ... V2: =IF($A2="","",SUMPRODUCT($B2:$G2,INDEX($Y$2:$AD$16,MATCH(V$1,$X$2:$X$16,0),0))) -> 6000 | X2: RM01 | Y2: 1 | Z2: 1 | AA2: 1 | AB2: 1 | AC2: 1 | AD2: 1
A3: 46139 | B3: =IF($A3="","",SUMIFS(MPS!$J:$J,MPS!$A:$A,B$1,MPS!$C:$C,$A3)) -> 10684 | C3: =IF($A3="","",SUMIFS(MPS!$J:$J,MPS!$A:$A,C$1,MPS!$C:$C,$A3)) -> 0 | D3: =IF($A3="","",SUMIFS(MPS!$J:$J,MPS!$A:$A,D$1,MPS!$C:$C,$A3)) -> 0 | E3: =IF($A3="","",SUMIFS(MPS!$J:$J,MPS!$A:$A,E$1,MPS!$C:$C,$A3)) -> 0 | F3: =IF($A3="","",SUMIFS(MPS!$J:$J,MPS!$A:$A,F$1,MPS!$C:$C,$A3)) -> 472 | G3: =IF($A3="","",SUMIFS(MPS!$J:$J,MPS!$A:$A,G$1,MPS!$C:$C,$A3)) -> 3000 | H3: =IF($A3="","",SUMPRODUCT($B3:$G3,INDEX($Y$2:$AD$16,MATCH(H$1,$X$2:$X$16,0),0))) -> 14156 | I3: =IF($A3="","",SUMPRODUCT($B3:$G3,INDEX($Y$2:$AD$16,MATCH(I$1,$X$2:$X$16,0),0))) -> 3282 | J3: =IF($A3="","",SUMPRODUCT($B3:$G3,INDEX($Y$2:$AD$16,MATCH(J$1,$X$2:$X$16,0),0))) -> 14156 | K3: =IF($A3="","",SUMPRODUCT($B3:$G3,INDEX($Y$2:$AD$16,MATCH(K$1,$X$2:$X$16,0),0))) -> 21368 | L3: =IF($A3="","",SUMPRODUCT($B3:$G3,INDEX($Y$2:$AD$16,MATCH(L$1,$X$2:$X$16,0),0))) -> 10684 | M3: =IF($A3="","",SUMPRODUCT($B3:$G3,INDEX($Y$2:$AD$16,MATCH(M$1,$X$2:$X$16,0),0))) -> 0 | N3: =IF($A3="","",SUMPRODUCT($B3:$G3,INDEX($Y$2:$AD$16,MATCH(N$1,$X$2:$X$16,0),0))) -> 0 | O3: =IF($A3="","",SUMPRODUCT($B3:$G3,INDEX($Y$2:$AD$16,MATCH(O$1,$X$2:$X$16,0),0))) -> 0 | ... V3: =IF($A3="","",SUMPRODUCT($B3:$G3,INDEX($Y$2:$AD$16,MATCH(V$1,$X$2:$X$16,0),0))) -> 6000 | X3: RM02 | Y3: 0.25 | Z3: 0.25 | AA3: 0.5 | AB3: 0.25 | AC3: 0.5 | AD3: 0.125
A4: 46146 | B4: =IF($A4="","",SUMIFS(MPS!$J:$J,MPS!$A:$A,B$1,MPS!$C:$C,$A4)) -> 15000 | C4: =IF($A4="","",SUMIFS(MPS!$J:$J,MPS!$A:$A,C$1,MPS!$C:$C,$A4)) -> 6160 | D4: =IF($A4="","",SUMIFS(MPS!$J:$J,MPS!$A:$A,D$1,MPS!$C:$C,$A4)) -> 5000 | E4: =IF($A4="","",SUMIFS(MPS!$J:$J,MPS!$A:$A,E$1,MPS!$C:$C,$A4)) -> 5000 | F4: =IF($A4="","",SUMIFS(MPS!$J:$J,MPS!$A:$A,F$1,MPS!$C:$C,$A4)) -> 300 | G4: =IF($A4="","",SUMIFS(MPS!$J:$J,MPS!$A:$A,G$1,MPS!$C:$C,$A4)) -> 3000 | H4: =IF($A4="","",SUMPRODUCT($B4:$G4,INDEX($Y$2:$AD$16,MATCH(H$1,$X$2:$X$16,0),0))) -> 34460 | I4: =IF($A4="","",SUMPRODUCT($B4:$G4,INDEX($Y$2:$AD$16,MATCH(I$1,$X$2:$X$16,0),0))) -> 9565 | J4: =IF($A4="","",SUMPRODUCT($B4:$G4,INDEX($Y$2:$AD$16,MATCH(J$1,$X$2:$X$16,0),0))) -> 34460 | K4: =IF($A4="","",SUMPRODUCT($B4:$G4,INDEX($Y$2:$AD$16,MATCH(K$1,$X$2:$X$16,0),0))) -> 30000 | L4: =IF($A4="","",SUMPRODUCT($B4:$G4,INDEX($Y$2:$AD$16,MATCH(L$1,$X$2:$X$16,0),0))) -> 15000 | M4: =IF($A4="","",SUMPRODUCT($B4:$G4,INDEX($Y$2:$AD$16,MATCH(M$1,$X$2:$X$16,0),0))) -> 15400 | N4: =IF($A4="","",SUMPRODUCT($B4:$G4,INDEX($Y$2:$AD$16,MATCH(N$1,$X$2:$X$16,0),0))) -> 9240 | O4: =IF($A4="","",SUMPRODUCT($B4:$G4,INDEX($Y$2:$AD$16,MATCH(O$1,$X$2:$X$16,0),0))) -> 15000 | ... V4: =IF($A4="","",SUMPRODUCT($B4:$G4,INDEX($Y$2:$AD$16,MATCH(V$1,$X$2:$X$16,0),0))) -> 6000 | X4: RM03 | Y4: 1 | Z4: 1 | AA4: 1 | AB4: 1 | AC4: 1 | AD4: 1
A5: 46153 | B5: =IF($A5="","",SUMIFS(MPS!$J:$J,MPS!$A:$A,B$1,MPS!$C:$C,$A5)) -> 15000 | C5: =IF($A5="","",SUMIFS(MPS!$J:$J,MPS!$A:$A,C$1,MPS!$C:$C,$A5)) -> 15000 | D5: =IF($A5="","",SUMIFS(MPS!$J:$J,MPS!$A:$A,D$1,MPS!$C:$C,$A5)) -> 5000 | E5: =IF($A5="","",SUMIFS(MPS!$J:$J,MPS!$A:$A,E$1,MPS!$C:$C,$A5)) -> 5000 | F5: =IF($A5="","",SUMIFS(MPS!$J:$J,MPS!$A:$A,F$1,MPS!$C:$C,$A5)) -> 698 | G5: =IF($A5="","",SUMIFS(MPS!$J:$J,MPS!$A:$A,G$1,MPS!$C:$C,$A5)) -> 3000 | H5: =IF($A5="","",SUMPRODUCT($B5:$G5,INDEX($Y$2:$AD$16,MATCH(H$1,$X$2:$X$16,0),0))) -> 43698 | I5: =IF($A5="","",SUMPRODUCT($B5:$G5,INDEX($Y$2:$AD$16,MATCH(I$1,$X$2:$X$16,0),0))) -> 11974 | J5: =IF($A5="","",SUMPRODUCT($B5:$G5,INDEX($Y$2:$AD$16,MATCH(J$1,$X$2:$X$16,0),0))) -> 43698 | K5: =IF($A5="","",SUMPRODUCT($B5:$G5,INDEX($Y$2:$AD$16,MATCH(K$1,$X$2:$X$16,0),0))) -> 30000 | L5: =IF($A5="","",SUMPRODUCT($B5:$G5,INDEX($Y$2:$AD$16,MATCH(L$1,$X$2:$X$16,0),0))) -> 15000 | M5: =IF($A5="","",SUMPRODUCT($B5:$G5,INDEX($Y$2:$AD$16,MATCH(M$1,$X$2:$X$16,0),0))) -> 37500 | N5: =IF($A5="","",SUMPRODUCT($B5:$G5,INDEX($Y$2:$AD$16,MATCH(N$1,$X$2:$X$16,0),0))) -> 22500 | O5: =IF($A5="","",SUMPRODUCT($B5:$G5,INDEX($Y$2:$AD$16,MATCH(O$1,$X$2:$X$16,0),0))) -> 15000 | ... V5: =IF($A5="","",SUMPRODUCT($B5:$G5,INDEX($Y$2:$AD$16,MATCH(V$1,$X$2:$X$16,0),0))) -> 6000 | X5: RM04 | Y5: 2 | Z5: 0 | AA5: 0 | AB5: 0 | AC5: 0 | AD5: 0
A6: 46160 | B6: =IF($A6="","",SUMIFS(MPS!$J:$J,MPS!$A:$A,B$1,MPS!$C:$C,$A6)) -> 11000 | C6: =IF($A6="","",SUMIFS(MPS!$J:$J,MPS!$A:$A,C$1,MPS!$C:$C,$A6)) -> 8865 | D6: =IF($A6="","",SUMIFS(MPS!$J:$J,MPS!$A:$A,D$1,MPS!$C:$C,$A6)) -> 5000 | E6: =IF($A6="","",SUMIFS(MPS!$J:$J,MPS!$A:$A,E$1,MPS!$C:$C,$A6)) -> 5000 | F6: =IF($A6="","",SUMIFS(MPS!$J:$J,MPS!$A:$A,F$1,MPS!$C:$C,$A6)) -> 0 | G6: =IF($A6="","",SUMIFS(MPS!$J:$J,MPS!$A:$A,G$1,MPS!$C:$C,$A6)) -> 3000 | H6: =IF($A6="","",SUMPRODUCT($B6:$G6,INDEX($Y$2:$AD$16,MATCH(H$1,$X$2:$X$16,0),0))) -> 32865 | I6: =IF($A6="","",SUMPRODUCT($B6:$G6,INDEX($Y$2:$AD$16,MATCH(I$1,$X$2:$X$16,0),0))) -> 9091.25 | J6: =IF($A6="","",SUMPRODUCT($B6:$G6,INDEX($Y$2:$AD$16,MATCH(J$1,$X$2:$X$16,0),0))) -> 32865 | K6: =IF($A6="","",SUMPRODUCT($B6:$G6,INDEX($Y$2:$AD$16,MATCH(K$1,$X$2:$X$16,0),0))) -> 22000 | L6: =IF($A6="","",SUMPRODUCT($B6:$G6,INDEX($Y$2:$AD$16,MATCH(L$1,$X$2:$X$16,0),0))) -> 11000 | M6: =IF($A6="","",SUMPRODUCT($B6:$G6,INDEX($Y$2:$AD$16,MATCH(M$1,$X$2:$X$16,0),0))) -> 22162.5 | N6: =IF($A6="","",SUMPRODUCT($B6:$G6,INDEX($Y$2:$AD$16,MATCH(N$1,$X$2:$X$16,0),0))) -> 13297.5 | O6: =IF($A6="","",SUMPRODUCT($B6:$G6,INDEX($Y$2:$AD$16,MATCH(O$1,$X$2:$X$16,0),0))) -> 15000 | ... V6: =IF($A6="","",SUMPRODUCT($B6:$G6,INDEX($Y$2:$AD$16,MATCH(V$1,$X$2:$X$16,0),0))) -> 6000 | X6: RM05 | Y6: 1 | Z6: 0 | AA6: 0 | AB6: 0 | AC6: 0 | AD6: 0
A7: 46167 | B7: =IF($A7="","",SUMIFS(MPS!$J:$J,MPS!$A:$A,B$1,MPS!$C:$C,$A7)) -> 13000 | C7: =IF($A7="","",SUMIFS(MPS!$J:$J,MPS!$A:$A,C$1,MPS!$C:$C,$A7)) -> 2146 | D7: =IF($A7="","",SUMIFS(MPS!$J:$J,MPS!$A:$A,D$1,MPS!$C:$C,$A7)) -> 5000 | E7: =IF($A7="","",SUMIFS(MPS!$J:$J,MPS!$A:$A,E$1,MPS!$C:$C,$A7)) -> 5000 | F7: =IF($A7="","",SUMIFS(MPS!$J:$J,MPS!$A:$A,F$1,MPS!$C:$C,$A7)) -> 300 | G7: =IF($A7="","",SUMIFS(MPS!$J:$J,MPS!$A:$A,G$1,MPS!$C:$C,$A7)) -> 3000 | H7: =IF($A7="","",SUMPRODUCT($B7:$G7,INDEX($Y$2:$AD$16,MATCH(H$1,$X$2:$X$16,0),0))) -> 28446 | I7: =IF($A7="","",SUMPRODUCT($B7:$G7,INDEX($Y$2:$AD$16,MATCH(I$1,$X$2:$X$16,0),0))) -> 8061.5 | J7: =IF($A7="","",SUMPRODUCT($B7:$G7,INDEX($Y$2:$AD$16,MATCH(J$1,$X$2:$X$16,0),0))) -> 28446 | K7: =IF($A7="","",SUMPRODUCT($B7:$G7,INDEX($Y$2:$AD$16,MATCH(K$1,$X$2:$X$16,0),0))) -> 26000 | L7: =IF($A7="","",SUMPRODUCT($B7:$G7,INDEX($Y$2:$AD$16,MATCH(L$1,$X$2:$X$16,0),0))) -> 13000 | M7: =IF($A7="","",SUMPRODUCT($B7:$G7,INDEX($Y$2:$AD$16,MATCH(M$1,$X$2:$X$16,0),0))) -> 5365 | N7: =IF($A7="","",SUMPRODUCT($B7:$G7,INDEX($Y$2:$AD$16,MATCH(N$1,$X$2:$X$16,0),0))) -> 3219 | O7: =IF($A7="","",SUMPRODUCT($B7:$G7,INDEX($Y$2:$AD$16,MATCH(O$1,$X$2:$X$16,0),0))) -> 15000 | ... V7: =IF($A7="","",SUMPRODUCT($B7:$G7,INDEX($Y$2:$AD$16,MATCH(V$1,$X$2:$X$16,0),0))) -> 6000 | X7: RM06 | Y7: 0 | Z7: 2.5 | AA7: 0 | AB7: 0 | AC7: 0 | AD7: 0
A8: 46174 | B8: =IF($A8="","",SUMIFS(MPS!$J:$J,MPS!$A:$A,B$1,MPS!$C:$C,$A8)) -> 13773 | C8: =IF($A8="","",SUMIFS(MPS!$J:$J,MPS!$A:$A,C$1,MPS!$C:$C,$A8)) -> 7123 | D8: =IF($A8="","",SUMIFS(MPS!$J:$J,MPS!$A:$A,D$1,MPS!$C:$C,$A8)) -> 5000 | E8: =IF($A8="","",SUMIFS(MPS!$J:$J,MPS!$A:$A,E$1,MPS!$C:$C,$A8)) -> 1001 | F8: =IF($A8="","",SUMIFS(MPS!$J:$J,MPS!$A:$A,F$1,MPS!$C:$C,$A8)) -> 0 | G8: =IF($A8="","",SUMIFS(MPS!$J:$J,MPS!$A:$A,G$1,MPS!$C:$C,$A8)) -> 3000 | H8: =IF($A8="","",SUMPRODUCT($B8:$G8,INDEX($Y$2:$AD$16,MATCH(H$1,$X$2:$X$16,0),0))) -> 29897 | I8: =IF($A8="","",SUMPRODUCT($B8:$G8,INDEX($Y$2:$AD$16,MATCH(I$1,$X$2:$X$16,0),0))) -> 8349.25 | J8: =IF($A8="","",SUMPRODUCT($B8:$G8,INDEX($Y$2:$AD$16,MATCH(J$1,$X$2:$X$16,0),0))) -> 29897 | K8: =IF($A8="","",SUMPRODUCT($B8:$G8,INDEX($Y$2:$AD$16,MATCH(K$1,$X$2:$X$16,0),0))) -> 27546 | L8: =IF($A8="","",SUMPRODUCT($B8:$G8,INDEX($Y$2:$AD$16,MATCH(L$1,$X$2:$X$16,0),0))) -> 13773 | M8: =IF($A8="","",SUMPRODUCT($B8:$G8,INDEX($Y$2:$AD$16,MATCH(M$1,$X$2:$X$16,0),0))) -> 17807.5 | N8: =IF($A8="","",SUMPRODUCT($B8:$G8,INDEX($Y$2:$AD$16,MATCH(N$1,$X$2:$X$16,0),0))) -> 10684.5 | O8: =IF($A8="","",SUMPRODUCT($B8:$G8,INDEX($Y$2:$AD$16,MATCH(O$1,$X$2:$X$16,0),0))) -> 15000 | ... V8: =IF($A8="","",SUMPRODUCT($B8:$G8,INDEX($Y$2:$AD$16,MATCH(V$1,$X$2:$X$16,0),0))) -> 6000 | X8: RM07 | Y8: 0 | Z8: 1.5 | AA8: 0 | AB8: 0 | AC8: 0 | AD8: 0
A9: 46181 | B9: =IF($A9="","",SUMIFS(MPS!$J:$J,MPS!$A:$A,B$1,MPS!$C:$C,$A9)) -> 7058 | C9: =IF($A9="","",SUMIFS(MPS!$J:$J,MPS!$A:$A,C$1,MPS!$C:$C,$A9)) -> 5309 | D9: =IF($A9="","",SUMIFS(MPS!$J:$J,MPS!$A:$A,D$1,MPS!$C:$C,$A9)) -> 5000 | E9: =IF($A9="","",SUMIFS(MPS!$J:$J,MPS!$A:$A,E$1,MPS!$C:$C,$A9)) -> 2471 | F9: =IF($A9="","",SUMIFS(MPS!$J:$J,MPS!$A:$A,F$1,MPS!$C:$C,$A9)) -> 0 | G9: =IF($A9="","",SUMIFS(MPS!$J:$J,MPS!$A:$A,G$1,MPS!$C:$C,$A9)) -> 3000 | H9: =IF($A9="","",SUMPRODUCT($B9:$G9,INDEX($Y$2:$AD$16,MATCH(H$1,$X$2:$X$16,0),0))) -> 22838 | I9: =IF($A9="","",SUMPRODUCT($B9:$G9,INDEX($Y$2:$AD$16,MATCH(I$1,$X$2:$X$16,0),0))) -> 6584.5 | J9: =IF($A9="","",SUMPRODUCT($B9:$G9,INDEX($Y$2:$AD$16,MATCH(J$1,$X$2:$X$16,0),0))) -> 22838 | K9: =IF($A9="","",SUMPRODUCT($B9:$G9,INDEX($Y$2:$AD$16,MATCH(K$1,$X$2:$X$16,0),0))) -> 14116 | L9: =IF($A9="","",SUMPRODUCT($B9:$G9,INDEX($Y$2:$AD$16,MATCH(L$1,$X$2:$X$16,0),0))) -> 7058 | M9: =IF($A9="","",SUMPRODUCT($B9:$G9,INDEX($Y$2:$AD$16,MATCH(M$1,$X$2:$X$16,0),0))) -> 13272.5 | N9: =IF($A9="","",SUMPRODUCT($B9:$G9,INDEX($Y$2:$AD$16,MATCH(N$1,$X$2:$X$16,0),0))) -> 7963.5 | O9: =IF($A9="","",SUMPRODUCT($B9:$G9,INDEX($Y$2:$AD$16,MATCH(O$1,$X$2:$X$16,0),0))) -> 15000 | ... V9: =IF($A9="","",SUMPRODUCT($B9:$G9,INDEX($Y$2:$AD$16,MATCH(V$1,$X$2:$X$16,0),0))) -> 6000 | X9: RM08 | Y9: 0 | Z9: 0 | AA9: 3 | AB9: 0 | AC9: 0 | AD9: 0
A10: 46188 | B10: =IF($A10="","",SUMIFS(MPS!$J:$J,MPS!$A:$A,B$1,MPS!$C:$C,$A10)) -> 8908 | C10: =IF($A10="","",SUMIFS(MPS!$J:$J,MPS!$A:$A,C$1,MPS!$C:$C,$A10)) -> 5309 | D10: =IF($A10="","",SUMIFS(MPS!$J:$J,MPS!$A:$A,D$1,MPS!$C:$C,$A10)) -> 5000 | E10: =IF($A10="","",SUMIFS(MPS!$J:$J,MPS!$A:$A,E$1,MPS!$C:$C,$A10)) -> 3458 | F10: =IF($A10="","",SUMIFS(MPS!$J:$J,MPS!$A:$A,F$1,MPS!$C:$C,$A10)) -> 300 | G10: =IF($A10="","",SUMIFS(MPS!$J:$J,MPS!$A:$A,G$1,MPS!$C:$C,$A10)) -> 3000 | H10: =IF($A10="","",SUMPRODUCT($B10:$G10,INDEX($Y$2:$AD$16,MATCH(H$1,$X$2:$X$16,0),0))) -> 25975 | I10: =IF($A10="","",SUMPRODUCT($B10:$G10,INDEX($Y$2:$AD$16,MATCH(I$1,$X$2:$X$16,0),0))) -> 7443.75 | J10: =IF($A10="","",SUMPRODUCT($B10:$G10,INDEX($Y$2:$AD$16,MATCH(J$1,$X$2:$X$16,0),0))) -> 25975 | K10: =IF($A10="","",SUMPRODUCT($B10:$G10,INDEX($Y$2:$AD$16,MATCH(K$1,$X$2:$X$16,0),0))) -> 17816 | L10: =IF($A10="","",SUMPRODUCT($B10:$G10,INDEX($Y$2:$AD$16,MATCH(L$1,$X$2:$X$16,0),0))) -> 8908 | M10: =IF($A10="","",SUMPRODUCT($B10:$G10,INDEX($Y$2:$AD$16,MATCH(M$1,$X$2:$X$16,0),0))) -> 13272.5 | N10: =IF($A10="","",SUMPRODUCT($B10:$G10,INDEX($Y$2:$AD$16,MATCH(N$1,$X$2:$X$16,0),0))) -> 7963.5 | O10: =IF($A10="","",SUMPRODUCT($B10:$G10,INDEX($Y$2:$AD$16,MATCH(O$1,$X$2:$X$16,0),0))) -> 15000 | ... V10: =IF($A10="","",SUMPRODUCT($B10:$G10,INDEX($Y$2:$AD$16,MATCH(V$1,$X$2:$X$16,0),0))) -> 6000 | X10: RM09 | Y10: 0 | Z10: 0 | AA10: 0.5 | AB10: 0 | AC10: 0 | AD10: 0
A11: 46195 | B11: =IF($A11="","",SUMIFS(MPS!$J:$J,MPS!$A:$A,B$1,MPS!$C:$C,$A11)) -> 11673 | C11: =IF($A11="","",SUMIFS(MPS!$J:$J,MPS!$A:$A,C$1,MPS!$C:$C,$A11)) -> 3000 | D11: =IF($A11="","",SUMIFS(MPS!$J:$J,MPS!$A:$A,D$1,MPS!$C:$C,$A11)) -> 5000 | E11: =IF($A11="","",SUMIFS(MPS!$J:$J,MPS!$A:$A,E$1,MPS!$C:$C,$A11)) -> 500 | F11: =IF($A11="","",SUMIFS(MPS!$J:$J,MPS!$A:$A,F$1,MPS!$C:$C,$A11)) -> 0 | G11: =IF($A11="","",SUMIFS(MPS!$J:$J,MPS!$A:$A,G$1,MPS!$C:$C,$A11)) -> 3000 | H11: =IF($A11="","",SUMPRODUCT($B11:$G11,INDEX($Y$2:$AD$16,MATCH(H$1,$X$2:$X$16,0),0))) -> 23173 | I11: =IF($A11="","",SUMPRODUCT($B11:$G11,INDEX($Y$2:$AD$16,MATCH(I$1,$X$2:$X$16,0),0))) -> 6668.25 | J11: =IF($A11="","",SUMPRODUCT($B11:$G11,INDEX($Y$2:$AD$16,MATCH(J$1,$X$2:$X$16,0),0))) -> 23173 | K11: =IF($A11="","",SUMPRODUCT($B11:$G11,INDEX($Y$2:$AD$16,MATCH(K$1,$X$2:$X$16,0),0))) -> 23346 | L11: =IF($A11="","",SUMPRODUCT($B11:$G11,INDEX($Y$2:$AD$16,MATCH(L$1,$X$2:$X$16,0),0))) -> 11673 | M11: =IF($A11="","",SUMPRODUCT($B11:$G11,INDEX($Y$2:$AD$16,MATCH(M$1,$X$2:$X$16,0),0))) -> 7500 | N11: =IF($A11="","",SUMPRODUCT($B11:$G11,INDEX($Y$2:$AD$16,MATCH(N$1,$X$2:$X$16,0),0))) -> 4500 | O11: =IF($A11="","",SUMPRODUCT($B11:$G11,INDEX($Y$2:$AD$16,MATCH(O$1,$X$2:$X$16,0),0))) -> 15000 | ... V11: =IF($A11="","",SUMPRODUCT($B11:$G11,INDEX($Y$2:$AD$16,MATCH(V$1,$X$2:$X$16,0),0))) -> 6000 | X11: RM10 | Y11: 0 | Z11: 0 | AA11: 0 | AB11: 2 | AC11: 0 | AD11: 0
A12: 46202 | B12: =IF($A12="","",SUMIFS(MPS!$J:$J,MPS!$A:$A,B$1,MPS!$C:$C,$A12)) -> 12041 | C12: =IF($A12="","",SUMIFS(MPS!$J:$J,MPS!$A:$A,C$1,MPS!$C:$C,$A12)) -> 3000 | D12: =IF($A12="","",SUMIFS(MPS!$J:$J,MPS!$A:$A,D$1,MPS!$C:$C,$A12)) -> 2500 | E12: =IF($A12="","",SUMIFS(MPS!$J:$J,MPS!$A:$A,E$1,MPS!$C:$C,$A12)) -> 500 | F12: =IF($A12="","",SUMIFS(MPS!$J:$J,MPS!$A:$A,F$1,MPS!$C:$C,$A12)) -> 700 | G12: =IF($A12="","",SUMIFS(MPS!$J:$J,MPS!$A:$A,G$1,MPS!$C:$C,$A12)) -> 3000 | H12: =IF($A12="","",SUMPRODUCT($B12:$G12,INDEX($Y$2:$AD$16,MATCH(H$1,$X$2:$X$16,0),0))) -> 21741 | I12: =IF($A12="","",SUMPRODUCT($B12:$G12,INDEX($Y$2:$AD$16,MATCH(I$1,$X$2:$X$16,0),0))) -> 5860.25 | J12: =IF($A12="","",SUMPRODUCT($B12:$G12,INDEX($Y$2:$AD$16,MATCH(J$1,$X$2:$X$16,0),0))) -> 21741 | K12: =IF($A12="","",SUMPRODUCT($B12:$G12,INDEX($Y$2:$AD$16,MATCH(K$1,$X$2:$X$16,0),0))) -> 24082 | L12: =IF($A12="","",SUMPRODUCT($B12:$G12,INDEX($Y$2:$AD$16,MATCH(L$1,$X$2:$X$16,0),0))) -> 12041 | M12: =IF($A12="","",SUMPRODUCT($B12:$G12,INDEX($Y$2:$AD$16,MATCH(M$1,$X$2:$X$16,0),0))) -> 7500 | N12: =IF($A12="","",SUMPRODUCT($B12:$G12,INDEX($Y$2:$AD$16,MATCH(N$1,$X$2:$X$16,0),0))) -> 4500 | O12: =IF($A12="","",SUMPRODUCT($B12:$G12,INDEX($Y$2:$AD$16,MATCH(O$1,$X$2:$X$16,0),0))) -> 7500 | ... V12: =IF($A12="","",SUMPRODUCT($B12:$G12,INDEX($Y$2:$AD$16,MATCH(V$1,$X$2:$X$16,0),0))) -> 6000 | X12: RM11 | Y12: 0 | Z12: 0 | AA12: 0 | AB12: 1.5 | AC12: 0 | AD12: 0
A13: 46209 | B13: =IF($A13="","",SUMIFS(MPS!$J:$J,MPS!$A:$A,B$1,MPS!$C:$C,$A13)) -> 12040 | C13: =IF($A13="","",SUMIFS(MPS!$J:$J,MPS!$A:$A,C$1,MPS!$C:$C,$A13)) -> 3000 | D13: =IF($A13="","",SUMIFS(MPS!$J:$J,MPS!$A:$A,D$1,MPS!$C:$C,$A13)) -> 2500 | E13: =IF($A13="","",SUMIFS(MPS!$J:$J,MPS!$A:$A,E$1,MPS!$C:$C,$A13)) -> 500 | F13: =IF($A13="","",SUMIFS(MPS!$J:$J,MPS!$A:$A,F$1,MPS!$C:$C,$A13)) -> 300 | G13: =IF($A13="","",SUMIFS(MPS!$J:$J,MPS!$A:$A,G$1,MPS!$C:$C,$A13)) -> 3000 | H13: =IF($A13="","",SUMPRODUCT($B13:$G13,INDEX($Y$2:$AD$16,MATCH(H$1,$X$2:$X$16,0),0))) -> 21340 | I13: =IF($A13="","",SUMPRODUCT($B13:$G13,INDEX($Y$2:$AD$16,MATCH(I$1,$X$2:$X$16,0),0))) -> 5660 | J13: =IF($A13="","",SUMPRODUCT($B13:$G13,INDEX($Y$2:$AD$16,MATCH(J$1,$X$2:$X$16,0),0))) -> 21340 | K13: =IF($A13="","",SUMPRODUCT($B13:$G13,INDEX($Y$2:$AD$16,MATCH(K$1,$X$2:$X$16,0),0))) -> 24080 | L13: =IF($A13="","",SUMPRODUCT($B13:$G13,INDEX($Y$2:$AD$16,MATCH(L$1,$X$2:$X$16,0),0))) -> 12040 | M13: =IF($A13="","",SUMPRODUCT($B13:$G13,INDEX($Y$2:$AD$16,MATCH(M$1,$X$2:$X$16,0),0))) -> 7500 | N13: =IF($A13="","",SUMPRODUCT($B13:$G13,INDEX($Y$2:$AD$16,MATCH(N$1,$X$2:$X$16,0),0))) -> 4500 | O13: =IF($A13="","",SUMPRODUCT($B13:$G13,INDEX($Y$2:$AD$16,MATCH(O$1,$X$2:$X$16,0),0))) -> 7500 | ... V13: =IF($A13="","",SUMPRODUCT($B13:$G13,INDEX($Y$2:$AD$16,MATCH(V$1,$X$2:$X$16,0),0))) -> 6000 | X13: RM12 | Y13: 0 | Z13: 0 | AA13: 0 | AB13: 0 | AC13: 3 | AD13: 0
... A16: 46230 | B16: =IF($A16="","",SUMIFS(MPS!$J:$J,MPS!$A:$A,B$1,MPS!$C:$C,$A16)) -> 15000 | C16: =IF($A16="","",SUMIFS(MPS!$J:$J,MPS!$A:$A,C$1,MPS!$C:$C,$A16)) -> 2400 | D16: =IF($A16="","",SUMIFS(MPS!$J:$J,MPS!$A:$A,D$1,MPS!$C:$C,$A16)) -> 1000 | E16: =IF($A16="","",SUMIFS(MPS!$J:$J,MPS!$A:$A,E$1,MPS!$C:$C,$A16)) -> 0 | F16: =IF($A16="","",SUMIFS(MPS!$J:$J,MPS!$A:$A,F$1,MPS!$C:$C,$A16)) -> 0 | G16: =IF($A16="","",SUMIFS(MPS!$J:$J,MPS!$A:$A,G$1,MPS!$C:$C,$A16)) -> 476 | H16: =IF($A16="","",SUMPRODUCT($B16:$G16,INDEX($Y$2:$AD$16,MATCH(H$1,$X$2:$X$16,0),0))) -> 18876 | I16: =IF($A16="","",SUMPRODUCT($B16:$G16,INDEX($Y$2:$AD$16,MATCH(I$1,$X$2:$X$16,0),0))) -> 4909.5 | J16: =IF($A16="","",SUMPRODUCT($B16:$G16,INDEX($Y$2:$AD$16,MATCH(J$1,$X$2:$X$16,0),0))) -> 18876 | K16: =IF($A16="","",SUMPRODUCT($B16:$G16,INDEX($Y$2:$AD$16,MATCH(K$1,$X$2:$X$16,0),0))) -> 30000 | L16: =IF($A16="","",SUMPRODUCT($B16:$G16,INDEX($Y$2:$AD$16,MATCH(L$1,$X$2:$X$16,0),0))) -> 15000 | M16: =IF($A16="","",SUMPRODUCT($B16:$G16,INDEX($Y$2:$AD$16,MATCH(M$1,$X$2:$X$16,0),0))) -> 6000 | N16: =IF($A16="","",SUMPRODUCT($B16:$G16,INDEX($Y$2:$AD$16,MATCH(N$1,$X$2:$X$16,0),0))) -> 3600 | O16: =IF($A16="","",SUMPRODUCT($B16:$G16,INDEX($Y$2:$AD$16,MATCH(O$1,$X$2:$X$16,0),0))) -> 3000 | ... V16: =IF($A16="","",SUMPRODUCT($B16:$G16,INDEX($Y$2:$AD$16,MATCH(V$1,$X$2:$X$16,0),0))) -> 952 | X16: RM15 | Y16: 0 | Z16: 0 | AA16: 0 | AB16: 0 | AC16: 0 | AD16: 2
A17: 46237 | B17: =IF($A17="","",SUMIFS(MPS!$J:$J,MPS!$A:$A,B$1,MPS!$C:$C,$A17)) -> 15000 | C17: =IF($A17="","",SUMIFS(MPS!$J:$J,MPS!$A:$A,C$1,MPS!$C:$C,$A17)) -> 0 | D17: =IF($A17="","",SUMIFS(MPS!$J:$J,MPS!$A:$A,D$1,MPS!$C:$C,$A17)) -> 1000 | E17: =IF($A17="","",SUMIFS(MPS!$J:$J,MPS!$A:$A,E$1,MPS!$C:$C,$A17)) -> 400 | F17: =IF($A17="","",SUMIFS(MPS!$J:$J,MPS!$A:$A,F$1,MPS!$C:$C,$A17)) -> 0 | G17: =IF($A17="","",SUMIFS(MPS!$J:$J,MPS!$A:$A,G$1,MPS!$C:$C,$A17)) -> 1298 | H17: =IF($A17="","",SUMPRODUCT($B17:$G17,INDEX($Y$2:$AD$16,MATCH(H$1,$X$2:$X$16,0),0))) -> 17698 | I17: =IF($A17="","",SUMPRODUCT($B17:$G17,INDEX($Y$2:$AD$16,MATCH(I$1,$X$2:$X$16,0),0))) -> 4512.25 | J17: =IF($A17="","",SUMPRODUCT($B17:$G17,INDEX($Y$2:$AD$16,MATCH(J$1,$X$2:$X$16,0),0))) -> 17698 | K17: =IF($A17="","",SUMPRODUCT($B17:$G17,INDEX($Y$2:$AD$16,MATCH(K$1,$X$2:$X$16,0),0))) -> 30000 | L17: =IF($A17="","",SUMPRODUCT($B17:$G17,INDEX($Y$2:$AD$16,MATCH(L$1,$X$2:$X$16,0),0))) -> 15000 | M17: =IF($A17="","",SUMPRODUCT($B17:$G17,INDEX($Y$2:$AD$16,MATCH(M$1,$X$2:$X$16,0),0))) -> 0 | N17: =IF($A17="","",SUMPRODUCT($B17:$G17,INDEX($Y$2:$AD$16,MATCH(N$1,$X$2:$X$16,0),0))) -> 0 | O17: =IF($A17="","",SUMPRODUCT($B17:$G17,INDEX($Y$2:$AD$16,MATCH(O$1,$X$2:$X$16,0),0))) -> 3000 | ... V17: =IF($A17="","",SUMPRODUCT($B17:$G17,INDEX($Y$2:$AD$16,MATCH(V$1,$X$2:$X$16,0),0))) -> 2596
A18: 46244 | B18: =IF($A18="","",SUMIFS(MPS!$J:$J,MPS!$A:$A,B$1,MPS!$C:$C,$A18)) -> 4248 | C18: =IF($A18="","",SUMIFS(MPS!$J:$J,MPS!$A:$A,C$1,MPS!$C:$C,$A18)) -> 2400 | D18: =IF($A18="","",SUMIFS(MPS!$J:$J,MPS!$A:$A,D$1,MPS!$C:$C,$A18)) -> 1000 | E18: =IF($A18="","",SUMIFS(MPS!$J:$J,MPS!$A:$A,E$1,MPS!$C:$C,$A18)) -> 0 | F18: =IF($A18="","",SUMIFS(MPS!$J:$J,MPS!$A:$A,F$1,MPS!$C:$C,$A18)) -> 300 | G18: =IF($A18="","",SUMIFS(MPS!$J:$J,MPS!$A:$A,G$1,MPS!$C:$C,$A18)) -> 1300 | H18: =IF($A18="","",SUMPRODUCT($B18:$G18,INDEX($Y$2:$AD$16,MATCH(H$1,$X$2:$X$16,0),0))) -> 9248 | I18: =IF($A18="","",SUMPRODUCT($B18:$G18,INDEX($Y$2:$AD$16,MATCH(I$1,$X$2:$X$16,0),0))) -> 2474.5 | J18: =IF($A18="","",SUMPRODUCT($B18:$G18,INDEX($Y$2:$AD$16,MATCH(J$1,$X$2:$X$16,0),0))) -> 9248 | K18: =IF($A18="","",SUMPRODUCT($B18:$G18,INDEX($Y$2:$AD$16,MATCH(K$1,$X$2:$X$16,0),0))) -> 8496 | L18: =IF($A18="","",SUMPRODUCT($B18:$G18,INDEX($Y$2:$AD$16,MATCH(L$1,$X$2:$X$16,0),0))) -> 4248 | M18: =IF($A18="","",SUMPRODUCT($B18:$G18,INDEX($Y$2:$AD$16,MATCH(M$1,$X$2:$X$16,0),0))) -> 6000 | N18: =IF($A18="","",SUMPRODUCT($B18:$G18,INDEX($Y$2:$AD$16,MATCH(N$1,$X$2:$X$16,0),0))) -> 3600 | O18: =IF($A18="","",SUMPRODUCT($B18:$G18,INDEX($Y$2:$AD$16,MATCH(O$1,$X$2:$X$16,0),0))) -> 3000 | ... V18: =IF($A18="","",SUMPRODUCT($B18:$G18,INDEX($Y$2:$AD$16,MATCH(V$1,$X$2:$X$16,0),0))) -> 2600
A19: 46251 | B19: =IF($A19="","",SUMIFS(MPS!$J:$J,MPS!$A:$A,B$1,MPS!$C:$C,$A19)) -> 4248 | C19: =IF($A19="","",SUMIFS(MPS!$J:$J,MPS!$A:$A,C$1,MPS!$C:$C,$A19)) -> 2400 | D19: =IF($A19="","",SUMIFS(MPS!$J:$J,MPS!$A:$A,D$1,MPS!$C:$C,$A19)) -> 1000 | E19: =IF($A19="","",SUMIFS(MPS!$J:$J,MPS!$A:$A,E$1,MPS!$C:$C,$A19)) -> 0 | F19: =IF($A19="","",SUMIFS(MPS!$J:$J,MPS!$A:$A,F$1,MPS!$C:$C,$A19)) -> 0 | G19: =IF($A19="","",SUMIFS(MPS!$J:$J,MPS!$A:$A,G$1,MPS!$C:$C,$A19)) -> 1298 | H19: =IF($A19="","",SUMPRODUCT($B19:$G19,INDEX($Y$2:$AD$16,MATCH(H$1,$X$2:$X$16,0),0))) -> 8946 | I19: =IF($A19="","",SUMPRODUCT($B19:$G19,INDEX($Y$2:$AD$16,MATCH(I$1,$X$2:$X$16,0),0))) -> 2324.25 | J19: =IF($A19="","",SUMPRODUCT($B19:$G19,INDEX($Y$2:$AD$16,MATCH(J$1,$X$2:$X$16,0),0))) -> 8946 | K19: =IF($A19="","",SUMPRODUCT($B19:$G19,INDEX($Y$2:$AD$16,MATCH(K$1,$X$2:$X$16,0),0))) -> 8496 | L19: =IF($A19="","",SUMPRODUCT($B19:$G19,INDEX($Y$2:$AD$16,MATCH(L$1,$X$2:$X$16,0),0))) -> 4248 | M19: =IF($A19="","",SUMPRODUCT($B19:$G19,INDEX($Y$2:$AD$16,MATCH(M$1,$X$2:$X$16,0),0))) -> 6000 | N19: =IF($A19="","",SUMPRODUCT($B19:$G19,INDEX($Y$2:$AD$16,MATCH(N$1,$X$2:$X$16,0),0))) -> 3600 | O19: =IF($A19="","",SUMPRODUCT($B19:$G19,INDEX($Y$2:$AD$16,MATCH(O$1,$X$2:$X$16,0),0))) -> 3000 | ... V19: =IF($A19="","",SUMPRODUCT($B19:$G19,INDEX($Y$2:$AD$16,MATCH(V$1,$X$2:$X$16,0),0))) -> 2596
A20: 46258 | B20: =IF($A20="","",SUMIFS(MPS!$J:$J,MPS!$A:$A,B$1,MPS!$C:$C,$A20)) -> 4249 | C20: =IF($A20="","",SUMIFS(MPS!$J:$J,MPS!$A:$A,C$1,MPS!$C:$C,$A20)) -> 3750 | D20: =IF($A20="","",SUMIFS(MPS!$J:$J,MPS!$A:$A,D$1,MPS!$C:$C,$A20)) -> 750 | E20: =IF($A20="","",SUMIFS(MPS!$J:$J,MPS!$A:$A,E$1,MPS!$C:$C,$A20)) -> 400 | F20: =IF($A20="","",SUMIFS(MPS!$J:$J,MPS!$A:$A,F$1,MPS!$C:$C,$A20)) -> 0 | G20: =IF($A20="","",SUMIFS(MPS!$J:$J,MPS!$A:$A,G$1,MPS!$C:$C,$A20)) -> 1506 | H20: =IF($A20="","",SUMPRODUCT($B20:$G20,INDEX($Y$2:$AD$16,MATCH(H$1,$X$2:$X$16,0),0))) -> 10655 | I20: =IF($A20="","",SUMPRODUCT($B20:$G20,INDEX($Y$2:$AD$16,MATCH(I$1,$X$2:$X$16,0),0))) -> 2663 | J20: =IF($A20="","",SUMPRODUCT($B20:$G20,INDEX($Y$2:$AD$16,MATCH(J$1,$X$2:$X$16,0),0))) -> 10655 | K20: =IF($A20="","",SUMPRODUCT($B20:$G20,INDEX($Y$2:$AD$16,MATCH(K$1,$X$2:$X$16,0),0))) -> 8498 | L20: =IF($A20="","",SUMPRODUCT($B20:$G20,INDEX($Y$2:$AD$16,MATCH(L$1,$X$2:$X$16,0),0))) -> 4249 | M20: =IF($A20="","",SUMPRODUCT($B20:$G20,INDEX($Y$2:$AD$16,MATCH(M$1,$X$2:$X$16,0),0))) -> 9375 | N20: =IF($A20="","",SUMPRODUCT($B20:$G20,INDEX($Y$2:$AD$16,MATCH(N$1,$X$2:$X$16,0),0))) -> 5625 | O20: =IF($A20="","",SUMPRODUCT($B20:$G20,INDEX($Y$2:$AD$16,MATCH(O$1,$X$2:$X$16,0),0))) -> 2250 | ... V20: =IF($A20="","",SUMPRODUCT($B20:$G20,INDEX($Y$2:$AD$16,MATCH(V$1,$X$2:$X$16,0),0))) -> 3012
A21: 46265 | B21: =IF($A21="","",SUMIFS(MPS!$J:$J,MPS!$A:$A,B$1,MPS!$C:$C,$A21)) -> 4248 | C21: =IF($A21="","",SUMIFS(MPS!$J:$J,MPS!$A:$A,C$1,MPS!$C:$C,$A21)) -> 3750 | D21: =IF($A21="","",SUMIFS(MPS!$J:$J,MPS!$A:$A,D$1,MPS!$C:$C,$A21)) -> 750 | E21: =IF($A21="","",SUMIFS(MPS!$J:$J,MPS!$A:$A,E$1,MPS!$C:$C,$A21)) -> 0 | F21: =IF($A21="","",SUMIFS(MPS!$J:$J,MPS!$A:$A,F$1,MPS!$C:$C,$A21)) -> 300 | G21: =IF($A21="","",SUMIFS(MPS!$J:$J,MPS!$A:$A,G$1,MPS!$C:$C,$A21)) -> 1506 | H21: =IF($A21="","",SUMPRODUCT($B21:$G21,INDEX($Y$2:$AD$16,MATCH(H$1,$X$2:$X$16,0),0))) -> 10554 | I21: =IF($A21="","",SUMPRODUCT($B21:$G21,INDEX($Y$2:$AD$16,MATCH(I$1,$X$2:$X$16,0),0))) -> 2712.75 | J21: =IF($A21="","",SUMPRODUCT($B21:$G21,INDEX($Y$2:$AD$16,MATCH(J$1,$X$2:$X$16,0),0))) -> 10554 | K21: =IF($A21="","",SUMPRODUCT($B21:$G21,INDEX($Y$2:$AD$16,MATCH(K$1,$X$2:$X$16,0),0))) -> 8496 | L21: =IF($A21="","",SUMPRODUCT($B21:$G21,INDEX($Y$2:$AD$16,MATCH(L$1,$X$2:$X$16,0),0))) -> 4248 | M21: =IF($A21="","",SUMPRODUCT($B21:$G21,INDEX($Y$2:$AD$16,MATCH(M$1,$X$2:$X$16,0),0))) -> 9375 | N21: =IF($A21="","",SUMPRODUCT($B21:$G21,INDEX($Y$2:$AD$16,MATCH(N$1,$X$2:$X$16,0),0))) -> 5625 | O21: =IF($A21="","",SUMPRODUCT($B21:$G21,INDEX($Y$2:$AD$16,MATCH(O$1,$X$2:$X$16,0),0))) -> 2250 | ... V21: =IF($A21="","",SUMPRODUCT($B21:$G21,INDEX($Y$2:$AD$16,MATCH(V$1,$X$2:$X$16,0),0))) -> 3012
A22: 46272 | B22: =IF($A22="","",SUMIFS(MPS!$J:$J,MPS!$A:$A,B$1,MPS!$C:$C,$A22)) -> 2391 | C22: =IF($A22="","",SUMIFS(MPS!$J:$J,MPS!$A:$A,C$1,MPS!$C:$C,$A22)) -> 3750 | D22: =IF($A22="","",SUMIFS(MPS!$J:$J,MPS!$A:$A,D$1,MPS!$C:$C,$A22)) -> 750 | E22: =IF($A22="","",SUMIFS(MPS!$J:$J,MPS!$A:$A,E$1,MPS!$C:$C,$A22)) -> 400 | F22: =IF($A22="","",SUMIFS(MPS!$J:$J,MPS!$A:$A,F$1,MPS!$C:$C,$A22)) -> 0 | G22: =IF($A22="","",SUMIFS(MPS!$J:$J,MPS!$A:$A,G$1,MPS!$C:$C,$A22)) -> 1506 | H22: =IF($A22="","",SUMPRODUCT($B22:$G22,INDEX($Y$2:$AD$16,MATCH(H$1,$X$2:$X$16,0),0))) -> 8797 | I22: =IF($A22="","",SUMPRODUCT($B22:$G22,INDEX($Y$2:$AD$16,MATCH(I$1,$X$2:$X$16,0),0))) -> 2198.5 | J22: =IF($A22="","",SUMPRODUCT($B22:$G22,INDEX($Y$2:$AD$16,MATCH(J$1,$X$2:$X$16,0),0))) -> 8797 | K22: =IF($A22="","",SUMPRODUCT($B22:$G22,INDEX($Y$2:$AD$16,MATCH(K$1,$X$2:$X$16,0),0))) -> 4782 | L22: =IF($A22="","",SUMPRODUCT($B22:$G22,INDEX($Y$2:$AD$16,MATCH(L$1,$X$2:$X$16,0),0))) -> 2391 | M22: =IF($A22="","",SUMPRODUCT($B22:$G22,INDEX($Y$2:$AD$16,MATCH(M$1,$X$2:$X$16,0),0))) -> 9375 | N22: =IF($A22="","",SUMPRODUCT($B22:$G22,INDEX($Y$2:$AD$16,MATCH(N$1,$X$2:$X$16,0),0))) -> 5625 | O22: =IF($A22="","",SUMPRODUCT($B22:$G22,INDEX($Y$2:$AD$16,MATCH(O$1,$X$2:$X$16,0),0))) -> 2250 | ... V22: =IF($A22="","",SUMPRODUCT($B22:$G22,INDEX($Y$2:$AD$16,MATCH(V$1,$X$2:$X$16,0),0))) -> 3012
A23: 46279 | B23: =IF($A23="","",SUMIFS(MPS!$J:$J,MPS!$A:$A,B$1,MPS!$C:$C,$A23)) -> 2392 | C23: =IF($A23="","",SUMIFS(MPS!$J:$J,MPS!$A:$A,C$1,MPS!$C:$C,$A23)) -> 3750 | D23: =IF($A23="","",SUMIFS(MPS!$J:$J,MPS!$A:$A,D$1,MPS!$C:$C,$A23)) -> 750 | E23: =IF($A23="","",SUMIFS(MPS!$J:$J,MPS!$A:$A,E$1,MPS!$C:$C,$A23)) -> 0 | F23: =IF($A23="","",SUMIFS(MPS!$J:$J,MPS!$A:$A,F$1,MPS!$C:$C,$A23)) -> 0 | G23: =IF($A23="","",SUMIFS(MPS!$J:$J,MPS!$A:$A,G$1,MPS!$C:$C,$A23)) -> 1506 | H23: =IF($A23="","",SUMPRODUCT($B23:$G23,INDEX($Y$2:$AD$16,MATCH(H$1,$X$2:$X$16,0),0))) -> 8398 | I23: =IF($A23="","",SUMPRODUCT($B23:$G23,INDEX($Y$2:$AD$16,MATCH(I$1,$X$2:$X$16,0),0))) -> 2098.75 | J23: =IF($A23="","",SUMPRODUCT($B23:$G23,INDEX($Y$2:$AD$16,MATCH(J$1,$X$2:$X$16,0),0))) -> 8398 | K23: =IF($A23="","",SUMPRODUCT($B23:$G23,INDEX($Y$2:$AD$16,MATCH(K$1,$X$2:$X$16,0),0))) -> 4784 | L23: =IF($A23="","",SUMPRODUCT($B23:$G23,INDEX($Y$2:$AD$16,MATCH(L$1,$X$2:$X$16,0),0))) -> 2392 | M23: =IF($A23="","",SUMPRODUCT($B23:$G23,INDEX($Y$2:$AD$16,MATCH(M$1,$X$2:$X$16,0),0))) -> 9375 | N23: =IF($A23="","",SUMPRODUCT($B23:$G23,INDEX($Y$2:$AD$16,MATCH(N$1,$X$2:$X$16,0),0))) -> 5625 | O23: =IF($A23="","",SUMPRODUCT($B23:$G23,INDEX($Y$2:$AD$16,MATCH(O$1,$X$2:$X$16,0),0))) -> 2250 | ... V23: =IF($A23="","",SUMPRODUCT($B23:$G23,INDEX($Y$2:$AD$16,MATCH(V$1,$X$2:$X$16,0),0))) -> 3012
A24: 46286 | B24: =IF($A24="","",SUMIFS(MPS!$J:$J,MPS!$A:$A,B$1,MPS!$C:$C,$A24)) -> 2391 | C24: =IF($A24="","",SUMIFS(MPS!$J:$J,MPS!$A:$A,C$1,MPS!$C:$C,$A24)) -> 3000 | D24: =IF($A24="","",SUMIFS(MPS!$J:$J,MPS!$A:$A,D$1,MPS!$C:$C,$A24)) -> 600 | E24: =IF($A24="","",SUMIFS(MPS!$J:$J,MPS!$A:$A,E$1,MPS!$C:$C,$A24)) -> 360 | F24: =IF($A24="","",SUMIFS(MPS!$J:$J,MPS!$A:$A,F$1,MPS!$C:$C,$A24)) -> 0 | G24: =IF($A24="","",SUMIFS(MPS!$J:$J,MPS!$A:$A,G$1,MPS!$C:$C,$A24)) -> 1446 | H24: =IF($A24="","",SUMPRODUCT($B24:$G24,INDEX($Y$2:$AD$16,MATCH(H$1,$X$2:$X$16,0),0))) -> 7797 | I24: =IF($A24="","",SUMPRODUCT($B24:$G24,INDEX($Y$2:$AD$16,MATCH(I$1,$X$2:$X$16,0),0))) -> 1918.5 | J24: =IF($A24="","",SUMPRODUCT($B24:$G24,INDEX($Y$2:$AD$16,MATCH(J$1,$X$2:$X$16,0),0))) -> 7797 | K24: =IF($A24="","",SUMPRODUCT($B24:$G24,INDEX($Y$2:$AD$16,MATCH(K$1,$X$2:$X$16,0),0))) -> 4782 | L24: =IF($A24="","",SUMPRODUCT($B24:$G24,INDEX($Y$2:$AD$16,MATCH(L$1,$X$2:$X$16,0),0))) -> 2391 | M24: =IF($A24="","",SUMPRODUCT($B24:$G24,INDEX($Y$2:$AD$16,MATCH(M$1,$X$2:$X$16,0),0))) -> 7500 | N24: =IF($A24="","",SUMPRODUCT($B24:$G24,INDEX($Y$2:$AD$16,MATCH(N$1,$X$2:$X$16,0),0))) -> 4500 | O24: =IF($A24="","",SUMPRODUCT($B24:$G24,INDEX($Y$2:$AD$16,MATCH(O$1,$X$2:$X$16,0),0))) -> 1800 | ... V24: =IF($A24="","",SUMPRODUCT($B24:$G24,INDEX($Y$2:$AD$16,MATCH(V$1,$X$2:$X$16,0),0))) -> 2892
A25: 46293 | B25: =IF($A25="","",SUMIFS(MPS!$J:$J,MPS!$A:$A,B$1,MPS!$C:$C,$A25)) -> 6459 | C25: =IF($A25="","",SUMIFS(MPS!$J:$J,MPS!$A:$A,C$1,MPS!$C:$C,$A25)) -> 3000 | D25: =IF($A25="","",SUMIFS(MPS!$J:$J,MPS!$A:$A,D$1,MPS!$C:$C,$A25)) -> 600 | E25: =IF($A25="","",SUMIFS(MPS!$J:$J,MPS!$A:$A,E$1,MPS!$C:$C,$A25)) -> 360 | F25: =IF($A25="","",SUMIFS(MPS!$J:$J,MPS!$A:$A,F$1,MPS!$C:$C,$A25)) -> 300 | G25: =IF($A25="","",SUMIFS(MPS!$J:$J,MPS!$A:$A,G$1,MPS!$C:$C,$A25)) -> 0 | H25: =IF($A25="","",SUMPRODUCT($B25:$G25,INDEX($Y$2:$AD$16,MATCH(H$1,$X$2:$X$16,0),0))) -> 10719 | I25: =IF($A25="","",SUMPRODUCT($B25:$G25,INDEX($Y$2:$AD$16,MATCH(I$1,$X$2:$X$16,0),0))) -> 2904.75 | J25: =IF($A25="","",SUMPRODUCT($B25:$G25,INDEX($Y$2:$AD$16,MATCH(J$1,$X$2:$X$16,0),0))) -> 10719 | K25: =IF($A25="","",SUMPRODUCT($B25:$G25,INDEX($Y$2:$AD$16,MATCH(K$1,$X$2:$X$16,0),0))) -> 12918 | L25: =IF($A25="","",SUMPRODUCT($B25:$G25,INDEX($Y$2:$AD$16,MATCH(L$1,$X$2:$X$16,0),0))) -> 6459 | M25: =IF($A25="","",SUMPRODUCT($B25:$G25,INDEX($Y$2:$AD$16,MATCH(M$1,$X$2:$X$16,0),0))) -> 7500 | N25: =IF($A25="","",SUMPRODUCT($B25:$G25,INDEX($Y$2:$AD$16,MATCH(N$1,$X$2:$X$16,0),0))) -> 4500 | O25: =IF($A25="","",SUMPRODUCT($B25:$G25,INDEX($Y$2:$AD$16,MATCH(O$1,$X$2:$X$16,0),0))) -> 1800 | ... V25: =IF($A25="","",SUMPRODUCT($B25:$G25,INDEX($Y$2:$AD$16,MATCH(V$1,$X$2:$X$16,0),0))) -> 0
A26: 46300 | B26: =IF($A26="","",SUMIFS(MPS!$J:$J,MPS!$A:$A,B$1,MPS!$C:$C,$A26)) -> 15000 | C26: =IF($A26="","",SUMIFS(MPS!$J:$J,MPS!$A:$A,C$1,MPS!$C:$C,$A26)) -> 3000 | D26: =IF($A26="","",SUMIFS(MPS!$J:$J,MPS!$A:$A,D$1,MPS!$C:$C,$A26)) -> 600 | E26: =IF($A26="","",SUMIFS(MPS!$J:$J,MPS!$A:$A,E$1,MPS!$C:$C,$A26)) -> 360 | F26: =IF($A26="","",SUMIFS(MPS!$J:$J,MPS!$A:$A,F$1,MPS!$C:$C,$A26)) -> 0 | G26: =IF($A26="","",SUMIFS(MPS!$J:$J,MPS!$A:$A,G$1,MPS!$C:$C,$A26)) -> 0 | H26: =IF($A26="","",SUMPRODUCT($B26:$G26,INDEX($Y$2:$AD$16,MATCH(H$1,$X$2:$X$16,0),0))) -> 18960 | I26: =IF($A26="","",SUMPRODUCT($B26:$G26,INDEX($Y$2:$AD$16,MATCH(I$1,$X$2:$X$16,0),0))) -> 4890 | J26: =IF($A26="","",SUMPRODUCT($B26:$G26,INDEX($Y$2:$AD$16,MATCH(J$1,$X$2:$X$16,0),0))) -> 18960 | K26: =IF($A26="","",SUMPRODUCT($B26:$G26,INDEX($Y$2:$AD$16,MATCH(K$1,$X$2:$X$16,0),0))) -> 30000 | L26: =IF($A26="","",SUMPRODUCT($B26:$G26,INDEX($Y$2:$AD$16,MATCH(L$1,$X$2:$X$16,0),0))) -> 15000 | M26: =IF($A26="","",SUMPRODUCT($B26:$G26,INDEX($Y$2:$AD$16,MATCH(M$1,$X$2:$X$16,0),0))) -> 7500 | N26: =IF($A26="","",SUMPRODUCT($B26:$G26,INDEX($Y$2:$AD$16,MATCH(N$1,$X$2:$X$16,0),0))) -> 4500 | O26: =IF($A26="","",SUMPRODUCT($B26:$G26,INDEX($Y$2:$AD$16,MATCH(O$1,$X$2:$X$16,0),0))) -> 1800 | ... V26: =IF($A26="","",SUMPRODUCT($B26:$G26,INDEX($Y$2:$AD$16,MATCH(V$1,$X$2:$X$16,0),0))) -> 0
A27: 46307 | B27: =IF($A27="","",SUMIFS(MPS!$J:$J,MPS!$A:$A,B$1,MPS!$C:$C,$A27)) -> 15000 | C27: =IF($A27="","",SUMIFS(MPS!$J:$J,MPS!$A:$A,C$1,MPS!$C:$C,$A27)) -> 3000 | D27: =IF($A27="","",SUMIFS(MPS!$J:$J,MPS!$A:$A,D$1,MPS!$C:$C,$A27)) -> 600 | E27: =IF($A27="","",SUMIFS(MPS!$J:$J,MPS!$A:$A,E$1,MPS!$C:$C,$A27)) -> 360 | F27: =IF($A27="","",SUMIFS(MPS!$J:$J,MPS!$A:$A,F$1,MPS!$C:$C,$A27)) -> 0 | G27: =IF($A27="","",SUMIFS(MPS!$J:$J,MPS!$A:$A,G$1,MPS!$C:$C,$A27)) -> 1448 | H27: =IF($A27="","",SUMPRODUCT($B27:$G27,INDEX($Y$2:$AD$16,MATCH(H$1,$X$2:$X$16,0),0))) -> 20408 | I27: =IF($A27="","",SUMPRODUCT($B27:$G27,INDEX($Y$2:$AD$16,MATCH(I$1,$X$2:$X$16,0),0))) -> 5071 | J27: =IF($A27="","",SUMPRODUCT($B27:$G27,INDEX($Y$2:$AD$16,MATCH(J$1,$X$2:$X$16,0),0))) -> 20408 | K27: =IF($A27="","",SUMPRODUCT($B27:$G27,INDEX($Y$2:$AD$16,MATCH(K$1,$X$2:$X$16,0),0))) -> 30000 | L27: =IF($A27="","",SUMPRODUCT($B27:$G27,INDEX($Y$2:$AD$16,MATCH(L$1,$X$2:$X$16,0),0))) -> 15000 | M27: =IF($A27="","",SUMPRODUCT($B27:$G27,INDEX($Y$2:$AD$16,MATCH(M$1,$X$2:$X$16,0),0))) -> 7500 | N27: =IF($A27="","",SUMPRODUCT($B27:$G27,INDEX($Y$2:$AD$16,MATCH(N$1,$X$2:$X$16,0),0))) -> 4500 | O27: =IF($A27="","",SUMPRODUCT($B27:$G27,INDEX($Y$2:$AD$16,MATCH(O$1,$X$2:$X$16,0),0))) -> 1800 | ... V27: =IF($A27="","",SUMPRODUCT($B27:$G27,INDEX($Y$2:$AD$16,MATCH(V$1,$X$2:$X$16,0),0))) -> 2896
A28: 46314 | B28: =IF($A28="","",SUMIFS(MPS!$J:$J,MPS!$A:$A,B$1,MPS!$C:$C,$A28)) -> 15000 | C28: =IF($A28="","",SUMIFS(MPS!$J:$J,MPS!$A:$A,C$1,MPS!$C:$C,$A28)) -> 3000 | D28: =IF($A28="","",SUMIFS(MPS!$J:$J,MPS!$A:$A,D$1,MPS!$C:$C,$A28)) -> 600 | E28: =IF($A28="","",SUMIFS(MPS!$J:$J,MPS!$A:$A,E$1,MPS!$C:$C,$A28)) -> 360 | F28: =IF($A28="","",SUMIFS(MPS!$J:$J,MPS!$A:$A,F$1,MPS!$C:$C,$A28)) -> 0 | G28: =IF($A28="","",SUMIFS(MPS!$J:$J,MPS!$A:$A,G$1,MPS!$C:$C,$A28)) -> 1448 | H28: =IF($A28="","",SUMPRODUCT($B28:$G28,INDEX($Y$2:$AD$16,MATCH(H$1,$X$2:$X$16,0),0))) -> 20408 | I28: =IF($A28="","",SUMPRODUCT($B28:$G28,INDEX($Y$2:$AD$16,MATCH(I$1,$X$2:$X$16,0),0))) -> 5071 | J28: =IF($A28="","",SUMPRODUCT($B28:$G28,INDEX($Y$2:$AD$16,MATCH(J$1,$X$2:$X$16,0),0))) -> 20408 | K28: =IF($A28="","",SUMPRODUCT($B28:$G28,INDEX($Y$2:$AD$16,MATCH(K$1,$X$2:$X$16,0),0))) -> 30000 | L28: =IF($A28="","",SUMPRODUCT($B28:$G28,INDEX($Y$2:$AD$16,MATCH(L$1,$X$2:$X$16,0),0))) -> 15000 | M28: =IF($A28="","",SUMPRODUCT($B28:$G28,INDEX($Y$2:$AD$16,MATCH(M$1,$X$2:$X$16,0),0))) -> 7500 | N28: =IF($A28="","",SUMPRODUCT($B28:$G28,INDEX($Y$2:$AD$16,MATCH(N$1,$X$2:$X$16,0),0))) -> 4500 | O28: =IF($A28="","",SUMPRODUCT($B28:$G28,INDEX($Y$2:$AD$16,MATCH(O$1,$X$2:$X$16,0),0))) -> 1800 | ... V28: =IF($A28="","",SUMPRODUCT($B28:$G28,INDEX($Y$2:$AD$16,MATCH(V$1,$X$2:$X$16,0),0))) -> 2896
... A36: 46370 | B36: =IF($A36="","",SUMIFS(MPS!$J:$J,MPS!$A:$A,B$1,MPS!$C:$C,$A36)) -> 8325 | C36: =IF($A36="","",SUMIFS(MPS!$J:$J,MPS!$A:$A,C$1,MPS!$C:$C,$A36)) -> 6250 | D36: =IF($A36="","",SUMIFS(MPS!$J:$J,MPS!$A:$A,D$1,MPS!$C:$C,$A36)) -> 3000 | E36: =IF($A36="","",SUMIFS(MPS!$J:$J,MPS!$A:$A,E$1,MPS!$C:$C,$A36)) -> 1250 | F36: =IF($A36="","",SUMIFS(MPS!$J:$J,MPS!$A:$A,F$1,MPS!$C:$C,$A36)) -> 0 | G36: =IF($A36="","",SUMIFS(MPS!$J:$J,MPS!$A:$A,G$1,MPS!$C:$C,$A36)) -> 1928 | H36: =IF($A36="","",SUMPRODUCT($B36:$G36,INDEX($Y$2:$AD$16,MATCH(H$1,$X$2:$X$16,0),0))) -> 20753 | I36: =IF($A36="","",SUMPRODUCT($B36:$G36,INDEX($Y$2:$AD$16,MATCH(I$1,$X$2:$X$16,0),0))) -> 5697.25 | J36: =IF($A36="","",SUMPRODUCT($B36:$G36,INDEX($Y$2:$AD$16,MATCH(J$1,$X$2:$X$16,0),0))) -> 20753 | K36: =IF($A36="","",SUMPRODUCT($B36:$G36,INDEX($Y$2:$AD$16,MATCH(K$1,$X$2:$X$16,0),0))) -> 16650 | L36: =IF($A36="","",SUMPRODUCT($B36:$G36,INDEX($Y$2:$AD$16,MATCH(L$1,$X$2:$X$16,0),0))) -> 8325 | M36: =IF($A36="","",SUMPRODUCT($B36:$G36,INDEX($Y$2:$AD$16,MATCH(M$1,$X$2:$X$16,0),0))) -> 15625 | N36: =IF($A36="","",SUMPRODUCT($B36:$G36,INDEX($Y$2:$AD$16,MATCH(N$1,$X$2:$X$16,0),0))) -> 9375 | O36: =IF($A36="","",SUMPRODUCT($B36:$G36,INDEX($Y$2:$AD$16,MATCH(O$1,$X$2:$X$16,0),0))) -> 9000 | ... V36: =IF($A36="","",SUMPRODUCT($B36:$G36,INDEX($Y$2:$AD$16,MATCH(V$1,$X$2:$X$16,0),0))) -> 3856
B37: =IF($A37="","",SUMIFS([1]weekly_demand!$D:$D,[1]weekly_demand!$A:$A,B$1,[1]weekly_demand!$C:$C,$A37)) | C37: =IF($A37="","",SUMIFS([1]weekly_demand!$D:$D,[1]weekly_demand!$A:$A,C$1,[1]weekly_demand!$C:$C,$A37)) | D37: =IF($A37="","",SUMIFS([1]weekly_demand!$D:$D,[1]weekly_demand!$A:$A,D$1,[1]weekly_demand!$C:$C,$A37)) | E37: =IF($A37="","",SUMIFS([1]weekly_demand!$D:$D,[1]weekly_demand!$A:$A,E$1,[1]weekly_demand!$C:$C,$A37)) | F37: =IF($A37="","",SUMIFS([1]weekly_demand!$D:$D,[1]weekly_demand!$A:$A,F$1,[1]weekly_demand!$C:$C,$A37)) | G37: =IF($A37="","",SUMIFS([1]weekly_demand!$D:$D,[1]weekly_demand!$A:$A,G$1,[1]weekly_demand!$C:$C,$A37)) | H37: =IF($A37="","",SUMPRODUCT($B37:$G37,INDEX($Y$2:$AD$16,MATCH(H$1,$X$2:$X$16,0),0))) | I37: =IF($A37="","",SUMPRODUCT($B37:$G37,INDEX($Y$2:$AD$16,MATCH(I$1,$X$2:$X$16,0),0))) | J37: =IF($A37="","",SUMPRODUCT($B37:$G37,INDEX($Y$2:$AD$16,MATCH(J$1,$X$2:$X$16,0),0))) | K37: =IF($A37="","",SUMPRODUCT($B37:$G37,INDEX($Y$2:$AD$16,MATCH(K$1,$X$2:$X$16,0),0))) | L37: =IF($A37="","",SUMPRODUCT($B37:$G37,INDEX($Y$2:$AD$16,MATCH(L$1,$X$2:$X$16,0),0))) | M37: =IF($A37="","",SUMPRODUCT($B37:$G37,INDEX($Y$2:$AD$16,MATCH(M$1,$X$2:$X$16,0),0))) | N37: =IF($A37="","",SUMPRODUCT($B37:$G37,INDEX($Y$2:$AD$16,MATCH(N$1,$X$2:$X$16,0),0))) | O37: =IF($A37="","",SUMPRODUCT($B37:$G37,INDEX($Y$2:$AD$16,MATCH(O$1,$X$2:$X$16,0),0))) | ... V37: =IF($A37="","",SUMPRODUCT($B37:$G37,INDEX($Y$2:$AD$16,MATCH(V$1,$X$2:$X$16,0),0)))
B38: =IF($A38="","",SUMIFS([1]weekly_demand!$D:$D,[1]weekly_demand!$A:$A,B$1,[1]weekly_demand!$C:$C,$A38)) | C38: =IF($A38="","",SUMIFS([1]weekly_demand!$D:$D,[1]weekly_demand!$A:$A,C$1,[1]weekly_demand!$C:$C,$A38)) | D38: =IF($A38="","",SUMIFS([1]weekly_demand!$D:$D,[1]weekly_demand!$A:$A,D$1,[1]weekly_demand!$C:$C,$A38)) | E38: =IF($A38="","",SUMIFS([1]weekly_demand!$D:$D,[1]weekly_demand!$A:$A,E$1,[1]weekly_demand!$C:$C,$A38)) | F38: =IF($A38="","",SUMIFS([1]weekly_demand!$D:$D,[1]weekly_demand!$A:$A,F$1,[1]weekly_demand!$C:$C,$A38)) | G38: =IF($A38="","",SUMIFS([1]weekly_demand!$D:$D,[1]weekly_demand!$A:$A,G$1,[1]weekly_demand!$C:$C,$A38)) | H38: =IF($A38="","",SUMPRODUCT($B38:$G38,INDEX($Y$2:$AD$16,MATCH(H$1,$X$2:$X$16,0),0))) | I38: =IF($A38="","",SUMPRODUCT($B38:$G38,INDEX($Y$2:$AD$16,MATCH(I$1,$X$2:$X$16,0),0))) | J38: =IF($A38="","",SUMPRODUCT($B38:$G38,INDEX($Y$2:$AD$16,MATCH(J$1,$X$2:$X$16,0),0))) | K38: =IF($A38="","",SUMPRODUCT($B38:$G38,INDEX($Y$2:$AD$16,MATCH(K$1,$X$2:$X$16,0),0))) | L38: =IF($A38="","",SUMPRODUCT($B38:$G38,INDEX($Y$2:$AD$16,MATCH(L$1,$X$2:$X$16,0),0))) | M38: =IF($A38="","",SUMPRODUCT($B38:$G38,INDEX($Y$2:$AD$16,MATCH(M$1,$X$2:$X$16,0),0))) | N38: =IF($A38="","",SUMPRODUCT($B38:$G38,INDEX($Y$2:$AD$16,MATCH(N$1,$X$2:$X$16,0),0))) | O38: =IF($A38="","",SUMPRODUCT($B38:$G38,INDEX($Y$2:$AD$16,MATCH(O$1,$X$2:$X$16,0),0))) | ... V38: =IF($A38="","",SUMPRODUCT($B38:$G38,INDEX($Y$2:$AD$16,MATCH(V$1,$X$2:$X$16,0),0)))
B39: =IF($A39="","",SUMIFS([1]weekly_demand!$D:$D,[1]weekly_demand!$A:$A,B$1,[1]weekly_demand!$C:$C,$A39)) | C39: =IF($A39="","",SUMIFS([1]weekly_demand!$D:$D,[1]weekly_demand!$A:$A,C$1,[1]weekly_demand!$C:$C,$A39)) | D39: =IF($A39="","",SUMIFS([1]weekly_demand!$D:$D,[1]weekly_demand!$A:$A,D$1,[1]weekly_demand!$C:$C,$A39)) | E39: =IF($A39="","",SUMIFS([1]weekly_demand!$D:$D,[1]weekly_demand!$A:$A,E$1,[1]weekly_demand!$C:$C,$A39)) | F39: =IF($A39="","",SUMIFS([1]weekly_demand!$D:$D,[1]weekly_demand!$A:$A,F$1,[1]weekly_demand!$C:$C,$A39)) | G39: =IF($A39="","",SUMIFS([1]weekly_demand!$D:$D,[1]weekly_demand!$A:$A,G$1,[1]weekly_demand!$C:$C,$A39)) | H39: =IF($A39="","",SUMPRODUCT($B39:$G39,INDEX($Y$2:$AD$16,MATCH(H$1,$X$2:$X$16,0),0))) | I39: =IF($A39="","",SUMPRODUCT($B39:$G39,INDEX($Y$2:$AD$16,MATCH(I$1,$X$2:$X$16,0),0))) | J39: =IF($A39="","",SUMPRODUCT($B39:$G39,INDEX($Y$2:$AD$16,MATCH(J$1,$X$2:$X$16,0),0))) | K39: =IF($A39="","",SUMPRODUCT($B39:$G39,INDEX($Y$2:$AD$16,MATCH(K$1,$X$2:$X$16,0),0))) | L39: =IF($A39="","",SUMPRODUCT($B39:$G39,INDEX($Y$2:$AD$16,MATCH(L$1,$X$2:$X$16,0),0))) | M39: =IF($A39="","",SUMPRODUCT($B39:$G39,INDEX($Y$2:$AD$16,MATCH(M$1,$X$2:$X$16,0),0))) | N39: =IF($A39="","",SUMPRODUCT($B39:$G39,INDEX($Y$2:$AD$16,MATCH(N$1,$X$2:$X$16,0),0))) | O39: =IF($A39="","",SUMPRODUCT($B39:$G39,INDEX($Y$2:$AD$16,MATCH(O$1,$X$2:$X$16,0),0))) | ... V39: =IF($A39="","",SUMPRODUCT($B39:$G39,INDEX($Y$2:$AD$16,MATCH(V$1,$X$2:$X$16,0),0)))
B40: =IF($A40="","",SUMIFS([1]weekly_demand!$D:$D,[1]weekly_demand!$A:$A,B$1,[1]weekly_demand!$C:$C,$A40)) | C40: =IF($A40="","",SUMIFS([1]weekly_demand!$D:$D,[1]weekly_demand!$A:$A,C$1,[1]weekly_demand!$C:$C,$A40)) | D40: =IF($A40="","",SUMIFS([1]weekly_demand!$D:$D,[1]weekly_demand!$A:$A,D$1,[1]weekly_demand!$C:$C,$A40)) | E40: =IF($A40="","",SUMIFS([1]weekly_demand!$D:$D,[1]weekly_demand!$A:$A,E$1,[1]weekly_demand!$C:$C,$A40)) | F40: =IF($A40="","",SUMIFS([1]weekly_demand!$D:$D,[1]weekly_demand!$A:$A,F$1,[1]weekly_demand!$C:$C,$A40)) | G40: =IF($A40="","",SUMIFS([1]weekly_demand!$D:$D,[1]weekly_demand!$A:$A,G$1,[1]weekly_demand!$C:$C,$A40)) | H40: =IF($A40="","",SUMPRODUCT($B40:$G40,INDEX($Y$2:$AD$16,MATCH(H$1,$X$2:$X$16,0),0))) | I40: =IF($A40="","",SUMPRODUCT($B40:$G40,INDEX($Y$2:$AD$16,MATCH(I$1,$X$2:$X$16,0),0))) | J40: =IF($A40="","",SUMPRODUCT($B40:$G40,INDEX($Y$2:$AD$16,MATCH(J$1,$X$2:$X$16,0),0))) | K40: =IF($A40="","",SUMPRODUCT($B40:$G40,INDEX($Y$2:$AD$16,MATCH(K$1,$X$2:$X$16,0),0))) | L40: =IF($A40="","",SUMPRODUCT($B40:$G40,INDEX($Y$2:$AD$16,MATCH(L$1,$X$2:$X$16,0),0))) | M40: =IF($A40="","",SUMPRODUCT($B40:$G40,INDEX($Y$2:$AD$16,MATCH(M$1,$X$2:$X$16,0),0))) | N40: =IF($A40="","",SUMPRODUCT($B40:$G40,INDEX($Y$2:$AD$16,MATCH(N$1,$X$2:$X$16,0),0))) | O40: =IF($A40="","",SUMPRODUCT($B40:$G40,INDEX($Y$2:$AD$16,MATCH(O$1,$X$2:$X$16,0),0))) | ... V40: =IF($A40="","",SUMPRODUCT($B40:$G40,INDEX($Y$2:$AD$16,MATCH(V$1,$X$2:$X$16,0),0)))
B41: =IF($A41="","",SUMIFS([1]weekly_demand!$D:$D,[1]weekly_demand!$A:$A,B$1,[1]weekly_demand!$C:$C,$A41)) | C41: =IF($A41="","",SUMIFS([1]weekly_demand!$D:$D,[1]weekly_demand!$A:$A,C$1,[1]weekly_demand!$C:$C,$A41)) | D41: =IF($A41="","",SUMIFS([1]weekly_demand!$D:$D,[1]weekly_demand!$A:$A,D$1,[1]weekly_demand!$C:$C,$A41)) | E41: =IF($A41="","",SUMIFS([1]weekly_demand!$D:$D,[1]weekly_demand!$A:$A,E$1,[1]weekly_demand!$C:$C,$A41)) | F41: =IF($A41="","",SUMIFS([1]weekly_demand!$D:$D,[1]weekly_demand!$A:$A,F$1,[1]weekly_demand!$C:$C,$A41)) | G41: =IF($A41="","",SUMIFS([1]weekly_demand!$D:$D,[1]weekly_demand!$A:$A,G$1,[1]weekly_demand!$C:$C,$A41)) | H41: =IF($A41="","",SUMPRODUCT($B41:$G41,INDEX($Y$2:$AD$16,MATCH(H$1,$X$2:$X$16,0),0))) | I41: =IF($A41="","",SUMPRODUCT($B41:$G41,INDEX($Y$2:$AD$16,MATCH(I$1,$X$2:$X$16,0),0))) | J41: =IF($A41="","",SUMPRODUCT($B41:$G41,INDEX($Y$2:$AD$16,MATCH(J$1,$X$2:$X$16,0),0))) | K41: =IF($A41="","",SUMPRODUCT($B41:$G41,INDEX($Y$2:$AD$16,MATCH(K$1,$X$2:$X$16,0),0))) | L41: =IF($A41="","",SUMPRODUCT($B41:$G41,INDEX($Y$2:$AD$16,MATCH(L$1,$X$2:$X$16,0),0))) | M41: =IF($A41="","",SUMPRODUCT($B41:$G41,INDEX($Y$2:$AD$16,MATCH(M$1,$X$2:$X$16,0),0))) | N41: =IF($A41="","",SUMPRODUCT($B41:$G41,INDEX($Y$2:$AD$16,MATCH(N$1,$X$2:$X$16,0),0))) | O41: =IF($A41="","",SUMPRODUCT($B41:$G41,INDEX($Y$2:$AD$16,MATCH(O$1,$X$2:$X$16,0),0))) | ... V41: =IF($A41="","",SUMPRODUCT($B41:$G41,INDEX($Y$2:$AD$16,MATCH(V$1,$X$2:$X$16,0),0)))
B42: =IF($A42="","",SUMIFS([1]weekly_demand!$D:$D,[1]weekly_demand!$A:$A,B$1,[1]weekly_demand!$C:$C,$A42)) | C42: =IF($A42="","",SUMIFS([1]weekly_demand!$D:$D,[1]weekly_demand!$A:$A,C$1,[1]weekly_demand!$C:$C,$A42)) | D42: =IF($A42="","",SUMIFS([1]weekly_demand!$D:$D,[1]weekly_demand!$A:$A,D$1,[1]weekly_demand!$C:$C,$A42)) | E42: =IF($A42="","",SUMIFS([1]weekly_demand!$D:$D,[1]weekly_demand!$A:$A,E$1,[1]weekly_demand!$C:$C,$A42)) | F42: =IF($A42="","",SUMIFS([1]weekly_demand!$D:$D,[1]weekly_demand!$A:$A,F$1,[1]weekly_demand!$C:$C,$A42)) | G42: =IF($A42="","",SUMIFS([1]weekly_demand!$D:$D,[1]weekly_demand!$A:$A,G$1,[1]weekly_demand!$C:$C,$A42)) | H42: =IF($A42="","",SUMPRODUCT($B42:$G42,INDEX($Y$2:$AD$16,MATCH(H$1,$X$2:$X$16,0),0))) | I42: =IF($A42="","",SUMPRODUCT($B42:$G42,INDEX($Y$2:$AD$16,MATCH(I$1,$X$2:$X$16,0),0))) | J42: =IF($A42="","",SUMPRODUCT($B42:$G42,INDEX($Y$2:$AD$16,MATCH(J$1,$X$2:$X$16,0),0))) | K42: =IF($A42="","",SUMPRODUCT($B42:$G42,INDEX($Y$2:$AD$16,MATCH(K$1,$X$2:$X$16,0),0))) | L42: =IF($A42="","",SUMPRODUCT($B42:$G42,INDEX($Y$2:$AD$16,MATCH(L$1,$X$2:$X$16,0),0))) | M42: =IF($A42="","",SUMPRODUCT($B42:$G42,INDEX($Y$2:$AD$16,MATCH(M$1,$X$2:$X$16,0),0))) | N42: =IF($A42="","",SUMPRODUCT($B42:$G42,INDEX($Y$2:$AD$16,MATCH(N$1,$X$2:$X$16,0),0))) | O42: =IF($A42="","",SUMPRODUCT($B42:$G42,INDEX($Y$2:$AD$16,MATCH(O$1,$X$2:$X$16,0),0))) | ... V42: =IF($A42="","",SUMPRODUCT($B42:$G42,INDEX($Y$2:$AD$16,MATCH(V$1,$X$2:$X$16,0),0)))
B43: =IF($A43="","",SUMIFS([1]weekly_demand!$D:$D,[1]weekly_demand!$A:$A,B$1,[1]weekly_demand!$C:$C,$A43)) | C43: =IF($A43="","",SUMIFS([1]weekly_demand!$D:$D,[1]weekly_demand!$A:$A,C$1,[1]weekly_demand!$C:$C,$A43)) | D43: =IF($A43="","",SUMIFS([1]weekly_demand!$D:$D,[1]weekly_demand!$A:$A,D$1,[1]weekly_demand!$C:$C,$A43)) | E43: =IF($A43="","",SUMIFS([1]weekly_demand!$D:$D,[1]weekly_demand!$A:$A,E$1,[1]weekly_demand!$C:$C,$A43)) | F43: =IF($A43="","",SUMIFS([1]weekly_demand!$D:$D,[1]weekly_demand!$A:$A,F$1,[1]weekly_demand!$C:$C,$A43)) | G43: =IF($A43="","",SUMIFS([1]weekly_demand!$D:$D,[1]weekly_demand!$A:$A,G$1,[1]weekly_demand!$C:$C,$A43)) | H43: =IF($A43="","",SUMPRODUCT($B43:$G43,INDEX($Y$2:$AD$16,MATCH(H$1,$X$2:$X$16,0),0))) | I43: =IF($A43="","",SUMPRODUCT($B43:$G43,INDEX($Y$2:$AD$16,MATCH(I$1,$X$2:$X$16,0),0))) | J43: =IF($A43="","",SUMPRODUCT($B43:$G43,INDEX($Y$2:$AD$16,MATCH(J$1,$X$2:$X$16,0),0))) | K43: =IF($A43="","",SUMPRODUCT($B43:$G43,INDEX($Y$2:$AD$16,MATCH(K$1,$X$2:$X$16,0),0))) | L43: =IF($A43="","",SUMPRODUCT($B43:$G43,INDEX($Y$2:$AD$16,MATCH(L$1,$X$2:$X$16,0),0))) | M43: =IF($A43="","",SUMPRODUCT($B43:$G43,INDEX($Y$2:$AD$16,MATCH(M$1,$X$2:$X$16,0),0))) | N43: =IF($A43="","",SUMPRODUCT($B43:$G43,INDEX($Y$2:$AD$16,MATCH(N$1,$X$2:$X$16,0),0))) | O43: =IF($A43="","",SUMPRODUCT($B43:$G43,INDEX($Y$2:$AD$16,MATCH(O$1,$X$2:$X$16,0),0))) | ... V43: =IF($A43="","",SUMPRODUCT($B43:$G43,INDEX($Y$2:$AD$16,MATCH(V$1,$X$2:$X$16,0),0)))
B44: =IF($A44="","",SUMIFS([1]weekly_demand!$D:$D,[1]weekly_demand!$A:$A,B$1,[1]weekly_demand!$C:$C,$A44)) | C44: =IF($A44="","",SUMIFS([1]weekly_demand!$D:$D,[1]weekly_demand!$A:$A,C$1,[1]weekly_demand!$C:$C,$A44)) | D44: =IF($A44="","",SUMIFS([1]weekly_demand!$D:$D,[1]weekly_demand!$A:$A,D$1,[1]weekly_demand!$C:$C,$A44)) | E44: =IF($A44="","",SUMIFS([1]weekly_demand!$D:$D,[1]weekly_demand!$A:$A,E$1,[1]weekly_demand!$C:$C,$A44)) | F44: =IF($A44="","",SUMIFS([1]weekly_demand!$D:$D,[1]weekly_demand!$A:$A,F$1,[1]weekly_demand!$C:$C,$A44)) | G44: =IF($A44="","",SUMIFS([1]weekly_demand!$D:$D,[1]weekly_demand!$A:$A,G$1,[1]weekly_demand!$C:$C,$A44)) | H44: =IF($A44="","",SUMPRODUCT($B44:$G44,INDEX($Y$2:$AD$16,MATCH(H$1,$X$2:$X$16,0),0))) | I44: =IF($A44="","",SUMPRODUCT($B44:$G44,INDEX($Y$2:$AD$16,MATCH(I$1,$X$2:$X$16,0),0))) | J44: =IF($A44="","",SUMPRODUCT($B44:$G44,INDEX($Y$2:$AD$16,MATCH(J$1,$X$2:$X$16,0),0))) | K44: =IF($A44="","",SUMPRODUCT($B44:$G44,INDEX($Y$2:$AD$16,MATCH(K$1,$X$2:$X$16,0),0))) | L44: =IF($A44="","",SUMPRODUCT($B44:$G44,INDEX($Y$2:$AD$16,MATCH(L$1,$X$2:$X$16,0),0))) | M44: =IF($A44="","",SUMPRODUCT($B44:$G44,INDEX($Y$2:$AD$16,MATCH(M$1,$X$2:$X$16,0),0))) | N44: =IF($A44="","",SUMPRODUCT($B44:$G44,INDEX($Y$2:$AD$16,MATCH(N$1,$X$2:$X$16,0),0))) | O44: =IF($A44="","",SUMPRODUCT($B44:$G44,INDEX($Y$2:$AD$16,MATCH(O$1,$X$2:$X$16,0),0))) | ... V44: =IF($A44="","",SUMPRODUCT($B44:$G44,INDEX($Y$2:$AD$16,MATCH(V$1,$X$2:$X$16,0),0)))
B45: =IF($A45="","",SUMIFS([1]weekly_demand!$D:$D,[1]weekly_demand!$A:$A,B$1,[1]weekly_demand!$C:$C,$A45)) | C45: =IF($A45="","",SUMIFS([1]weekly_demand!$D:$D,[1]weekly_demand!$A:$A,C$1,[1]weekly_demand!$C:$C,$A45)) | D45: =IF($A45="","",SUMIFS([1]weekly_demand!$D:$D,[1]weekly_demand!$A:$A,D$1,[1]weekly_demand!$C:$C,$A45)) | E45: =IF($A45="","",SUMIFS([1]weekly_demand!$D:$D,[1]weekly_demand!$A:$A,E$1,[1]weekly_demand!$C:$C,$A45)) | F45: =IF($A45="","",SUMIFS([1]weekly_demand!$D:$D,[1]weekly_demand!$A:$A,F$1,[1]weekly_demand!$C:$C,$A45)) | G45: =IF($A45="","",SUMIFS([1]weekly_demand!$D:$D,[1]weekly_demand!$A:$A,G$1,[1]weekly_demand!$C:$C,$A45)) | H45: =IF($A45="","",SUMPRODUCT($B45:$G45,INDEX($Y$2:$AD$16,MATCH(H$1,$X$2:$X$16,0),0))) | I45: =IF($A45="","",SUMPRODUCT($B45:$G45,INDEX($Y$2:$AD$16,MATCH(I$1,$X$2:$X$16,0),0))) | J45: =IF($A45="","",SUMPRODUCT($B45:$G45,INDEX($Y$2:$AD$16,MATCH(J$1,$X$2:$X$16,0),0))) | K45: =IF($A45="","",SUMPRODUCT($B45:$G45,INDEX($Y$2:$AD$16,MATCH(K$1,$X$2:$X$16,0),0))) | L45: =IF($A45="","",SUMPRODUCT($B45:$G45,INDEX($Y$2:$AD$16,MATCH(L$1,$X$2:$X$16,0),0))) | M45: =IF($A45="","",SUMPRODUCT($B45:$G45,INDEX($Y$2:$AD$16,MATCH(M$1,$X$2:$X$16,0),0))) | N45: =IF($A45="","",SUMPRODUCT($B45:$G45,INDEX($Y$2:$AD$16,MATCH(N$1,$X$2:$X$16,0),0))) | O45: =IF($A45="","",SUMPRODUCT($B45:$G45,INDEX($Y$2:$AD$16,MATCH(O$1,$X$2:$X$16,0),0))) | ... V45: =IF($A45="","",SUMPRODUCT($B45:$G45,INDEX($Y$2:$AD$16,MATCH(V$1,$X$2:$X$16,0),0)))
B46: =IF($A46="","",SUMIFS([1]weekly_demand!$D:$D,[1]weekly_demand!$A:$A,B$1,[1]weekly_demand!$C:$C,$A46)) | C46: =IF($A46="","",SUMIFS([1]weekly_demand!$D:$D,[1]weekly_demand!$A:$A,C$1,[1]weekly_demand!$C:$C,$A46)) | D46: =IF($A46="","",SUMIFS([1]weekly_demand!$D:$D,[1]weekly_demand!$A:$A,D$1,[1]weekly_demand!$C:$C,$A46)) | E46: =IF($A46="","",SUMIFS([1]weekly_demand!$D:$D,[1]weekly_demand!$A:$A,E$1,[1]weekly_demand!$C:$C,$A46)) | F46: =IF($A46="","",SUMIFS([1]weekly_demand!$D:$D,[1]weekly_demand!$A:$A,F$1,[1]weekly_demand!$C:$C,$A46)) | G46: =IF($A46="","",SUMIFS([1]weekly_demand!$D:$D,[1]weekly_demand!$A:$A,G$1,[1]weekly_demand!$C:$C,$A46)) | H46: =IF($A46="","",SUMPRODUCT($B46:$G46,INDEX($Y$2:$AD$16,MATCH(H$1,$X$2:$X$16,0),0))) | I46: =IF($A46="","",SUMPRODUCT($B46:$G46,INDEX($Y$2:$AD$16,MATCH(I$1,$X$2:$X$16,0),0))) | J46: =IF($A46="","",SUMPRODUCT($B46:$G46,INDEX($Y$2:$AD$16,MATCH(J$1,$X$2:$X$16,0),0))) | K46: =IF($A46="","",SUMPRODUCT($B46:$G46,INDEX($Y$2:$AD$16,MATCH(K$1,$X$2:$X$16,0),0))) | L46: =IF($A46="","",SUMPRODUCT($B46:$G46,INDEX($Y$2:$AD$16,MATCH(L$1,$X$2:$X$16,0),0))) | M46: =IF($A46="","",SUMPRODUCT($B46:$G46,INDEX($Y$2:$AD$16,MATCH(M$1,$X$2:$X$16,0),0))) | N46: =IF($A46="","",SUMPRODUCT($B46:$G46,INDEX($Y$2:$AD$16,MATCH(N$1,$X$2:$X$16,0),0))) | O46: =IF($A46="","",SUMPRODUCT($B46:$G46,INDEX($Y$2:$AD$16,MATCH(O$1,$X$2:$X$16,0),0))) | ... V46: =IF($A46="","",SUMPRODUCT($B46:$G46,INDEX($Y$2:$AD$16,MATCH(V$1,$X$2:$X$16,0),0)))
B47: =IF($A47="","",SUMIFS([1]weekly_demand!$D:$D,[1]weekly_demand!$A:$A,B$1,[1]weekly_demand!$C:$C,$A47)) | C47: =IF($A47="","",SUMIFS([1]weekly_demand!$D:$D,[1]weekly_demand!$A:$A,C$1,[1]weekly_demand!$C:$C,$A47)) | D47: =IF($A47="","",SUMIFS([1]weekly_demand!$D:$D,[1]weekly_demand!$A:$A,D$1,[1]weekly_demand!$C:$C,$A47)) | E47: =IF($A47="","",SUMIFS([1]weekly_demand!$D:$D,[1]weekly_demand!$A:$A,E$1,[1]weekly_demand!$C:$C,$A47)) | F47: =IF($A47="","",SUMIFS([1]weekly_demand!$D:$D,[1]weekly_demand!$A:$A,F$1,[1]weekly_demand!$C:$C,$A47)) | G47: =IF($A47="","",SUMIFS([1]weekly_demand!$D:$D,[1]weekly_demand!$A:$A,G$1,[1]weekly_demand!$C:$C,$A47)) | H47: =IF($A47="","",SUMPRODUCT($B47:$G47,INDEX($Y$2:$AD$16,MATCH(H$1,$X$2:$X$16,0),0))) | I47: =IF($A47="","",SUMPRODUCT($B47:$G47,INDEX($Y$2:$AD$16,MATCH(I$1,$X$2:$X$16,0),0))) | J47: =IF($A47="","",SUMPRODUCT($B47:$G47,INDEX($Y$2:$AD$16,MATCH(J$1,$X$2:$X$16,0),0))) | K47: =IF($A47="","",SUMPRODUCT($B47:$G47,INDEX($Y$2:$AD$16,MATCH(K$1,$X$2:$X$16,0),0))) | L47: =IF($A47="","",SUMPRODUCT($B47:$G47,INDEX($Y$2:$AD$16,MATCH(L$1,$X$2:$X$16,0),0))) | M47: =IF($A47="","",SUMPRODUCT($B47:$G47,INDEX($Y$2:$AD$16,MATCH(M$1,$X$2:$X$16,0),0))) | N47: =IF($A47="","",SUMPRODUCT($B47:$G47,INDEX($Y$2:$AD$16,MATCH(N$1,$X$2:$X$16,0),0))) | O47: =IF($A47="","",SUMPRODUCT($B47:$G47,INDEX($Y$2:$AD$16,MATCH(O$1,$X$2:$X$16,0),0))) | ... V47: =IF($A47="","",SUMPRODUCT($B47:$G47,INDEX($Y$2:$AD$16,MATCH(V$1,$X$2:$X$16,0),0)))
B48: =IF($A48="","",SUMIFS([1]weekly_demand!$D:$D,[1]weekly_demand!$A:$A,B$1,[1]weekly_demand!$C:$C,$A48)) | C48: =IF($A48="","",SUMIFS([1]weekly_demand!$D:$D,[1]weekly_demand!$A:$A,C$1,[1]weekly_demand!$C:$C,$A48)) | D48: =IF($A48="","",SUMIFS([1]weekly_demand!$D:$D,[1]weekly_demand!$A:$A,D$1,[1]weekly_demand!$C:$C,$A48)) | E48: =IF($A48="","",SUMIFS([1]weekly_demand!$D:$D,[1]weekly_demand!$A:$A,E$1,[1]weekly_demand!$C:$C,$A48)) | F48: =IF($A48="","",SUMIFS([1]weekly_demand!$D:$D,[1]weekly_demand!$A:$A,F$1,[1]weekly_demand!$C:$C,$A48)) | G48: =IF($A48="","",SUMIFS([1]weekly_demand!$D:$D,[1]weekly_demand!$A:$A,G$1,[1]weekly_demand!$C:$C,$A48)) | H48: =IF($A48="","",SUMPRODUCT($B48:$G48,INDEX($Y$2:$AD$16,MATCH(H$1,$X$2:$X$16,0),0))) | I48: =IF($A48="","",SUMPRODUCT($B48:$G48,INDEX($Y$2:$AD$16,MATCH(I$1,$X$2:$X$16,0),0))) | J48: =IF($A48="","",SUMPRODUCT($B48:$G48,INDEX($Y$2:$AD$16,MATCH(J$1,$X$2:$X$16,0),0))) | K48: =IF($A48="","",SUMPRODUCT($B48:$G48,INDEX($Y$2:$AD$16,MATCH(K$1,$X$2:$X$16,0),0))) | L48: =IF($A48="","",SUMPRODUCT($B48:$G48,INDEX($Y$2:$AD$16,MATCH(L$1,$X$2:$X$16,0),0))) | M48: =IF($A48="","",SUMPRODUCT($B48:$G48,INDEX($Y$2:$AD$16,MATCH(M$1,$X$2:$X$16,0),0))) | N48: =IF($A48="","",SUMPRODUCT($B48:$G48,INDEX($Y$2:$AD$16,MATCH(N$1,$X$2:$X$16,0),0))) | O48: =IF($A48="","",SUMPRODUCT($B48:$G48,INDEX($Y$2:$AD$16,MATCH(O$1,$X$2:$X$16,0),0))) | ... V48: =IF($A48="","",SUMPRODUCT($B48:$G48,INDEX($Y$2:$AD$16,MATCH(V$1,$X$2:$X$16,0),0)))
... B200: =IF($A200="","",SUMIFS([1]weekly_demand!$D:$D,[1]weekly_demand!$A:$A,B$1,[1]weekly_demand!$C:$C,$A200)) | C200: =IF($A200="","",SUMIFS([1]weekly_demand!$D:$D,[1]weekly_demand!$A:$A,C$1,[1]weekly_demand!$C:$C,$A200)) | D200: =IF($A200="","",SUMIFS([1]weekly_demand!$D:$D,[1]weekly_demand!$A:$A,D$1,[1]weekly_demand!$C:$C,$A200)) | E200: =IF($A200="","",SUMIFS([1]weekly_demand!$D:$D,[1]weekly_demand!$A:$A,E$1,[1]weekly_demand!$C:$C,$A200)) | F200: =IF($A200="","",SUMIFS([1]weekly_demand!$D:$D,[1]weekly_demand!$A:$A,F$1,[1]weekly_demand!$C:$C,$A200)) | G200: =IF($A200="","",SUMIFS([1]weekly_demand!$D:$D,[1]weekly_demand!$A:$A,G$1,[1]weekly_demand!$C:$C,$A200)) | H200: =IF($A200="","",SUMPRODUCT($B200:$G200,INDEX($Y$2:$AD$16,MATCH(H$1,$X$2:$X$16,0),0))) | I200: =IF($A200="","",SUMPRODUCT($B200:$G200,INDEX($Y$2:$AD$16,MATCH(I$1,$X$2:$X$16,0),0))) | J200: =IF($A200="","",SUMPRODUCT($B200:$G200,INDEX($Y$2:$AD$16,MATCH(J$1,$X$2:$X$16,0),0))) | K200: =IF($A200="","",SUMPRODUCT($B200:$G200,INDEX($Y$2:$AD$16,MATCH(K$1,$X$2:$X$16,0),0))) | L200: =IF($A200="","",SUMPRODUCT($B200:$G200,INDEX($Y$2:$AD$16,MATCH(L$1,$X$2:$X$16,0),0))) | M200: =IF($A200="","",SUMPRODUCT($B200:$G200,INDEX($Y$2:$AD$16,MATCH(M$1,$X$2:$X$16,0),0))) | N200: =IF($A200="","",SUMPRODUCT($B200:$G200,INDEX($Y$2:$AD$16,MATCH(N$1,$X$2:$X$16,0),0))) | O200: =IF($A200="","",SUMPRODUCT($B200:$G200,INDEX($Y$2:$AD$16,MATCH(O$1,$X$2:$X$16,0),0))) | ... V200: =IF($A200="","",SUMPRODUCT($B200:$G200,INDEX($Y$2:$AD$16,MATCH(V$1,$X$2:$X$16,0),0)))

Sheet MRP
Z1: A | AG1: D
X2: RM01 | Y2: RM02 | Z2: RM03 | AA2: RM04 | AB2: RM05 | AE2: RM01 | AF2: RM02 | AG2: RM03 | AH2: RM10 | AI2: RM11
A3: Items | B3: A | C3: B | D3: C | E3: D | F3: E | G3: F | H3: RM01 | I3: RM02 | J3: RM03 | K3: RM04 | L3: RM05 | M3: RM06 | N3: RM07 | O3: RM08 | P3: RM09 | Q3: RM10 | R3: RM11 | S3: RM12 | T3: RM13 | U3: RM14 | V3: RM15 | X3: 1 | Y3: 0.25 | Z3: 1 | AA3: 2 | AB3: 1 | AE3: 1 | AF3: 0.25 | AG3: 1 | AH3: 2 | AI3: 1.5
A4: Lot size
A5: Lead time | B5: 1-2 weeks | H5: 7 | I5: 14 | J5: 21 | K5: 140 | L5: 70 | M5: 35 | N5: 42 | O5: 63 | P5: 28 | Q5: 77 | R5: 21 | S5: 56 | T5: 35 | U5: 63 | V5: 49
A6: Beginning inventory | H6: 588 | I6: 1443 | J6: 42524 | K6: 340000 | L6: 90000 | M6: 76000 | N6: 50000 | O6: 123000 | P6: 6500 | Q6: 60000 | R6: 100000 | S6: 5500 | T6: 6000 | U6: 130000 | V6: 20000 | Z6: B | AG6: E
A7: Scheduled receipts | K7: 30000 | O7: 38000 | Q7: 5000 | T7: 1000 | V7: 21000 | X7: RM01 | Y7: RM02 | Z7: RM03 | AA7: RM06 | AB7: RM07 | AE7: RM01 | AF7: RM02 | AG7: RM03 | AH7: RM12 | AI7: RM13
A8: Safety stock | B8: Local=1 wk avg demand; Oversea=2 wks avg demand | H8: =ROUNDUP(AVERAGE(BOM_demand!H$2:H$36)*IF(INDEX('BOM & Inventory'!$G$6:$G$35,MATCH(H$3,'BOM & Inventory'!$E$6:$E$35,0))="Local",1,2),0) -> 18000 | I8: =ROUNDUP(AVERAGE(BOM_demand!I$2:I$36)*IF(INDEX('BOM & Inventory'!$G$6:$G$35,MATCH(I$3,'BOM & Inventory'!$E$6:$E$35,0))="Local",1,2),0) -> 4801 | J8: =ROUNDUP(AVERAGE(BOM_demand!J$2:J$36)*IF(INDEX('BOM & Inventory'!$G$6:$G$35,MATCH(J$3,'BOM & Inventory'!$E$6:$E$35,0))="Local",1,2),0) -> 18000 | K8: =ROUNDUP(AVERAGE(BOM_demand!K$2:K$36)*IF(INDEX('BOM & Inventory'!$G$6:$G$35,MATCH(K$3,'BOM & Inventory'!$E$6:$E$35,0))="Local",1,2),0) -> 33013 | L8: =ROUNDUP(AVERAGE(BOM_demand!L$2:L$36)*IF(INDEX('BOM & Inventory'!$G$6:$G$35,MATCH(L$3,'BOM & Inventory'!$E$6:$E$35,0))="Local",1,2),0) -> 16507 | M8: =ROUNDUP(AVERAGE(BOM_demand!M$2:M$36)*IF(INDEX('BOM & Inventory'!$G$6:$G$35,MATCH(M$3,'BOM & Inventory'!$E$6:$E$35,0))="Local",1,2),0) -> 21645 | N8: =ROUNDUP(AVERAGE(BOM_demand!N$2:N$36)*IF(INDEX('BOM & Inventory'!$G$6:$G$35,MATCH(N$3,'BOM & Inventory'!$E$6:$E$35,0))="Local",1,2),0) -> 12987 | O8: =ROUNDUP(AVERAGE(BOM_demand!O$2:O$36)*IF(INDEX('BOM & Inventory'!$G$6:$G$35,MATCH(O$3,'BOM & Inventory'!$E$6:$E$35,0))="Local",1,2),0) -> 12429 | ... V8: =ROUNDUP(AVERAGE(BOM_demand!V$2:V$36)*IF(INDEX('BOM & Inventory'!$G$6:$G$35,MATCH(V$3,'BOM & Inventory'!$E$6:$E$35,0))="Local",1,2),0) -> 8114 | X8: 1 | Y8: 0.25 | Z8: 1 | AA8: 2.5 | AB8: 1.5 | AE8: 1 | AF8: 0.5 | AG8: 1 | AH8: 3 | AI8: 4
Z11: C | AG11: F
X12: RM01 | Y12: RM02 | Z12: RM03 | AA12: RM08 | AB12: RM09 | AE12: RM01 | AF12: RM02 | AG12: RM03 | AH12: RM14 | AI12: RM15
X13: 1 | Y13: 0.5 | Z13: 1 | AA13: 3 | AB13: 0.5 | AE13: 1 | AF13: 0.125 | AG13: 1 | AH13: 5 | AI13: 2
A15: Item RM01 | B15: LLC: 1 | C15: Week
A16: Lot size: L4L | B16: ="LT: "&ROUND(INDEX($H$5:$V$5,1,MATCH("RM01",$H$3:$V$3,0))/7,0) -> LT: 1 | C16: {=TRANSPOSE(BOM_demand!$A$2:$A$36)} -> 46132 | D16: 46139 | E16: 46146 | F16: 46153 | G16: 46160 | H16: 46167 | I16: 46174 | J16: 46181 | K16: 46188 | L16: 46195 | M16: 46202 | N16: 46209 | O16: 46216 | P16: 46223 | Q16: 46230 | R16: 46237 | S16: 46244 | T16: 46251 | U16: 46258 | V16: 46265 | W16: 46272 | X16: 46279 | Y16: 46286 | Z16: 46293 | AA16: 46300 | AB16: 46307 | AC16: 46314 | AD16: 46321 | AE16: 46328 | AF16: 46335 | AG16: 46342 | AH16: 46349 | AI16: 46356 | AJ16: 46363 | AK16: 46370
A17: Gross requirement | C17: {=TRANSPOSE(BOM_demand!$H$2:$H$36)} -> 3000 | D17: 14156 | E17: 34460 | F17: 43698 | G17: 32865 | H17: 28446 | I17: 29897 | J17: 22838 | K17: 25975 | L17: 23173 | M17: 21741 | N17: 21340 | O17: 9300 | P17: 6700 | Q17: 18876 | R17: 17698 | S17: 9248 | T17: 8946 | U17: 10655 | V17: 10554 | W17: 8797 | X17: 8398 | Y17: 7797 | Z17: 10719 | AA17: 18960 | AB17: 20408 | AC17: 20408 | AD17: 24198 | AE17: 14085 | AF17: 13788 | AG17: 13787 | AH17: 16538 | AI17: 17009 | AJ17: 20756 | AK17: 20753
A18: Scheduled receipts | C18: =IFERROR(INDEX($H$7:$V$7,1,MATCH("RM01",$H$3:$V$3,0)),0) -> 0 | D18: =0 -> 0 | E18: =0 -> 0 | F18: =0 -> 0 | G18: =0 -> 0 | H18: =0 -> 0 | I18: =0 -> 0 | J18: =0 -> 0 | K18: =0 -> 0 | ... AK18: =0 -> 0
A19: Safety stock | B19: =IFERROR(INDEX($H$8:$V$8,1,MATCH("RM01",$H$3:$V$3,0)),0) -> 18000 | C19: =$B19 -> 18000 | D19: =$B19 -> 18000 | E19: =$B19 -> 18000 | F19: =$B19 -> 18000 | G19: =$B19 -> 18000 | H19: =$B19 -> 18000 | I19: =$B19 -> 18000 | J19: =$B19 -> 18000 | ... AK19: =$B19 -> 18000
A20: Projected on hand | B20: =IFERROR(INDEX($H$6:$V$6,1,MATCH("RM01",$H$3:$V$3,0)),0) -> 588 | C20: =$B20+C18+C22-C17 -> 18000 | D20: =C20+D18+D22-D17 -> 18000 | E20: =D20+E18+E22-E17 -> 18000 | F20: =E20+F18+F22-F17 -> 18000 | G20: =F20+G18+G22-G17 -> 18000 | H20: =G20+H18+H22-H17 -> 18000 | I20: =H20+I18+I22-I17 -> 18000 | J20: =I20+J18+J22-J17 -> 18000 | K20: =J20+K18+K22-K17 -> 18000 | ... AK20: =AJ20+AK18+AK22-AK17 -> 18000
A21: Net requirements | C21: =MAX(C17+C19-($B20+C18),0) -> 20412 | D21: =MAX(D17+D19-(C20+D18),0) -> 14156 | E21: =MAX(E17+E19-(D20+E18),0) -> 34460 | F21: =MAX(F17+F19-(E20+F18),0) -> 43698 | G21: =MAX(G17+G19-(F20+G18),0) -> 32865 | H21: =MAX(H17+H19-(G20+H18),0) -> 28446 | I21: =MAX(I17+I19-(H20+I18),0) -> 29897 | J21: =MAX(J17+J19-(I20+J18),0) -> 22838 | K21: =MAX(K17+K19-(J20+K18),0) -> 25975 | ... AK21: =MAX(AK17+AK19-(AJ20+AK18),0) -> 20753
A22: Planned order receipts | C22: =C21 -> 20412 | D22: =D21 -> 14156 | E22: =E21 -> 34460 | F22: =F21 -> 43698 | G22: =G21 -> 32865 | H22: =H21 -> 28446 | I22: =I21 -> 29897 | J22: =J21 -> 22838 | ... AK22: =AK21 -> 20753
A23: Planned order releases | C23: =IFERROR(INDEX($C$22:$AK$22,1,1+ROUND(INDEX($H$5:$V$5,1,MATCH("RM01",$H$3:$V$3,0))/7,0)),0) -> 14156 | D23: =IFERROR(INDEX($C$22:$AK$22,1,2+ROUND(INDEX($H$5:$V$5,1,MATCH("RM01",$H$3:$V$3,0))/7,0)),0) -> 34460 | E23: =IFERROR(INDEX($C$22:$AK$22,1,3+ROUND(INDEX($H$5:$V$5,1,MATCH("RM01",$H$3:$V$3,0))/7,0)),0) -> 43698 | F23: =IFERROR(INDEX($C$22:$AK$22,1,4+ROUND(INDEX($H$5:$V$5,1,MATCH("RM01",$H$3:$V$3,0))/7,0)),0) -> 32865 | G23: =IFERROR(INDEX($C$22:$AK$22,1,5+ROUND(INDEX($H$5:$V$5,1,MATCH("RM01",$H$3:$V$3,0))/7,0)),0) -> 28446 | H23: =IFERROR(INDEX($C$22:$AK$22,1,6+ROUND(INDEX($H$5:$V$5,1,MATCH("RM01",$H$3:$V$3,0))/7,0)),0) -> 29897 | I23: =IFERROR(INDEX($C$22:$AK$22,1,7+ROUND(INDEX($H$5:$V$5,1,MATCH("RM01",$H$3:$V$3,0))/7,0)),0) -> 22838 | J23: =IFERROR(INDEX($C$22:$AK$22,1,8+ROUND(INDEX($H$5:$V$5,1,MATCH("RM01",$H$3:$V$3,0))/7,0)),0) -> 25975 | K23: =IFERROR(INDEX($C$22:$AK$22,1,9+ROUND(INDEX($H$5:$V$5,1,MATCH("RM01",$H$3:$V$3,0))/7,0)),0) -> 23173 | L23: =IFERROR(INDEX($C$22:$AK$22,1,10+ROUND(INDEX($H$5:$V$5,1,MATCH("RM01",$H$3:$V$3,0))/7,0)),0) -> 21741 | M23: =IFERROR(INDEX($C$22:$AK$22,1,11+ROUND(INDEX($H$5:$V$5,1,MATCH("RM01",$H$3:$V$3,0))/7,0)),0) -> 21340 | N23: =IFERROR(INDEX($C$22:$AK$22,1,12+ROUND(INDEX($H$5:$V$5,1,MATCH("RM01",$H$3:$V$3,0))/7,0)),0) -> 9300 | O23: =IFERROR(INDEX($C$22:$AK$22,1,13+ROUND(INDEX($H$5:$V$5,1,MATCH("RM01",$H$3:$V$3,0))/7,0)),0) -> 6700 | P23: =IFERROR(INDEX($C$22:$AK$22,1,14+ROUND(INDEX($H$5:$V$5,1,MATCH("RM01",$H$3:$V$3,0))/7,0)),0) -> 18876 | Q23: =IFERROR(INDEX($C$22:$AK$22,1,15+ROUND(INDEX($H$5:$V$5,1,MATCH("RM01",$H$3:$V$3,0))/7,0)),0) -> 17698 | R23: =IFERROR(INDEX($C$22:$AK$22,1,16+ROUND(INDEX($H$5:$V$5,1,MATCH("RM01",$H$3:$V$3,0))/7,0)),0) -> 9248 | S23: =IFERROR(INDEX($C$22:$AK$22,1,17+ROUND(INDEX($H$5:$V$5,1,MATCH("RM01",$H$3:$V$3,0))/7,0)),0) -> 8946 | T23: =IFERROR(INDEX($C$22:$AK$22,1,18+ROUND(INDEX($H$5:$V$5,1,MATCH("RM01",$H$3:$V$3,0))/7,0)),0) -> 10655 | U23: =IFERROR(INDEX($C$22:$AK$22,1,19+ROUND(INDEX($H$5:$V$5,1,MATCH("RM01",$H$3:$V$3,0))/7,0)),0) -> 10554 | V23: =IFERROR(INDEX($C$22:$AK$22,1,20+ROUND(INDEX($H$5:$V$5,1,MATCH("RM01",$H$3:$V$3,0))/7,0)),0) -> 8797 | W23: =IFERROR(INDEX($C$22:$AK$22,1,21+ROUND(INDEX($H$5:$V$5,1,MATCH("RM01",$H$3:$V$3,0))/7,0)),0) -> 8398 | X23: =IFERROR(INDEX($C$22:$AK$22,1,22+ROUND(INDEX($H$5:$V$5,1,MATCH("RM01",$H$3:$V$3,0))/7,0)),0) -> 7797 | Y23: =IFERROR(INDEX($C$22:$AK$22,1,23+ROUND(INDEX($H$5:$V$5,1,MATCH("RM01",$H$3:$V$3,0))/7,0)),0) -> 10719 | Z23: =IFERROR(INDEX($C$22:$AK$22,1,24+ROUND(INDEX($H$5:$V$5,1,MATCH("RM01",$H$3:$V$3,0))/7,0)),0) -> 18960 | AA23: =IFERROR(INDEX($C$22:$AK$22,1,25+ROUND(INDEX($H$5:$V$5,1,MATCH("RM01",$H$3:$V$3,0))/7,0)),0) -> 20408 | AB23: =IFERROR(INDEX($C$22:$AK$22,1,26+ROUND(INDEX($H$5:$V$5,1,MATCH("RM01",$H$3:$V$3,0))/7,0)),0) -> 20408 | AC23: =IFERROR(INDEX($C$22:$AK$22,1,27+ROUND(INDEX($H$5:$V$5,1,MATCH("RM01",$H$3:$V$3,0))/7,0)),0) -> 24198 | AD23: =IFERROR(INDEX($C$22:$AK$22,1,28+ROUND(INDEX($H$5:$V$5,1,MATCH("RM01",$H$3:$V$3,0))/7,0)),0) -> 14085 | AE23: =IFERROR(INDEX($C$22:$AK$22,1,29+ROUND(INDEX($H$5:$V$5,1,MATCH("RM01",$H$3:$V$3,0))/7,0)),0) -> 13788 | AF23: =IFERROR(INDEX($C$22:$AK$22,1,30+ROUND(INDEX($H$5:$V$5,1,MATCH("RM01",$H$3:$V$3,0))/7,0)),0) -> 13787 | AG23: =IFERROR(INDEX($C$22:$AK$22,1,31+ROUND(INDEX($H$5:$V$5,1,MATCH("RM01",$H$3:$V$3,0))/7,0)),0) -> 16538 | AH23: =IFERROR(INDEX($C$22:$AK$22,1,32+ROUND(INDEX($H$5:$V$5,1,MATCH("RM01",$H$3:$V$3,0))/7,0)),0) -> 17009 | AI23: =IFERROR(INDEX($C$22:$AK$22,1,33+ROUND(INDEX($H$5:$V$5,1,MATCH("RM01",$H$3:$V$3,0))/7,0)),0) -> 20756 | AJ23: =IFERROR(INDEX($C$22:$AK$22,1,34+ROUND(INDEX($H$5:$V$5,1,MATCH("RM01",$H$3:$V$3,0))/7,0)),0) -> 20753 | AK23: =IFERROR(INDEX($C$22:$AK$22,1,35+ROUND(INDEX($H$5:$V$5,1,MATCH("RM01",$H$3:$V$3,0))/7,0)),0) -> 0
A25: Item RM02 | B25: LLC: 1 | C25: Week
A26: Lot size: L4L | B26: ="LT: "&ROUND(INDEX($H$5:$V$5,1,MATCH("RM02",$H$3:$V$3,0))/7,0) -> LT: 2 | C26: {=TRANSPOSE(BOM_demand!$A$2:$A$36)} -> 46132 | D26: 46139 | E26: 46146 | F26: 46153 | G26: 46160 | H26: 46167 | I26: 46174 | J26: 46181 | K26: 46188 | L26: 46195 | M26: 46202 | N26: 46209 | O26: 46216 | P26: 46223 | Q26: 46230 | R26: 46237 | S26: 46244 | T26: 46251 | U26: 46258 | V26: 46265 | W26: 46272 | X26: 46279 | Y26: 46286 | Z26: 46293 | AA26: 46300 | AB26: 46307 | AC26: 46314 | AD26: 46321 | AE26: 46328 | AF26: 46335 | AG26: 46342 | AH26: 46349 | AI26: 46356 | AJ26: 46363 | AK26: 46370
A27: Gross requirement | C27: {=TRANSPOSE(BOM_demand!$I$2:$I$36)} -> 375 | D27: 3282 | E27: 9565 | F27: 11974 | G27: 9091.25 | H27: 8061.5 | I27: 8349.25 | J27: 6584.5 | K27: 7443.75 | L27: 6668.25 | M27: 5860.25 | N27: 5660 | O27: 2650 | P27: 1625 | Q27: 4909.5 | R27: 4512.25 | S27: 2474.5 | T27: 2324.25 | U27: 2663 | V27: 2712.75 | W27: 2198.5 | X27: 2098.75 | Y27: 1918.5 | Z27: 2904.75 | AA27: 4890 | AB27: 5071 | AC27: 5071 | AD27: 5993.5 | AE27: 3502 | AF27: 3352.5 | AG27: 3352.25 | AH27: 4665 | AI27: 4836.25 | AJ27: 5697.75 | AK27: 5697.25
A28: Scheduled receipts | C28: =IFERROR(INDEX($H$7:$V$7,1,MATCH("RM02",$H$3:$V$3,0)),0) -> 0 | D28: =0 -> 0 | E28: =0 -> 0 | F28: =0 -> 0 | G28: =0 -> 0 | H28: =0 -> 0 | I28: =0 -> 0 | J28: =0 -> 0 | K28: =0 -> 0 | ... AK28: =0 -> 0
A29: Safety stock | B29: =IFERROR(INDEX($H$8:$V$8,1,MATCH("RM02",$H$3:$V$3,0)),0) -> 4801 | C29: =$B29 -> 4801 | D29: =$B29 -> 4801 | E29: =$B29 -> 4801 | F29: =$B29 -> 4801 | G29: =$B29 -> 4801 | H29: =$B29 -> 4801 | I29: =$B29 -> 4801 | J29: =$B29 -> 4801 | ... AK29: =$B29 -> 4801
A30: Projected on hand | B30: =IFERROR(INDEX($H$6:$V$6,1,MATCH("RM02",$H$3:$V$3,0)),0) -> 1443 | C30: =$B30+C28+C32-C27 -> 4801 | D30: =C30+D28+D32-D27 -> 4801 | E30: =D30+E28+E32-E27 -> 4801 | F30: =E30+F28+F32-F27 -> 4801 | G30: =F30+G28+G32-G27 -> 4801 | H30: =G30+H28+H32-H27 -> 4801 | I30: =H30+I28+I32-I27 -> 4801 | J30: =I30+J28+J32-J27 -> 4801 | K30: =J30+K28+K32-K27 -> 4801 | ... AK30: =AJ30+AK28+AK32-AK27 -> 4801
A31: Net requirements | C31: =MAX(C27+C29-($B30+C28),0) -> 3733 | D31: =MAX(D27+D29-(C30+D28),0) -> 3282 | E31: =MAX(E27+E29-(D30+E28),0) -> 9565 | F31: =MAX(F27+F29-(E30+F28),0) -> 11974 | G31: =MAX(G27+G29-(F30+G28),0) -> 9091.25 | H31: =MAX(H27+H29-(G30+H28),0) -> 8061.5 | I31: =MAX(I27+I29-(H30+I28),0) -> 8349.25 | J31: =MAX(J27+J29-(I30+J28),0) -> 6584.5 | K31: =MAX(K27+K29-(J30+K28),0) -> 7443.75 | ... AK31: =MAX(AK27+AK29-(AJ30+AK28),0) -> 5697.25
A32: Planned order receipts | C32: =C31 -> 3733 | D32: =D31 -> 3282 | E32: =E31 -> 9565 | F32: =F31 -> 11974 | G32: =G31 -> 9091.25 | H32: =H31 -> 8061.5 | I32: =I31 -> 8349.25 | J32: =J31 -> 6584.5 | ... AK32: =AK31 -> 5697.25
A33: Planned order releases | C33: =IFERROR(INDEX($C$32:$AK$32,1,1+ROUND(INDEX($H$5:$V$5,1,MATCH("RM02",$H$3:$V$3,0))/7,0)),0) -> 9565 | D33: =IFERROR(INDEX($C$32:$AK$32,1,2+ROUND(INDEX($H$5:$V$5,1,MATCH("RM02",$H$3:$V$3,0))/7,0)),0) -> 11974 | E33: =IFERROR(INDEX($C$32:$AK$32,1,3+ROUND(INDEX($H$5:$V$5,1,MATCH("RM02",$H$3:$V$3,0))/7,0)),0) -> 9091.25 | F33: =IFERROR(INDEX($C$32:$AK$32,1,4+ROUND(INDEX($H$5:$V$5,1,MATCH("RM02",$H$3:$V$3,0))/7,0)),0) -> 8061.5 | G33: =IFERROR(INDEX($C$32:$AK$32,1,5+ROUND(INDEX($H$5:$V$5,1,MATCH("RM02",$H$3:$V$3,0))/7,0)),0) -> 8349.25 | H33: =IFERROR(INDEX($C$32:$AK$32,1,6+ROUND(INDEX($H$5:$V$5,1,MATCH("RM02",$H$3:$V$3,0))/7,0)),0) -> 6584.5 | I33: =IFERROR(INDEX($C$32:$AK$32,1,7+ROUND(INDEX($H$5:$V$5,1,MATCH("RM02",$H$3:$V$3,0))/7,0)),0) -> 7443.75 | J33: =IFERROR(INDEX($C$32:$AK$32,1,8+ROUND(INDEX($H$5:$V$5,1,MATCH("RM02",$H$3:$V$3,0))/7,0)),0) -> 6668.25 | K33: =IFERROR(INDEX($C$32:$AK$32,1,9+ROUND(INDEX($H$5:$V$5,1,MATCH("RM02",$H$3:$V$3,0))/7,0)),0) -> 5860.25 | L33: =IFERROR(INDEX($C$32:$AK$32,1,10+ROUND(INDEX($H$5:$V$5,1,MATCH("RM02",$H$3:$V$3,0))/7,0)),0) -> 5660 | M33: =IFERROR(INDEX($C$32:$AK$32,1,11+ROUND(INDEX($H$5:$V$5,1,MATCH("RM02",$H$3:$V$3,0))/7,0)),0) -> 2650 | N33: =IFERROR(INDEX($C$32:$AK$32,1,12+ROUND(INDEX($H$5:$V$5,1,MATCH("RM02",$H$3:$V$3,0))/7,0)),0) -> 1625 | O33: =IFERROR(INDEX($C$32:$AK$32,1,13+ROUND(INDEX($H$5:$V$5,1,MATCH("RM02",$H$3:$V$3,0))/7,0)),0) -> 4909.5 | P33: =IFERROR(INDEX($C$32:$AK$32,1,14+ROUND(INDEX($H$5:$V$5,1,MATCH("RM02",$H$3:$V$3,0))/7,0)),0) -> 4512.25 | Q33: =IFERROR(INDEX($C$32:$AK$32,1,15+ROUND(INDEX($H$5:$V$5,1,MATCH("RM02",$H$3:$V$3,0))/7,0)),0) -> 2474.5 | R33: =IFERROR(INDEX($C$32:$AK$32,1,16+ROUND(INDEX($H$5:$V$5,1,MATCH("RM02",$H$3:$V$3,0))/7,0)),0) -> 2324.25 | S33: =IFERROR(INDEX($C$32:$AK$32,1,17+ROUND(INDEX($H$5:$V$5,1,MATCH("RM02",$H$3:$V$3,0))/7,0)),0) -> 2663 | T33: =IFERROR(INDEX($C$32:$AK$32,1,18+ROUND(INDEX($H$5:$V$5,1,MATCH("RM02",$H$3:$V$3,0))/7,0)),0) -> 2712.75 | U33: =IFERROR(INDEX($C$32:$AK$32,1,19+ROUND(INDEX($H$5:$V$5,1,MATCH("RM02",$H$3:$V$3,0))/7,0)),0) -> 2198.5 | V33: =IFERROR(INDEX($C$32:$AK$32,1,20+ROUND(INDEX($H$5:$V$5,1,MATCH("RM02",$H$3:$V$3,0))/7,0)),0) -> 2098.75 | W33: =IFERROR(INDEX($C$32:$AK$32,1,21+ROUND(INDEX($H$5:$V$5,1,MATCH("RM02",$H$3:$V$3,0))/7,0)),0) -> 1918.5 | X33: =IFERROR(INDEX($C$32:$AK$32,1,22+ROUND(INDEX($H$5:$V$5,1,MATCH("RM02",$H$3:$V$3,0))/7,0)),0) -> 2904.75 | Y33: =IFERROR(INDEX($C$32:$AK$32,1,23+ROUND(INDEX($H$5:$V$5,1,MATCH("RM02",$H$3:$V$3,0))/7,0)),0) -> 4890 | Z33: =IFERROR(INDEX($C$32:$AK$32,1,24+ROUND(INDEX($H$5:$V$5,1,MATCH("RM02",$H$3:$V$3,0))/7,0)),0) -> 5071 | AA33: =IFERROR(INDEX($C$32:$AK$32,1,25+ROUND(INDEX($H$5:$V$5,1,MATCH("RM02",$H$3:$V$3,0))/7,0)),0) -> 5071 | AB33: =IFERROR(INDEX($C$32:$AK$32,1,26+ROUND(INDEX($H$5:$V$5,1,MATCH("RM02",$H$3:$V$3,0))/7,0)),0) -> 5993.5 | AC33: =IFERROR(INDEX($C$32:$AK$32,1,27+ROUND(INDEX($H$5:$V$5,1,MATCH("RM02",$H$3:$V$3,0))/7,0)),0) -> 3502 | AD33: =IFERROR(INDEX($C$32:$AK$32,1,28+ROUND(INDEX($H$5:$V$5,1,MATCH("RM02",$H$3:$V$3,0))/7,0)),0) -> 3352.5 | AE33: =IFERROR(INDEX($C$32:$AK$32,1,29+ROUND(INDEX($H$5:$V$5,1,MATCH("RM02",$H$3:$V$3,0))/7,0)),0) -> 3352.25 | AF33: =IFERROR(INDEX($C$32:$AK$32,1,30+ROUND(INDEX($H$5:$V$5,1,MATCH("RM02",$H$3:$V$3,0))/7,0)),0) -> 4665 | AG33: =IFERROR(INDEX($C$32:$AK$32,1,31+ROUND(INDEX($H$5:$V$5,1,MATCH("RM02",$H$3:$V$3,0))/7,0)),0) -> 4836.25 | AH33: =IFERROR(INDEX($C$32:$AK$32,1,32+ROUND(INDEX($H$5:$V$5,1,MATCH("RM02",$H$3:$V$3,0))/7,0)),0) -> 5697.75 | AI33: =IFERROR(INDEX($C$32:$AK$32,1,33+ROUND(INDEX($H$5:$V$5,1,MATCH("RM02",$H$3:$V$3,0))/7,0)),0) -> 5697.25 | AJ33: =IFERROR(INDEX($C$32:$AK$32,1,34+ROUND(INDEX($H$5:$V$5,1,MATCH("RM02",$H$3:$V$3,0))/7,0)),0) -> 0 | AK33: =IFERROR(INDEX($C$32:$AK$32,1,35+ROUND(INDEX($H$5:$V$5,1,MATCH("RM02",$H$3:$V$3,0))/7,0)),0) -> 0
A35: Item RM03 | B35: LLC: 1 | C35: Week
A36: Lot size: L4L | B36: ="LT: "&ROUND(INDEX($H$5:$V$5,1,MATCH("RM03",$H$3:$V$3,0))/7,0) -> LT: 3 | C36: {=TRANSPOSE(BOM_demand!$A$2:$A$36)} -> 46132 | D36: 46139 | E36: 46146 | F36: 46153 | G36: 46160 | H36: 46167 | I36: 46174 | J36: 46181 | K36: 46188 | L36: 46195 | M36: 46202 | N36: 46209 | O36: 46216 | P36: 46223 | Q36: 46230 | R36: 46237 | S36: 46244 | T36: 46251 | U36: 46258 | V36: 46265 | W36: 46272 | X36: 46279 | Y36: 46286 | Z36: 46293 | AA36: 46300 | AB36: 46307 | AC36: 46314 | AD36: 46321 | AE36: 46328 | AF36: 46335 | AG36: 46342 | AH36: 46349 | AI36: 46356 | AJ36: 46363 | AK36: 46370
A37: Gross requirement | C37: {=TRANSPOSE(BOM_demand!$J$2:$J$36)} -> 3000 | D37: 14156 | E37: 34460 | F37: 43698 | G37: 32865 | H37: 28446 | I37: 29897 | J37: 22838 | K37: 25975 | L37: 23173 | M37: 21741 | N37: 21340 | O37: 9300 | P37: 6700 | Q37: 18876 | R37: 17698 | S37: 9248 | T37: 8946 | U37: 10655 | V37: 10554 | W37: 8797 | X37: 8398 | Y37: 7797 | Z37: 10719 | AA37: 18960 | AB37: 20408 | AC37: 20408 | AD37: 24198 | AE37: 14085 | AF37: 13788 | AG37: 13787 | AH37: 16538 | AI37: 17009 | AJ37: 20756 | AK37: 20753
A38: Scheduled receipts | C38: =IFERROR(INDEX($H$7:$V$7,1,MATCH("RM03",$H$3:$V$3,0)),0) -> 0 | D38: =0 -> 0 | E38: =0 -> 0 | F38: =0 -> 0 | G38: =0 -> 0 | H38: =0 -> 0 | I38: =0 -> 0 | J38: =0 -> 0 | K38: =0 -> 0 | ... AK38: =0 -> 0
A39: Safety stock | B39: =IFERROR(INDEX($H$8:$V$8,1,MATCH("RM03",$H$3:$V$3,0)),0) -> 18000 | C39: =$B39 -> 18000 | D39: =$B39 -> 18000 | E39: =$B39 -> 18000 | F39: =$B39 -> 18000 | G39: =$B39 -> 18000 | H39: =$B39 -> 18000 | I39: =$B39 -> 18000 | J39: =$B39 -> 18000 | ... AK39: =$B39 -> 18000
A40: Projected on hand | B40: =IFERROR(INDEX($H$6:$V$6,1,MATCH("RM03",$H$3:$V$3,0)),0) -> 42524 | C40: =$B40+C38+C42-C37 -> 39524 | D40: =C40+D38+D42-D37 -> 25368 | E40: =D40+E38+E42-E37 -> 18000 | F40: =E40+F38+F42-F37 -> 18000 | G40: =F40+G38+G42-G37 -> 18000 | H40: =G40+H38+H42-H37 -> 18000 | I40: =H40+I38+I42-I37 -> 18000 | J40: =I40+J38+J42-J37 -> 18000 | K40: =J40+K38+K42-K37 -> 18000 | ... AK40: =AJ40+AK38+AK42-AK37 -> 18000
A41: Net requirements | C41: =MAX(C37+C39-($B40+C38),0) -> 0 | D41: =MAX(D37+D39-(C40+D38),0) -> 0 | E41: =MAX(E37+E39-(D40+E38),0) -> 27092 | F41: =MAX(F37+F39-(E40+F38),0) -> 43698 | G41: =MAX(G37+G39-(F40+G38),0) -> 32865 | H41: =MAX(H37+H39-(G40+H38),0) -> 28446 | I41: =MAX(I37+I39-(H40+I38),0) -> 29897 | J41: =MAX(J37+J39-(I40+J38),0) -> 22838 | K41: =MAX(K37+K39-(J40+K38),0) -> 25975 | ... AK41: =MAX(AK37+AK39-(AJ40+AK38),0) -> 20753
A42: Planned order receipts | C42: =C41 -> 0 | D42: =D41 -> 0 | E42: =E41 -> 27092 | F42: =F41 -> 43698 | G42: =G41 -> 32865 | H42: =H41 -> 28446 | I42: =I41 -> 29897 | J42: =J41 -> 22838 | ... AK42: =AK41 -> 20753
A43: Planned order releases | C43: =IFERROR(INDEX($C$42:$AK$42,1,1+ROUND(INDEX($H$5:$V$5,1,MATCH("RM03",$H$3:$V$3,0))/7,0)),0) -> 43698 | D43: =IFERROR(INDEX($C$42:$AK$42,1,2+ROUND(INDEX($H$5:$V$5,1,MATCH("RM03",$H$3:$V$3,0))/7,0)),0) -> 32865 | E43: =IFERROR(INDEX($C$42:$AK$42,1,3+ROUND(INDEX($H$5:$V$5,1,MATCH("RM03",$H$3:$V$3,0))/7,0)),0) -> 28446 | F43: =IFERROR(INDEX($C$42:$AK$42,1,4+ROUND(INDEX($H$5:$V$5,1,MATCH("RM03",$H$3:$V$3,0))/7,0)),0) -> 29897 | G43: =IFERROR(INDEX($C$42:$AK$42,1,5+ROUND(INDEX($H$5:$V$5,1,MATCH("RM03",$H$3:$V$3,0))/7,0)),0) -> 22838 | H43: =IFERROR(INDEX($C$42:$AK$42,1,6+ROUND(INDEX($H$5:$V$5,1,MATCH("RM03",$H$3:$V$3,0))/7,0)),0) -> 25975 | I43: =IFERROR(INDEX($C$42:$AK$42,1,7+ROUND(INDEX($H$5:$V$5,1,MATCH("RM03",$H$3:$V$3,0))/7,0)),0) -> 23173 | J43: =IFERROR(INDEX($C$42:$AK$42,1,8+ROUND(INDEX($H$5:$V$5,1,MATCH("RM03",$H$3:$V$3,0))/7,0)),0) -> 21741 | K43: =IFERROR(INDEX($C$42:$AK$42,1,9+ROUND(INDEX($H$5:$V$5,1,MATCH("RM03",$H$3:$V$3,0))/7,0)),0) -> 21340 | L43: =IFERROR(INDEX($C$42:$AK$42,1,10+ROUND(INDEX($H$5:$V$5,1,MATCH("RM03",$H$3:$V$3,0))/7,0)),0) -> 9300 | M43: =IFERROR(INDEX($C$42:$AK$42,1,11+ROUND(INDEX($H$5:$V$5,1,MATCH("RM03",$H$3:$V$3,0))/7,0)),0) -> 6700 | N43: =IFERROR(INDEX($C$42:$AK$42,1,12+ROUND(INDEX($H$5:$V$5,1,MATCH("RM03",$H$3:$V$3,0))/7,0)),0) -> 18876 | O43: =IFERROR(INDEX($C$42:$AK$42,1,13+ROUND(INDEX($H$5:$V$5,1,MATCH("RM03",$H$3:$V$3,0))/7,0)),0) -> 17698 | P43: =IFERROR(INDEX($C$42:$AK$42,1,14+ROUND(INDEX($H$5:$V$5,1,MATCH("RM03",$H$3:$V$3,0))/7,0)),0) -> 9248 | Q43: =IFERROR(INDEX($C$42:$AK$42,1,15+ROUND(INDEX($H$5:$V$5,1,MATCH("RM03",$H$3:$V$3,0))/7,0)),0) -> 8946 | R43: =IFERROR(INDEX($C$42:$AK$42,1,16+ROUND(INDEX($H$5:$V$5,1,MATCH("RM03",$H$3:$V$3,0))/7,0)),0) -> 10655 | S43: =IFERROR(INDEX($C$42:$AK$42,1,17+ROUND(INDEX($H$5:$V$5,1,MATCH("RM03",$H$3:$V$3,0))/7,0)),0) -> 10554 | T43: =IFERROR(INDEX($C$42:$AK$42,1,18+ROUND(INDEX($H$5:$V$5,1,MATCH("RM03",$H$3:$V$3,0))/7,0)),0) -> 8797 | U43: =IFERROR(INDEX($C$42:$AK$42,1,19+ROUND(INDEX($H$5:$V$5,1,MATCH("RM03",$H$3:$V$3,0))/7,0)),0) -> 8398 | V43: =IFERROR(INDEX($C$42:$AK$42,1,20+ROUND(INDEX($H$5:$V$5,1,MATCH("RM03",$H$3:$V$3,0))/7,0)),0) -> 7797 | W43: =IFERROR(INDEX($C$42:$AK$42,1,21+ROUND(INDEX($H$5:$V$5,1,MATCH("RM03",$H$3:$V$3,0))/7,0)),0) -> 10719 | X43: =IFERROR(INDEX($C$42:$AK$42,1,22+ROUND(INDEX($H$5:$V$5,1,MATCH("RM03",$H$3:$V$3,0))/7,0)),0) -> 18960 | Y43: =IFERROR(INDEX($C$42:$AK$42,1,23+ROUND(INDEX($H$5:$V$5,1,MATCH("RM03",$H$3:$V$3,0))/7,0)),0) -> 20408 | Z43: =IFERROR(INDEX($C$42:$AK$42,1,24+ROUND(INDEX($H$5:$V$5,1,MATCH("RM03",$H$3:$V$3,0))/7,0)),0) -> 20408 | AA43: =IFERROR(INDEX($C$42:$AK$42,1,25+ROUND(INDEX($H$5:$V$5,1,MATCH("RM03",$H$3:$V$3,0))/7,0)),0) -> 24198 | AB43: =IFERROR(INDEX($C$42:$AK$42,1,26+ROUND(INDEX($H$5:$V$5,1,MATCH("RM03",$H$3:$V$3,0))/7,0)),0) -> 14085 | AC43: =IFERROR(INDEX($C$42:$AK$42,1,27+ROUND(INDEX($H$5:$V$5,1,MATCH("RM03",$H$3:$V$3,0))/7,0)),0) -> 13788 | AD43: =IFERROR(INDEX($C$42:$AK$42,1,28+ROUND(INDEX($H$5:$V$5,1,MATCH("RM03",$H$3:$V$3,0))/7,0)),0) -> 13787 | AE43: =IFERROR(INDEX($C$42:$AK$42,1,29+ROUND(INDEX($H$5:$V$5,1,MATCH("RM03",$H$3:$V$3,0))/7,0)),0) -> 16538 | AF43: =IFERROR(INDEX($C$42:$AK$42,1,30+ROUND(INDEX($H$5:$V$5,1,MATCH("RM03",$H$3:$V$3,0))/7,0)),0) -> 17009 | AG43: =IFERROR(INDEX($C$42:$AK$42,1,31+ROUND(INDEX($H$5:$V$5,1,MATCH("RM03",$H$3:$V$3,0))/7,0)),0) -> 20756 | AH43: =IFERROR(INDEX($C$42:$AK$42,1,32+ROUND(INDEX($H$5:$V$5,1,MATCH("RM03",$H$3:$V$3,0))/7,0)),0) -> 20753 | AI43: =IFERROR(INDEX($C$42:$AK$42,1,33+ROUND(INDEX($H$5:$V$5,1,MATCH("RM03",$H$3:$V$3,0))/7,0)),0) -> 0 | AJ43: =IFERROR(INDEX($C$42:$AK$42,1,34+ROUND(INDEX($H$5:$V$5,1,MATCH("RM03",$H$3:$V$3,0))/7,0)),0) -> 0 | AK43: =IFERROR(INDEX($C$42:$AK$42,1,35+ROUND(INDEX($H$5:$V$5,1,MATCH("RM03",$H$3:$V$3,0))/7,0)),0) -> 0
A45: Item RM04 | B45: LLC: 1 | C45: Week
A46: Lot size: L4L | B46: ="LT: "&ROUND(INDEX($H$5:$V$5,1,MATCH("RM04",$H$3:$V$3,0))/7,0) -> LT: 20 | C46: {=TRANSPOSE(BOM_demand!$A$2:$A$36)} -> 46132 | D46: 46139 | E46: 46146 | F46: 46153 | G46: 46160 | H46: 46167 | I46: 46174 | J46: 46181 | K46: 46188 | L46: 46195 | M46: 46202 | N46: 46209 | O46: 46216 | P46: 46223 | Q46: 46230 | R46: 46237 | S46: 46244 | T46: 46251 | U46: 46258 | V46: 46265 | W46: 46272 | X46: 46279 | Y46: 46286 | Z46: 46293 | AA46: 46300 | AB46: 46307 | AC46: 46314 | AD46: 46321 | AE46: 46328 | AF46: 46335 | AG46: 46342 | AH46: 46349 | AI46: 46356 | AJ46: 46363 | AK46: 46370
A47: Gross requirement | C47: {=TRANSPOSE(BOM_demand!$K$2:$K$36)} -> 0 | D47: 21368 | E47: 30000 | F47: 30000 | G47: 22000 | H47: 26000 | I47: 27546 | J47: 14116 | K47: 17816 | L47: 23346 | M47: 24082 | N47: 24080 | O47: 0 | P47: 0 | Q47: 30000 | R47: 30000 | S47: 8496 | T47: 8496 | U47: 8498 | V47: 8496 | W47: 4782 | X47: 4784 | Y47: 4782 | Z47: 12918 | AA47: 30000 | AB47: 30000 | AC47: 30000 | AD47: 30000 | AE47: 8562 | AF47: 8564 | AG47: 8562 | AH47: 8564 | AI47: 8562 | AJ47: 16652 | AK47: 16650
A48: Scheduled receipts | C48: =IFERROR(INDEX($H$7:$V$7,1,MATCH("RM04",$H$3:$V$3,0)),0) -> 30000 | D48: =0 -> 0 | E48: =0 -> 0 | F48: =0 -> 0 | G48: =0 -> 0 | H48: =0 -> 0 | I48: =0 -> 0 | J48: =0 -> 0 | K48: =0 -> 0 | ... AK48: =0 -> 0
A49: Safety stock | B49: =IFERROR(INDEX($H$8:$V$8,1,MATCH("RM04",$H$3:$V$3,0)),0) -> 33013 | C49: =$B49 -> 33013 | D49: =$B49 -> 33013 | E49: =$B49 -> 33013 | F49: =$B49 -> 33013 | G49: =$B49 -> 33013 | H49: =$B49 -> 33013 | I49: =$B49 -> 33013 | J49: =$B49 -> 33013 | ... AK49: =$B49 -> 33013
A50: Projected on hand | B50: =IFERROR(INDEX($H$6:$V$6,1,MATCH("RM04",$H$3:$V$3,0)),0) -> 340000 | C50: =$B50+C48+C52-C47 -> 370000 | D50: =C50+D48+D52-D47 -> 348632 | E50: =D50+E48+E52-E47 -> 318632 | F50: =E50+F48+F52-F47 -> 288632 | G50: =F50+G48+G52-G47 -> 266632 | H50: =G50+H48+H52-H47 -> 240632 | I50: =H50+I48+I52-I47 -> 213086 | J50: =I50+J48+J52-J47 -> 198970 | K50: =J50+K48+K52-K47 -> 181154 | ... AK50: =AJ50+AK48+AK52-AK47 -> 33013
A51: Net requirements | C51: =MAX(C47+C49-($B50+C48),0) -> 0 | D51: =MAX(D47+D49-(C50+D48),0) -> 0 | E51: =MAX(E47+E49-(D50+E48),0) -> 0 | F51: =MAX(F47+F49-(E50+F48),0) -> 0 | G51: =MAX(G47+G49-(F50+G48),0) -> 0 | H51: =MAX(H47+H49-(G50+H48),0) -> 0 | I51: =MAX(I47+I49-(H50+I48),0) -> 0 | J51: =MAX(J47+J49-(I50+J48),0) -> 0 | K51: =MAX(K47+K49-(J50+K48),0) -> 0 | ... AK51: =MAX(AK47+AK49-(AJ50+AK48),0) -> 16650
A52: Planned order receipts | C52: =C51 -> 0 | D52: =D51 -> 0 | E52: =E51 -> 0 | F52: =F51 -> 0 | G52: =G51 -> 0 | H52: =H51 -> 0 | I52: =I51 -> 0 | J52: =J51 -> 0 | ... AK52: =AK51 -> 16650
A53: Planned order releases | C53: =IFERROR(INDEX($C$52:$AK$52,1,1+ROUND(INDEX($H$5:$V$5,1,MATCH("RM04",$H$3:$V$3,0))/7,0)),0) -> 4782 | D53: =IFERROR(INDEX($C$52:$AK$52,1,2+ROUND(INDEX($H$5:$V$5,1,MATCH("RM04",$H$3:$V$3,0))/7,0)),0) -> 4784 | E53: =IFERROR(INDEX($C$52:$AK$52,1,3+ROUND(INDEX($H$5:$V$5,1,MATCH("RM04",$H$3:$V$3,0))/7,0)),0) -> 4782 | F53: =IFERROR(INDEX($C$52:$AK$52,1,4+ROUND(INDEX($H$5:$V$5,1,MATCH("RM04",$H$3:$V$3,0))/7,0)),0) -> 12918 | G53: =IFERROR(INDEX($C$52:$AK$52,1,5+ROUND(INDEX($H$5:$V$5,1,MATCH("RM04",$H$3:$V$3,0))/7,0)),0) -> 30000 | H53: =IFERROR(INDEX($C$52:$AK$52,1,6+ROUND(INDEX($H$5:$V$5,1,MATCH("RM04",$H$3:$V$3,0))/7,0)),0) -> 30000 | I53: =IFERROR(INDEX($C$52:$AK$52,1,7+ROUND(INDEX($H$5:$V$5,1,MATCH("RM04",$H$3:$V$3,0))/7,0)),0) -> 30000 | J53: =IFERROR(INDEX($C$52:$AK$52,1,8+ROUND(INDEX($H$5:$V$5,1,MATCH("RM04",$H$3:$V$3,0))/7,0)),0) -> 30000 | K53: =IFERROR(INDEX($C$52:$AK$52,1,9+ROUND(INDEX($H$5:$V$5,1,MATCH("RM04",$H$3:$V$3,0))/7,0)),0) -> 8562 | L53: =IFERROR(INDEX($C$52:$AK$52,1,10+ROUND(INDEX($H$5:$V$5,1,MATCH("RM04",$H$3:$V$3,0))/7,0)),0) -> 8564 | M53: =IFERROR(INDEX($C$52:$AK$52,1,11+ROUND(INDEX($H$5:$V$5,1,MATCH("RM04",$H$3:$V$3,0))/7,0)),0) -> 8562 | N53: =IFERROR(INDEX($C$52:$AK$52,1,12+ROUND(INDEX($H$5:$V$5,1,MATCH("RM04",$H$3:$V$3,0))/7,0)),0) -> 8564 | O53: =IFERROR(INDEX($C$52:$AK$52,1,13+ROUND(INDEX($H$5:$V$5,1,MATCH("RM04",$H$3:$V$3,0))/7,0)),0) -> 8562 | P53: =IFERROR(INDEX($C$52:$AK$52,1,14+ROUND(INDEX($H$5:$V$5,1,MATCH("RM04",$H$3:$V$3,0))/7,0)),0) -> 16652 | Q53: =IFERROR(INDEX($C$52:$AK$52,1,15+ROUND(INDEX($H$5:$V$5,1,MATCH("RM04",$H$3:$V$3,0))/7,0)),0) -> 16650 | R53: =IFERROR(INDEX($C$52:$AK$52,1,16+ROUND(INDEX($H$5:$V$5,1,MATCH("RM04",$H$3:$V$3,0))/7,0)),0) -> 0 | S53: =IFERROR(INDEX($C$52:$AK$52,1,17+ROUND(INDEX($H$5:$V$5,1,MATCH("RM04",$H$3:$V$3,0))/7,0)),0) -> 0 | T53: =IFERROR(INDEX($C$52:$AK$52,1,18+ROUND(INDEX($H$5:$V$5,1,MATCH("RM04",$H$3:$V$3,0))/7,0)),0) -> 0 | U53: =IFERROR(INDEX($C$52:$AK$52,1,19+ROUND(INDEX($H$5:$V$5,1,MATCH("RM04",$H$3:$V$3,0))/7,0)),0) -> 0 | V53: =IFERROR(INDEX($C$52:$AK$52,1,20+ROUND(INDEX($H$5:$V$5,1,MATCH("RM04",$H$3:$V$3,0))/7,0)),0) -> 0 | W53: =IFERROR(INDEX($C$52:$AK$52,1,21+ROUND(INDEX($H$5:$V$5,1,MATCH("RM04",$H$3:$V$3,0))/7,0)),0) -> 0 | X53: =IFERROR(INDEX($C$52:$AK$52,1,22+ROUND(INDEX($H$5:$V$5,1,MATCH("RM04",$H$3:$V$3,0))/7,0)),0) -> 0 | Y53: =IFERROR(INDEX($C$52:$AK$52,1,23+ROUND(INDEX($H$5:$V$5,1,MATCH("RM04",$H$3:$V$3,0))/7,0)),0) -> 0 | Z53: =IFERROR(INDEX($C$52:$AK$52,1,24+ROUND(INDEX($H$5:$V$5,1,MATCH("RM04",$H$3:$V$3,0))/7,0)),0) -> 0 | AA53: =IFERROR(INDEX($C$52:$AK$52,1,25+ROUND(INDEX($H$5:$V$5,1,MATCH("RM04",$H$3:$V$3,0))/7,0)),0) -> 0 | AB53: =IFERROR(INDEX($C$52:$AK$52,1,26+ROUND(INDEX($H$5:$V$5,1,MATCH("RM04",$H$3:$V$3,0))/7,0)),0) -> 0 | AC53: =IFERROR(INDEX($C$52:$AK$52,1,27+ROUND(INDEX($H$5:$V$5,1,MATCH("RM04",$H$3:$V$3,0))/7,0)),0) -> 0 | AD53: =IFERROR(INDEX($C$52:$AK$52,1,28+ROUND(INDEX($H$5:$V$5,1,MATCH("RM04",$H$3:$V$3,0))/7,0)),0) -> 0 | AE53: =IFERROR(INDEX($C$52:$AK$52,1,29+ROUND(INDEX($H$5:$V$5,1,MATCH("RM04",$H$3:$V$3,0))/7,0)),0) -> 0 | AF53: =IFERROR(INDEX($C$52:$AK$52,1,30+ROUND(INDEX($H$5:$V$5,1,MATCH("RM04",$H$3:$V$3,0))/7,0)),0) -> 0 | AG53: =IFERROR(INDEX($C$52:$AK$52,1,31+ROUND(INDEX($H$5:$V$5,1,MATCH("RM04",$H$3:$V$3,0))/7,0)),0) -> 0 | AH53: =IFERROR(INDEX($C$52:$AK$52,1,32+ROUND(INDEX($H$5:$V$5,1,MATCH("RM04",$H$3:$V$3,0))/7,0)),0) -> 0 | AI53: =IFERROR(INDEX($C$52:$AK$52,1,33+ROUND(INDEX($H$5:$V$5,1,MATCH("RM04",$H$3:$V$3,0))/7,0)),0) -> 0 | AJ53: =IFERROR(INDEX($C$52:$AK$52,1,34+ROUND(INDEX($H$5:$V$5,1,MATCH("RM04",$H$3:$V$3,0))/7,0)),0) -> 0 | AK53: =IFERROR(INDEX($C$52:$AK$52,1,35+ROUND(INDEX($H$5:$V$5,1,MATCH("RM04",$H$3:$V$3,0))/7,0)),0) -> 0
A55: Item RM05 | B55: LLC: 1 | C55: Week
A56: Lot size: L4L | B56: ="LT: "&ROUND(INDEX($H$5:$V$5,1,MATCH("RM05",$H$3:$V$3,0))/7,0) -> LT: 10 | C56: {=TRANSPOSE(BOM_demand!$A$2:$A$36)} -> 46132 | D56: 46139 | E56: 46146 | F56: 46153 | G56: 46160 | H56: 46167 | I56: 46174 | J56: 46181 | K56: 46188 | L56: 46195 | M56: 46202 | N56: 46209 | O56: 46216 | P56: 46223 | Q56: 46230 | R56: 46237 | S56: 46244 | T56: 46251 | U56: 46258 | V56: 46265 | W56: 46272 | X56: 46279 | Y56: 46286 | Z56: 46293 | AA56: 46300 | AB56: 46307 | AC56: 46314 | AD56: 46321 | AE56: 46328 | AF56: 46335 | AG56: 46342 | AH56: 46349 | AI56: 46356 | AJ56: 46363 | AK56: 46370
A57: Gross requirement | C57: {=TRANSPOSE(BOM_demand!$L$2:$L$36)} -> 0 | D57: 10684 | E57: 15000 | F57: 15000 | G57: 11000 | H57: 13000 | I57: 13773 | J57: 7058 | K57: 8908 | L57: 11673 | M57: 12041 | N57: 12040 | O57: 0 | P57: 0 | Q57: 15000 | R57: 15000 | S57: 4248 | T57: 4248 | U57: 4249 | V57: 4248 | W57: 2391 | X57: 2392 | Y57: 2391 | Z57: 6459 | AA57: 15000 | AB57: 15000 | AC57: 15000 | AD57: 15000 | AE57: 4281 | AF57: 4282 | AG57: 4281 | AH57: 4282 | AI57: 4281 | AJ57: 8326 | AK57: 8325
A58: Scheduled receipts | C58: =IFERROR(INDEX($H$7:$V$7,1,MATCH("RM05",$H$3:$V$3,0)),0) -> 0 | D58: =0 -> 0 | E58: =0 -> 0 | F58: =0 -> 0 | G58: =0 -> 0 | H58: =0 -> 0 | I58: =0 -> 0 | J58: =0 -> 0 | K58: =0 -> 0 | ... AK58: =0 -> 0
A59: Safety stock | B59: =IFERROR(INDEX($H$8:$V$8,1,MATCH("RM05",$H$3:$V$3,0)),0) -> 16507 | C59: =$B59 -> 16507 | D59: =$B59 -> 16507 | E59: =$B59 -> 16507 | F59: =$B59 -> 16507 | G59: =$B59 -> 16507 | H59: =$B59 -> 16507 | I59: =$B59 -> 16507 | J59: =$B59 -> 16507 | ... AK59: =$B59 -> 16507
A60: Projected on hand | B60: =IFERROR(INDEX($H$6:$V$6,1,MATCH("RM05",$H$3:$V$3,0)),0) -> 90000 | C60: =$B60+C58+C62-C57 -> 90000 | D60: =C60+D58+D62-D57 -> 79316 | E60: =D60+E58+E62-E57 -> 64316 | F60: =E60+F58+F62-F57 -> 49316 | G60: =F60+G58+G62-G57 -> 38316 | H60: =G60+H58+H62-H57 -> 25316 | I60: =H60+I58+I62-I57 -> 16507 | J60: =I60+J58+J62-J57 -> 16507 | K60: =J60+K58+K62-K57 -> 16507 | ... AK60: =AJ60+AK58+AK62-AK57 -> 16507
A61: Net requirements | C61: =MAX(C57+C59-($B60+C58),0) -> 0 | D61: =MAX(D57+D59-(C60+D58),0) -> 0 | E61: =MAX(E57+E59-(D60+E58),0) -> 0 | F61: =MAX(F57+F59-(E60+F58),0) -> 0 | G61: =MAX(G57+G59-(F60+G58),0) -> 0 | H61: =MAX(H57+H59-(G60+H58),0) -> 0 | I61: =MAX(I57+I59-(H60+I58),0) -> 4964 | J61: =MAX(J57+J59-(I60+J58),0) -> 7058 | K61: =MAX(K57+K59-(J60+K58),0) -> 8908 | ... AK61: =MAX(AK57+AK59-(AJ60+AK58),0) -> 8325
A62: Planned order receipts | C62: =C61 -> 0 | D62: =D61 -> 0 | E62: =E61 -> 0 | F62: =F61 -> 0 | G62: =G61 -> 0 | H62: =H61 -> 0 | I62: =I61 -> 4964 | J62: =J61 -> 7058 | ... AK62: =AK61 -> 8325
A63: Planned order releases | C63: =IFERROR(INDEX($C$62:$AK$62,1,1+ROUND(INDEX($H$5:$V$5,1,MATCH("RM05",$H$3:$V$3,0))/7,0)),0) -> 12041 | D63: =IFERROR(INDEX($C$62:$AK$62,1,2+ROUND(INDEX($H$5:$V$5,1,MATCH("RM05",$H$3:$V$3,0))/7,0)),0) -> 12040 | E63: =IFERROR(INDEX($C$62:$AK$62,1,3+ROUND(INDEX($H$5:$V$5,1,MATCH("RM05",$H$3:$V$3,0))/7,0)),0) -> 0 | F63: =IFERROR(INDEX($C$62:$AK$62,1,4+ROUND(INDEX($H$5:$V$5,1,MATCH("RM05",$H$3:$V$3,0))/7,0)),0) -> 0 | G63: =IFERROR(INDEX($C$62:$AK$62,1,5+ROUND(INDEX($H$5:$V$5,1,MATCH("RM05",$H$3:$V$3,0))/7,0)),0) -> 15000 | H63: =IFERROR(INDEX($C$62:$AK$62,1,6+ROUND(INDEX($H$5:$V$5,1,MATCH("RM05",$H$3:$V$3,0))/7,0)),0) -> 15000 | I63: =IFERROR(INDEX($C$62:$AK$62,1,7+ROUND(INDEX($H$5:$V$5,1,MATCH("RM05",$H$3:$V$3,0))/7,0)),0) -> 4248 | J63: =IFERROR(INDEX($C$62:$AK$62,1,8+ROUND(INDEX($H$5:$V$5,1,MATCH("RM05",$H$3:$V$3,0))/7,0)),0) -> 4248 | K63: =IFERROR(INDEX($C$62:$AK$62,1,9+ROUND(INDEX($H$5:$V$5,1,MATCH("RM05",$H$3:$V$3,0))/7,0)),0) -> 4249 | L63: =IFERROR(INDEX($C$62:$AK$62,1,10+ROUND(INDEX($H$5:$V$5,1,MATCH("RM05",$H$3:$V$3,0))/7,0)),0) -> 4248 | M63: =IFERROR(INDEX($C$62:$AK$62,1,11+ROUND(INDEX($H$5:$V$5,1,MATCH("RM05",$H$3:$V$3,0))/7,0)),0) -> 2391 | N63: =IFERROR(INDEX($C$62:$AK$62,1,12+ROUND(INDEX($H$5:$V$5,1,MATCH("RM05",$H$3:$V$3,0))/7,0)),0) -> 2392 | O63: =IFERROR(INDEX($C$62:$AK$62,1,13+ROUND(INDEX($H$5:$V$5,1,MATCH("RM05",$H$3:$V$3,0))/7,0)),0) -> 2391 | P63: =IFERROR(INDEX($C$62:$AK$62,1,14+ROUND(INDEX($H$5:$V$5,1,MATCH("RM05",$H$3:$V$3,0))/7,0)),0) -> 6459 | Q63: =IFERROR(INDEX($C$62:$AK$62,1,15+ROUND(INDEX($H$5:$V$5,1,MATCH("RM05",$H$3:$V$3,0))/7,0)),0) -> 15000 | R63: =IFERROR(INDEX($C$62:$AK$62,1,16+ROUND(INDEX($H$5:$V$5,1,MATCH("RM05",$H$3:$V$3,0))/7,0)),0) -> 15000 | S63: =IFERROR(INDEX($C$62:$AK$62,1,17+ROUND(INDEX($H$5:$V$5,1,MATCH("RM05",$H$3:$V$3,0))/7,0)),0) -> 15000 | T63: =IFERROR(INDEX($C$62:$AK$62,1,18+ROUND(INDEX($H$5:$V$5,1,MATCH("RM05",$H$3:$V$3,0))/7,0)),0) -> 15000 | U63: =IFERROR(INDEX($C$62:$AK$62,1,19+ROUND(INDEX($H$5:$V$5,1,MATCH("RM05",$H$3:$V$3,0))/7,0)),0) -> 4281 | V63: =IFERROR(INDEX($C$62:$AK$62,1,20+ROUND(INDEX($H$5:$V$5,1,MATCH("RM05",$H$3:$V$3,0))/7,0)),0) -> 4282 | W63: =IFERROR(INDEX($C$62:$AK$62,1,21+ROUND(INDEX($H$5:$V$5,1,MATCH("RM05",$H$3:$V$3,0))/7,0)),0) -> 4281 | X63: =IFERROR(INDEX($C$62:$AK$62,1,22+ROUND(INDEX($H$5:$V$5,1,MATCH("RM05",$H$3:$V$3,0))/7,0)),0) -> 4282 | Y63: =IFERROR(INDEX($C$62:$AK$62,1,23+ROUND(INDEX($H$5:$V$5,1,MATCH("RM05",$H$3:$V$3,0))/7,0)),0) -> 4281 | Z63: =IFERROR(INDEX($C$62:$AK$62,1,24+ROUND(INDEX($H$5:$V$5,1,MATCH("RM05",$H$3:$V$3,0))/7,0)),0) -> 8326 | AA63: =IFERROR(INDEX($C$62:$AK$62,1,25+ROUND(INDEX($H$5:$V$5,1,MATCH("RM05",$H$3:$V$3,0))/7,0)),0) -> 8325 | AB63: =IFERROR(INDEX($C$62:$AK$62,1,26+ROUND(INDEX($H$5:$V$5,1,MATCH("RM05",$H$3:$V$3,0))/7,0)),0) -> 0 | AC63: =IFERROR(INDEX($C$62:$AK$62,1,27+ROUND(INDEX($H$5:$V$5,1,MATCH("RM05",$H$3:$V$3,0))/7,0)),0) -> 0 | AD63: =IFERROR(INDEX($C$62:$AK$62,1,28+ROUND(INDEX($H$5:$V$5,1,MATCH("RM05",$H$3:$V$3,0))/7,0)),0) -> 0 | AE63: =IFERROR(INDEX($C$62:$AK$62,1,29+ROUND(INDEX($H$5:$V$5,1,MATCH("RM05",$H$3:$V$3,0))/7,0)),0) -> 0 | AF63: =IFERROR(INDEX($C$62:$AK$62,1,30+ROUND(INDEX($H$5:$V$5,1,MATCH("RM05",$H$3:$V$3,0))/7,0)),0) -> 0 | AG63: =IFERROR(INDEX($C$62:$AK$62,1,31+ROUND(INDEX($H$5:$V$5,1,MATCH("RM05",$H$3:$V$3,0))/7,0)),0) -> 0 | AH63: =IFERROR(INDEX($C$62:$AK$62,1,32+ROUND(INDEX($H$5:$V$5,1,MATCH("RM05",$H$3:$V$3,0))/7,0)),0) -> 0 | AI63: =IFERROR(INDEX($C$62:$AK$62,1,33+ROUND(INDEX($H$5:$V$5,1,MATCH("RM05",$H$3:$V$3,0))/7,0)),0) -> 0 | AJ63: =IFERROR(INDEX($C$62:$AK$62,1,34+ROUND(INDEX($H$5:$V$5,1,MATCH("RM05",$H$3:$V$3,0))/7,0)),0) -> 0 | AK63: =IFERROR(INDEX($C$62:$AK$62,1,35+ROUND(INDEX($H$5:$V$5,1,MATCH("RM05",$H$3:$V$3,0))/7,0)),0) -> 0
A65: Item RM06 | B65: LLC: 1 | C65: Week
A66: Lot size: L4L | B66: ="LT: "&ROUND(INDEX($H$5:$V$5,1,MATCH("RM06",$H$3:$V$3,0))/7,0) -> LT: 5 | C66: {=TRANSPOSE(BOM_demand!$A$2:$A$36)} -> 46132 | D66: 46139 | E66: 46146 | F66: 46153 | G66: 46160 | H66: 46167 | I66: 46174 | J66: 46181 | K66: 46188 | L66: 46195 | M66: 46202 | N66: 46209 | O66: 46216 | P66: 46223 | Q66: 46230 | R66: 46237 | S66: 46244 | T66: 46251 | U66: 46258 | V66: 46265 | W66: 46272 | X66: 46279 | Y66: 46286 | Z66: 46293 | AA66: 46300 | AB66: 46307 | AC66: 46314 | AD66: 46321 | AE66: 46328 | AF66: 46335 | AG66: 46342 | AH66: 46349 | AI66: 46356 | AJ66: 46363 | AK66: 46370
A67: Gross requirement | C67: {=TRANSPOSE(BOM_demand!$M$2:$M$36)} -> 0 | D67: 0 | E67: 15400 | F67: 37500 | G67: 22162.5 | H67: 5365 | I67: 17807.5 | J67: 13272.5 | K67: 13272.5 | L67: 7500 | M67: 7500 | N67: 7500 | O67: 7500 | P67: 6000 | Q67: 6000 | R67: 0 | S67: 6000 | T67: 6000 | U67: 9375 | V67: 9375 | W67: 9375 | X67: 9375 | Y67: 7500 | Z67: 7500 | AA67: 7500 | AB67: 7500 | AC67: 7500 | AD67: 15625 | AE67: 15625 | AF67: 15625 | AG67: 15625 | AH67: 15625 | AI67: 15625 | AJ67: 15625 | AK67: 15625
A68: Scheduled receipts | C68: =IFERROR(INDEX($H$7:$V$7,1,MATCH("RM06",$H$3:$V$3,0)),0) -> 0 | D68: =0 -> 0 | E68: =0 -> 0 | F68: =0 -> 0 | G68: =0 -> 0 | H68: =0 -> 0 | I68: =0 -> 0 | J68: =0 -> 0 | K68: =0 -> 0 | ... AK68: =0 -> 0
A69: Safety stock | B69: =IFERROR(INDEX($H$8:$V$8,1,MATCH("RM06",$H$3:$V$3,0)),0) -> 21645 | C69: =$B69 -> 21645 | D69: =$B69 -> 21645 | E69: =$B69 -> 21645 | F69: =$B69 -> 21645 | G69: =$B69 -> 21645 | H69: =$B69 -> 21645 | I69: =$B69 -> 21645 | J69: =$B69 -> 21645 | ... AK69: =$B69 -> 21645
A70: Projected on hand | B70: =IFERROR(INDEX($H$6:$V$6,1,MATCH("RM06",$H$3:$V$3,0)),0) -> 76000 | C70: =$B70+C68+C72-C67 -> 76000 | D70: =C70+D68+D72-D67 -> 76000 | E70: =D70+E68+E72-E67 -> 60600 | F70: =E70+F68+F72-F67 -> 23100 | G70: =F70+G68+G72-G67 -> 21645 | H70: =G70+H68+H72-H67 -> 21645 | I70: =H70+I68+I72-I67 -> 21645 | J70: =I70+J68+J72-J67 -> 21645 | K70: =J70+K68+K72-K67 -> 21645 | ... AK70: =AJ70+AK68+AK72-AK67 -> 21645
A71: Net requirements | C71: =MAX(C67+C69-($B70+C68),0) -> 0 | D71: =MAX(D67+D69-(C70+D68),0) -> 0 | E71: =MAX(E67+E69-(D70+E68),0) -> 0 | F71: =MAX(F67+F69-(E70+F68),0) -> 0 | G71: =MAX(G67+G69-(F70+G68),0) -> 20707.5 | H71: =MAX(H67+H69-(G70+H68),0) -> 5365 | I71: =MAX(I67+I69-(H70+I68),0) -> 17807.5 | J71: =MAX(J67+J69-(I70+J68),0) -> 13272.5 | K71: =MAX(K67+K69-(J70+K68),0) -> 13272.5 | ... AK71: =MAX(AK67+AK69-(AJ70+AK68),0) -> 15625
A72: Planned order receipts | C72: =C71 -> 0 | D72: =D71 -> 0 | E72: =E71 -> 0 | F72: =F71 -> 0 | G72: =G71 -> 20707.5 | H72: =H71 -> 5365 | I72: =I71 -> 17807.5 | J72: =J71 -> 13272.5 | ... AK72: =AK71 -> 15625
A73: Planned order releases | C73: =IFERROR(INDEX($C$72:$AK$72,1,1+ROUND(INDEX($H$5:$V$5,1,MATCH("RM06",$H$3:$V$3,0))/7,0)),0) -> 5365 | D73: =IFERROR(INDEX($C$72:$AK$72,1,2+ROUND(INDEX($H$5:$V$5,1,MATCH("RM06",$H$3:$V$3,0))/7,0)),0) -> 17807.5 | E73: =IFERROR(INDEX($C$72:$AK$72,1,3+ROUND(INDEX($H$5:$V$5,1,MATCH("RM06",$H$3:$V$3,0))/7,0)),0) -> 13272.5 | F73: =IFERROR(INDEX($C$72:$AK$72,1,4+ROUND(INDEX($H$5:$V$5,1,MATCH("RM06",$H$3:$V$3,0))/7,0)),0) -> 13272.5 | G73: =IFERROR(INDEX($C$72:$AK$72,1,5+ROUND(INDEX($H$5:$V$5,1,MATCH("RM06",$H$3:$V$3,0))/7,0)),0) -> 7500 | H73: =IFERROR(INDEX($C$72:$AK$72,1,6+ROUND(INDEX($H$5:$V$5,1,MATCH("RM06",$H$3:$V$3,0))/7,0)),0) -> 7500 | I73: =IFERROR(INDEX($C$72:$AK$72,1,7+ROUND(INDEX($H$5:$V$5,1,MATCH("RM06",$H$3:$V$3,0))/7,0)),0) -> 7500 | J73: =IFERROR(INDEX($C$72:$AK$72,1,8+ROUND(INDEX($H$5:$V$5,1,MATCH("RM06",$H$3:$V$3,0))/7,0)),0) -> 7500 | K73: =IFERROR(INDEX($C$72:$AK$72,1,9+ROUND(INDEX($H$5:$V$5,1,MATCH("RM06",$H$3:$V$3,0))/7,0)),0) -> 6000 | L73: =IFERROR(INDEX($C$72:$AK$72,1,10+ROUND(INDEX($H$5:$V$5,1,MATCH("RM06",$H$3:$V$3,0))/7,0)),0) -> 6000 | M73: =IFERROR(INDEX($C$72:$AK$72,1,11+ROUND(INDEX($H$5:$V$5,1,MATCH("RM06",$H$3:$V$3,0))/7,0)),0) -> 0 | N73: =IFERROR(INDEX($C$72:$AK$72,1,12+ROUND(INDEX($H$5:$V$5,1,MATCH("RM06",$H$3:$V$3,0))/7,0)),0) -> 6000 | O73: =IFERROR(INDEX($C$72:$AK$72,1,13+ROUND(INDEX($H$5:$V$5,1,MATCH("RM06",$H$3:$V$3,0))/7,0)),0) -> 6000 | P73: =IFERROR(INDEX($C$72:$AK$72,1,14+ROUND(INDEX($H$5:$V$5,1,MATCH("RM06",$H$3:$V$3,0))/7,0)),0) -> 9375 | Q73: =IFERROR(INDEX($C$72:$AK$72,1,15+ROUND(INDEX($H$5:$V$5,1,MATCH("RM06",$H$3:$V$3,0))/7,0)),0) -> 9375 | R73: =IFERROR(INDEX($C$72:$AK$72,1,16+ROUND(INDEX($H$5:$V$5,1,MATCH("RM06",$H$3:$V$3,0))/7,0)),0) -> 9375 | S73: =IFERROR(INDEX($C$72:$AK$72,1,17+ROUND(INDEX($H$5:$V$5,1,MATCH("RM06",$H$3:$V$3,0))/7,0)),0) -> 9375 | T73: =IFERROR(INDEX($C$72:$AK$72,1,18+ROUND(INDEX($H$5:$V$5,1,MATCH("RM06",$H$3:$V$3,0))/7,0)),0) -> 7500 | U73: =IFERROR(INDEX($C$72:$AK$72,1,19+ROUND(INDEX($H$5:$V$5,1,MATCH("RM06",$H$3:$V$3,0))/7,0)),0) -> 7500 | V73: =IFERROR(INDEX($C$72:$AK$72,1,20+ROUND(INDEX($H$5:$V$5,1,MATCH("RM06",$H$3:$V$3,0))/7,0)),0) -> 7500 | W73: =IFERROR(INDEX($C$72:$AK$72,1,21+ROUND(INDEX($H$5:$V$5,1,MATCH("RM06",$H$3:$V$3,0))/7,0)),0) -> 7500 | X73: =IFERROR(INDEX($C$72:$AK$72,1,22+ROUND(INDEX($H$5:$V$5,1,MATCH("RM06",$H$3:$V$3,0))/7,0)),0) -> 7500 | Y73: =IFERROR(INDEX($C$72:$AK$72,1,23+ROUND(INDEX($H$5:$V$5,1,MATCH("RM06",$H$3:$V$3,0))/7,0)),0) -> 15625 | Z73: =IFERROR(INDEX($C$72:$AK$72,1,24+ROUND(INDEX($H$5:$V$5,1,MATCH("RM06",$H$3:$V$3,0))/7,0)),0) -> 15625 | AA73: =IFERROR(INDEX($C$72:$AK$72,1,25+ROUND(INDEX($H$5:$V$5,1,MATCH("RM06",$H$3:$V$3,0))/7,0)),0) -> 15625 | AB73: =IFERROR(INDEX($C$72:$AK$72,1,26+ROUND(INDEX($H$5:$V$5,1,MATCH("RM06",$H$3:$V$3,0))/7,0)),0) -> 15625 | AC73: =IFERROR(INDEX($C$72:$AK$72,1,27+ROUND(INDEX($H$5:$V$5,1,MATCH("RM06",$H$3:$V$3,0))/7,0)),0) -> 15625 | AD73: =IFERROR(INDEX($C$72:$AK$72,1,28+ROUND(INDEX($H$5:$V$5,1,MATCH("RM06",$H$3:$V$3,0))/7,0)),0) -> 15625 | AE73: =IFERROR(INDEX($C$72:$AK$72,1,29+ROUND(INDEX($H$5:$V$5,1,MATCH("RM06",$H$3:$V$3,0))/7,0)),0) -> 15625 | AF73: =IFERROR(INDEX($C$72:$AK$72,1,30+ROUND(INDEX($H$5:$V$5,1,MATCH("RM06",$H$3:$V$3,0))/7,0)),0) -> 15625 | AG73: =IFERROR(INDEX($C$72:$AK$72,1,31+ROUND(INDEX($H$5:$V$5,1,MATCH("RM06",$H$3:$V$3,0))/7,0)),0) -> 0 | AH73: =IFERROR(INDEX($C$72:$AK$72,1,32+ROUND(INDEX($H$5:$V$5,1,MATCH("RM06",$H$3:$V$3,0))/7,0)),0) -> 0 | AI73: =IFERROR(INDEX($C$72:$AK$72,1,33+ROUND(INDEX($H$5:$V$5,1,MATCH("RM06",$H$3:$V$3,0))/7,0)),0) -> 0 | AJ73: =IFERROR(INDEX($C$72:$AK$72,1,34+ROUND(INDEX($H$5:$V$5,1,MATCH("RM06",$H$3:$V$3,0))/7,0)),0) -> 0 | AK73: =IFERROR(INDEX($C$72:$AK$72,1,35+ROUND(INDEX($H$5:$V$5,1,MATCH("RM06",$H$3:$V$3,0))/7,0)),0) -> 0
A75: Item RM07 | B75: LLC: 1 | C75: Week
A76: Lot size: L4L | B76: ="LT: "&ROUND(INDEX($H$5:$V$5,1,MATCH("RM07",$H$3:$V$3,0))/7,0) -> LT: 6 | C76: {=TRANSPOSE(BOM_demand!$A$2:$A$36)} -> 46132 | D76: 46139 | E76: 46146 | F76: 46153 | G76: 46160 | H76: 46167 | I76: 46174 | J76: 46181 | K76: 46188 | L76: 46195 | M76: 46202 | N76: 46209 | O76: 46216 | P76: 46223 | Q76: 46230 | R76: 46237 | S76: 46244 | T76: 46251 | U76: 46258 | V76: 46265 | W76: 46272 | X76: 46279 | Y76: 46286 | Z76: 46293 | AA76: 46300 | AB76: 46307 | AC76: 46314 | AD76: 46321 | AE76: 46328 | AF76: 46335 | AG76: 46342 | AH76: 46349 | AI76: 46356 | AJ76: 46363 | AK76: 46370
A77: Gross requirement | C77: {=TRANSPOSE(BOM_demand!$N$2:$N$36)} -> 0 | D77: 0 | E77: 9240 | F77: 22500 | G77: 13297.5 | H77: 3219 | I77: 10684.5 | J77: 7963.5 | K77: 7963.5 | L77: 4500 | M77: 4500 | N77: 4500 | O77: 4500 | P77: 3600 | Q77: 3600 | R77: 0 | S77: 3600 | T77: 3600 | U77: 5625 | V77: 5625 | W77: 5625 | X77: 5625 | Y77: 4500 | Z77: 4500 | AA77: 4500 | AB77: 4500 | AC77: 4500 | AD77: 9375 | AE77: 9375 | AF77: 9375 | AG77: 9375 | AH77: 9375 | AI77: 9375 | AJ77: 9375 | AK77: 9375
A78: Scheduled receipts | C78: =IFERROR(INDEX($H$7:$V$7,1,MATCH("RM07",$H$3:$V$3,0)),0) -> 0 | D78: =0 -> 0 | E78: =0 -> 0 | F78: =0 -> 0 | G78: =0 -> 0 | H78: =0 -> 0 | I78: =0 -> 0 | J78: =0 -> 0 | K78: =0 -> 0 | ... AK78: =0 -> 0
A79: Safety stock | B79: =IFERROR(INDEX($H$8:$V$8,1,MATCH("RM07",$H$3:$V$3,0)),0) -> 12987 | C79: =$B79 -> 12987 | D79: =$B79 -> 12987 | E79: =$B79 -> 12987 | F79: =$B79 -> 12987 | G79: =$B79 -> 12987 | H79: =$B79 -> 12987 | I79: =$B79 -> 12987 | J79: =$B79 -> 12987 | ... AK79: =$B79 -> 12987
A80: Projected on hand | B80: =IFERROR(INDEX($H$6:$V$6,1,MATCH("RM07",$H$3:$V$3,0)),0) -> 50000 | C80: =$B80+C78+C82-C77 -> 50000 | D80: =C80+D78+D82-D77 -> 50000 | E80: =D80+E78+E82-E77 -> 40760 | F80: =E80+F78+F82-F77 -> 18260 | G80: =F80+G78+G82-G77 -> 12987 | H80: =G80+H78+H82-H77 -> 12987 | I80: =H80+I78+I82-I77 -> 12987 | J80: =I80+J78+J82-J77 -> 12987 | K80: =J80+K78+K82-K77 -> 12987 | ... AK80: =AJ80+AK78+AK82-AK77 -> 12987
A81: Net requirements | C81: =MAX(C77+C79-($B80+C78),0) -> 0 | D81: =MAX(D77+D79-(C80+D78),0) -> 0 | E81: =MAX(E77+E79-(D80+E78),0) -> 0 | F81: =MAX(F77+F79-(E80+F78),0) -> 0 | G81: =MAX(G77+G79-(F80+G78),0) -> 8024.5 | H81: =MAX(H77+H79-(G80+H78),0) -> 3219 | I81: =MAX(I77+I79-(H80+I78),0) -> 10684.5 | J81: =MAX(J77+J79-(I80+J78),0) -> 7963.5 | K81: =MAX(K77+K79-(J80+K78),0) -> 7963.5 | ... AK81: =MAX(AK77+AK79-(AJ80+AK78),0) -> 9375
A82: Planned order receipts | C82: =C81 -> 0 | D82: =D81 -> 0 | E82: =E81 -> 0 | F82: =F81 -> 0 | G82: =G81 -> 8024.5 | H82: =H81 -> 3219 | I82: =I81 -> 10684.5 | J82: =J81 -> 7963.5 | ... AK82: =AK81 -> 9375
A83: Planned order releases | C83: =IFERROR(INDEX($C$82:$AK$82,1,1+ROUND(INDEX($H$5:$V$5,1,MATCH("RM07",$H$3:$V$3,0))/7,0)),0) -> 10684.5 | D83: =IFERROR(INDEX($C$82:$AK$82,1,2+ROUND(INDEX($H$5:$V$5,1,MATCH("RM07",$H$3:$V$3,0))/7,0)),0) -> 7963.5 | E83: =IFERROR(INDEX($C$82:$AK$82,1,3+ROUND(INDEX($H$5:$V$5,1,MATCH("RM07",$H$3:$V$3,0))/7,0)),0) -> 7963.5 | F83: =IFERROR(INDEX($C$82:$AK$82,1,4+ROUND(INDEX($H$5:$V$5,1,MATCH("RM07",$H$3:$V$3,0))/7,0)),0) -> 4500 | G83: =IFERROR(INDEX($C$82:$AK$82,1,5+ROUND(INDEX($H$5:$V$5,1,MATCH("RM07",$H$3:$V$3,0))/7,0)),0) -> 4500 | H83: =IFERROR(INDEX($C$82:$AK$82,1,6+ROUND(INDEX($H$5:$V$5,1,MATCH("RM07",$H$3:$V$3,0))/7,0)),0) -> 4500 | I83: =IFERROR(INDEX($C$82:$AK$82,1,7+ROUND(INDEX($H$5:$V$5,1,MATCH("RM07",$H$3:$V$3,0))/7,0)),0) -> 4500 | J83: =IFERROR(INDEX($C$82:$AK$82,1,8+ROUND(INDEX($H$5:$V$5,1,MATCH("RM07",$H$3:$V$3,0))/7,0)),0) -> 3600 | K83: =IFERROR(INDEX($C$82:$AK$82,1,9+ROUND(INDEX($H$5:$V$5,1,MATCH("RM07",$H$3:$V$3,0))/7,0)),0) -> 3600 | L83: =IFERROR(INDEX($C$82:$AK$82,1,10+ROUND(INDEX($H$5:$V$5,1,MATCH("RM07",$H$3:$V$3,0))/7,0)),0) -> 0 | M83: =IFERROR(INDEX($C$82:$AK$82,1,11+ROUND(INDEX($H$5:$V$5,1,MATCH("RM07",$H$3:$V$3,0))/7,0)),0) -> 3600 | N83: =IFERROR(INDEX($C$82:$AK$82,1,12+ROUND(INDEX($H$5:$V$5,1,MATCH("RM07",$H$3:$V$3,0))/7,0)),0) -> 3600 | O83: =IFERROR(INDEX($C$82:$AK$82,1,13+ROUND(INDEX($H$5:$V$5,1,MATCH("RM07",$H$3:$V$3,0))/7,0)),0) -> 5625 | P83: =IFERROR(INDEX($C$82:$AK$82,1,14+ROUND(INDEX($H$5:$V$5,1,MATCH("RM07",$H$3:$V$3,0))/7,0)),0) -> 5625 | Q83: =IFERROR(INDEX($C$82:$AK$82,1,15+ROUND(INDEX($H$5:$V$5,1,MATCH("RM07",$H$3:$V$3,0))/7,0)),0) -> 5625 | R83: =IFERROR(INDEX($C$82:$AK$82,1,16+ROUND(INDEX($H$5:$V$5,1,MATCH("RM07",$H$3:$V$3,0))/7,0)),0) -> 5625 | S83: =IFERROR(INDEX($C$82:$AK$82,1,17+ROUND(INDEX($H$5:$V$5,1,MATCH("RM07",$H$3:$V$3,0))/7,0)),0) -> 4500 | T83: =IFERROR(INDEX($C$82:$AK$82,1,18+ROUND(INDEX($H$5:$V$5,1,MATCH("RM07",$H$3:$V$3,0))/7,0)),0) -> 4500 | U83: =IFERROR(INDEX($C$82:$AK$82,1,19+ROUND(INDEX($H$5:$V$5,1,MATCH("RM07",$H$3:$V$3,0))/7,0)),0) -> 4500 | V83: =IFERROR(INDEX($C$82:$AK$82,1,20+ROUND(INDEX($H$5:$V$5,1,MATCH("RM07",$H$3:$V$3,0))/7,0)),0) -> 4500 | W83: =IFERROR(INDEX($C$82:$AK$82,1,21+ROUND(INDEX($H$5:$V$5,1,MATCH("RM07",$H$3:$V$3,0))/7,0)),0) -> 4500 | X83: =IFERROR(INDEX($C$82:$AK$82,1,22+ROUND(INDEX($H$5:$V$5,1,MATCH("RM07",$H$3:$V$3,0))/7,0)),0) -> 9375 | Y83: =IFERROR(INDEX($C$82:$AK$82,1,23+ROUND(INDEX($H$5:$V$5,1,MATCH("RM07",$H$3:$V$3,0))/7,0)),0) -> 9375 | Z83: =IFERROR(INDEX($C$82:$AK$82,1,24+ROUND(INDEX($H$5:$V$5,1,MATCH("RM07",$H$3:$V$3,0))/7,0)),0) -> 9375 | AA83: =IFERROR(INDEX($C$82:$AK$82,1,25+ROUND(INDEX($H$5:$V$5,1,MATCH("RM07",$H$3:$V$3,0))/7,0)),0) -> 9375 | AB83: =IFERROR(INDEX($C$82:$AK$82,1,26+ROUND(INDEX($H$5:$V$5,1,MATCH("RM07",$H$3:$V$3,0))/7,0)),0) -> 9375 | AC83: =IFERROR(INDEX($C$82:$AK$82,1,27+ROUND(INDEX($H$5:$V$5,1,MATCH("RM07",$H$3:$V$3,0))/7,0)),0) -> 9375 | AD83: =IFERROR(INDEX($C$82:$AK$82,1,28+ROUND(INDEX($H$5:$V$5,1,MATCH("RM07",$H$3:$V$3,0))/7,0)),0) -> 9375 | AE83: =IFERROR(INDEX($C$82:$AK$82,1,29+ROUND(INDEX($H$5:$V$5,1,MATCH("RM07",$H$3:$V$3,0))/7,0)),0) -> 9375 | AF83: =IFERROR(INDEX($C$82:$AK$82,1,30+ROUND(INDEX($H$5:$V$5,1,MATCH("RM07",$H$3:$V$3,0))/7,0)),0) -> 0 | AG83: =IFERROR(INDEX($C$82:$AK$82,1,31+ROUND(INDEX($H$5:$V$5,1,MATCH("RM07",$H$3:$V$3,0))/7,0)),0) -> 0 | AH83: =IFERROR(INDEX($C$82:$AK$82,1,32+ROUND(INDEX($H$5:$V$5,1,MATCH("RM07",$H$3:$V$3,0))/7,0)),0) -> 0 | AI83: =IFERROR(INDEX($C$82:$AK$82,1,33+ROUND(INDEX($H$5:$V$5,1,MATCH("RM07",$H$3:$V$3,0))/7,0)),0) -> 0 | AJ83: =IFERROR(INDEX($C$82:$AK$82,1,34+ROUND(INDEX($H$5:$V$5,1,MATCH("RM07",$H$3:$V$3,0))/7,0)),0) -> 0 | AK83: =IFERROR(INDEX($C$82:$AK$82,1,35+ROUND(INDEX($H$5:$V$5,1,MATCH("RM07",$H$3:$V$3,0))/7,0)),0) -> 0
A85: Item RM08 | B85: LLC: 1 | C85: Week
A86: Lot size: L4L | B86: ="LT: "&ROUND(INDEX($H$5:$V$5,1,MATCH("RM08",$H$3:$V$3,0))/7,0) -> LT: 9 | C86: {=TRANSPOSE(BOM_demand!$A$2:$A$36)} -> 46132 | D86: 46139 | E86: 46146 | F86: 46153 | G86: 46160 | H86: 46167 | I86: 46174 | J86: 46181 | K86: 46188 | L86: 46195 | M86: 46202 | N86: 46209 | O86: 46216 | P86: 46223 | Q86: 46230 | R86: 46237 | S86: 46244 | T86: 46251 | U86: 46258 | V86: 46265 | W86: 46272 | X86: 46279 | Y86: 46286 | Z86: 46293 | AA86: 46300 | AB86: 46307 | AC86: 46314 | AD86: 46321 | AE86: 46328 | AF86: 46335 | AG86: 46342 | AH86: 46349 | AI86: 46356 | AJ86: 46363 | AK86: 46370
A87: Gross requirement | C87: {=TRANSPOSE(BOM_demand!$O$2:$O$36)} -> 0 | D87: 0 | E87: 15000 | F87: 15000 | G87: 15000 | H87: 15000 | I87: 15000 | J87: 15000 | K87: 15000 | L87: 15000 | M87: 7500 | N87: 7500 | O87: 7500 | P87: 3000 | Q87: 3000 | R87: 3000 | S87: 3000 | T87: 3000 | U87: 2250 | V87: 2250 | W87: 2250 | X87: 2250 | Y87: 1800 | Z87: 1800 | AA87: 1800 | AB87: 1800 | AC87: 1800 | AD87: 1500 | AE87: 1500 | AF87: 1500 | AG87: 1500 | AH87: 9000 | AI87: 9000 | AJ87: 9000 | AK87: 9000
A88: Scheduled receipts | C88: =IFERROR(INDEX($H$7:$V$7,1,MATCH("RM08",$H$3:$V$3,0)),0) -> 38000 | D88: =0 -> 0 | E88: =0 -> 0 | F88: =0 -> 0 | G88: =0 -> 0 | H88: =0 -> 0 | I88: =0 -> 0 | J88: =0 -> 0 | K88: =0 -> 0 | ... AK88: =0 -> 0
A89: Safety stock | B89: =IFERROR(INDEX($H$8:$V$8,1,MATCH("RM08",$H$3:$V$3,0)),0) -> 12429 | C89: =$B89 -> 12429 | D89: =$B89 -> 12429 | E89: =$B89 -> 12429 | F89: =$B89 -> 12429 | G89: =$B89 -> 12429 | H89: =$B89 -> 12429 | I89: =$B89 -> 12429 | J89: =$B89 -> 12429 | ... AK89: =$B89 -> 12429
A90: Projected on hand | B90: =IFERROR(INDEX($H$6:$V$6,1,MATCH("RM08",$H$3:$V$3,0)),0) -> 123000 | C90: =$B90+C88+C92-C87 -> 161000 | D90: =C90+D88+D92-D87 -> 161000 | E90: =D90+E88+E92-E87 -> 146000 | F90: =E90+F88+F92-F87 -> 131000 | G90: =F90+G88+G92-G87 -> 116000 | H90: =G90+H88+H92-H87 -> 101000 | I90: =H90+I88+I92-I87 -> 86000 | J90: =I90+J88+J92-J87 -> 71000 | K90: =J90+K88+K92-K87 -> 56000 | ... AK90: =AJ90+AK88+AK92-AK87 -> 12429
A91: Net requirements | C91: =MAX(C87+C89-($B90+C88),0) -> 0 | D91: =MAX(D87+D89-(C90+D88),0) -> 0 | E91: =MAX(E87+E89-(D90+E88),0) -> 0 | F91: =MAX(F87+F89-(E90+F88),0) -> 0 | G91: =MAX(G87+G89-(F90+G88),0) -> 0 | H91: =MAX(H87+H89-(G90+H88),0) -> 0 | I91: =MAX(I87+I89-(H90+I88),0) -> 0 | J91: =MAX(J87+J89-(I90+J88),0) -> 0 | K91: =MAX(K87+K89-(J90+K88),0) -> 0 | ... AK91: =MAX(AK87+AK89-(AJ90+AK88),0) -> 9000
A92: Planned order receipts | C92: =C91 -> 0 | D92: =D91 -> 0 | E92: =E91 -> 0 | F92: =F91 -> 0 | G92: =G91 -> 0 | H92: =H91 -> 0 | I92: =I91 -> 0 | J92: =J91 -> 0 | ... AK92: =AK91 -> 9000
A93: Planned order releases | C93: =IFERROR(INDEX($C$92:$AK$92,1,1+ROUND(INDEX($H$5:$V$5,1,MATCH("RM08",$H$3:$V$3,0))/7,0)),0) -> 0 | D93: =IFERROR(INDEX($C$92:$AK$92,1,2+ROUND(INDEX($H$5:$V$5,1,MATCH("RM08",$H$3:$V$3,0))/7,0)),0) -> 0 | E93: =IFERROR(INDEX($C$92:$AK$92,1,3+ROUND(INDEX($H$5:$V$5,1,MATCH("RM08",$H$3:$V$3,0))/7,0)),0) -> 0 | F93: =IFERROR(INDEX($C$92:$AK$92,1,4+ROUND(INDEX($H$5:$V$5,1,MATCH("RM08",$H$3:$V$3,0))/7,0)),0) -> 0 | G93: =IFERROR(INDEX($C$92:$AK$92,1,5+ROUND(INDEX($H$5:$V$5,1,MATCH("RM08",$H$3:$V$3,0))/7,0)),0) -> 0 | H93: =IFERROR(INDEX($C$92:$AK$92,1,6+ROUND(INDEX($H$5:$V$5,1,MATCH("RM08",$H$3:$V$3,0))/7,0)),0) -> 0 | I93: =IFERROR(INDEX($C$92:$AK$92,1,7+ROUND(INDEX($H$5:$V$5,1,MATCH("RM08",$H$3:$V$3,0))/7,0)),0) -> 2929 | J93: =IFERROR(INDEX($C$92:$AK$92,1,8+ROUND(INDEX($H$5:$V$5,1,MATCH("RM08",$H$3:$V$3,0))/7,0)),0) -> 3000 | K93: =IFERROR(INDEX($C$92:$AK$92,1,9+ROUND(INDEX($H$5:$V$5,1,MATCH("RM08",$H$3:$V$3,0))/7,0)),0) -> 3000 | L93: =IFERROR(INDEX($C$92:$AK$92,1,10+ROUND(INDEX($H$5:$V$5,1,MATCH("RM08",$H$3:$V$3,0))/7,0)),0) -> 2250 | M93: =IFERROR(INDEX($C$92:$AK$92,1,11+ROUND(INDEX($H$5:$V$5,1,MATCH("RM08",$H$3:$V$3,0))/7,0)),0) -> 2250 | N93: =IFERROR(INDEX($C$92:$AK$92,1,12+ROUND(INDEX($H$5:$V$5,1,MATCH("RM08",$H$3:$V$3,0))/7,0)),0) -> 2250 | O93: =IFERROR(INDEX($C$92:$AK$92,1,13+ROUND(INDEX($H$5:$V$5,1,MATCH("RM08",$H$3:$V$3,0))/7,0)),0) -> 2250 | P93: =IFERROR(INDEX($C$92:$AK$92,1,14+ROUND(INDEX($H$5:$V$5,1,MATCH("RM08",$H$3:$V$3,0))/7,0)),0) -> 1800 | Q93: =IFERROR(INDEX($C$92:$AK$92,1,15+ROUND(INDEX($H$5:$V$5,1,MATCH("RM08",$H$3:$V$3,0))/7,0)),0) -> 1800 | R93: =IFERROR(INDEX($C$92:$AK$92,1,16+ROUND(INDEX($H$5:$V$5,1,MATCH("RM08",$H$3:$V$3,0))/7,0)),0) -> 1800 | S93: =IFERROR(INDEX($C$92:$AK$92,1,17+ROUND(INDEX($H$5:$V$5,1,MATCH("RM08",$H$3:$V$3,0))/7,0)),0) -> 1800 | T93: =IFERROR(INDEX($C$92:$AK$92,1,18+ROUND(INDEX($H$5:$V$5,1,MATCH("RM08",$H$3:$V$3,0))/7,0)),0) -> 1800 | U93: =IFERROR(INDEX($C$92:$AK$92,1,19+ROUND(INDEX($H$5:$V$5,1,MATCH("RM08",$H$3:$V$3,0))/7,0)),0) -> 1500 | V93: =IFERROR(INDEX($C$92:$AK$92,1,20+ROUND(INDEX($H$5:$V$5,1,MATCH("RM08",$H$3:$V$3,0))/7,0)),0) -> 1500 | W93: =IFERROR(INDEX($C$92:$AK$92,1,21+ROUND(INDEX($H$5:$V$5,1,MATCH("RM08",$H$3:$V$3,0))/7,0)),0) -> 1500 | X93: =IFERROR(INDEX($C$92:$AK$92,1,22+ROUND(INDEX($H$5:$V$5,1,MATCH("RM08",$H$3:$V$3,0))/7,0)),0) -> 1500 | Y93: =IFERROR(INDEX($C$92:$AK$92,1,23+ROUND(INDEX($H$5:$V$5,1,MATCH("RM08",$H$3:$V$3,0))/7,0)),0) -> 9000 | Z93: =IFERROR(INDEX($C$92:$AK$92,1,24+ROUND(INDEX($H$5:$V$5,1,MATCH("RM08",$H$3:$V$3,0))/7,0)),0) -> 9000 | AA93: =IFERROR(INDEX($C$92:$AK$92,1,25+ROUND(INDEX($H$5:$V$5,1,MATCH("RM08",$H$3:$V$3,0))/7,0)),0) -> 9000 | AB93: =IFERROR(INDEX($C$92:$AK$92,1,26+ROUND(INDEX($H$5:$V$5,1,MATCH("RM08",$H$3:$V$3,0))/7,0)),0) -> 9000 | AC93: =IFERROR(INDEX($C$92:$AK$92,1,27+ROUND(INDEX($H$5:$V$5,1,MATCH("RM08",$H$3:$V$3,0))/7,0)),0) -> 0 | AD93: =IFERROR(INDEX($C$92:$AK$92,1,28+ROUND(INDEX($H$5:$V$5,1,MATCH("RM08",$H$3:$V$3,0))/7,0)),0) -> 0 | AE93: =IFERROR(INDEX($C$92:$AK$92,1,29+ROUND(INDEX($H$5:$V$5,1,MATCH("RM08",$H$3:$V$3,0))/7,0)),0) -> 0 | AF93: =IFERROR(INDEX($C$92:$AK$92,1,30+ROUND(INDEX($H$5:$V$5,1,MATCH("RM08",$H$3:$V$3,0))/7,0)),0) -> 0 | AG93: =IFERROR(INDEX($C$92:$AK$92,1,31+ROUND(INDEX($H$5:$V$5,1,MATCH("RM08",$H$3:$V$3,0))/7,0)),0) -> 0 | AH93: =IFERROR(INDEX($C$92:$AK$92,1,32+ROUND(INDEX($H$5:$V$5,1,MATCH("RM08",$H$3:$V$3,0))/7,0)),0) -> 0 | AI93: =IFERROR(INDEX($C$92:$AK$92,1,33+ROUND(INDEX($H$5:$V$5,1,MATCH("RM08",$H$3:$V$3,0))/7,0)),0) -> 0 | AJ93: =IFERROR(INDEX($C$92:$AK$92,1,34+ROUND(INDEX($H$5:$V$5,1,MATCH("RM08",$H$3:$V$3,0))/7,0)),0) -> 0 | AK93: =IFERROR(INDEX($C$92:$AK$92,1,35+ROUND(INDEX($H$5:$V$5,1,MATCH("RM08",$H$3:$V$3,0))/7,0)),0) -> 0
A95: Item RM09 | B95: LLC: 1 | C95: Week
A96: Lot size: L4L | B96: ="LT: "&ROUND(INDEX($H$5:$V$5,1,MATCH("RM09",$H$3:$V$3,0))/7,0) -> LT: 4 | C96: {=TRANSPOSE(BOM_demand!$A$2:$A$36)} -> 46132 | D96: 46139 | E96: 46146 | F96: 46153 | G96: 46160 | H96: 46167 | I96: 46174 | J96: 46181 | K96: 46188 | L96: 46195 | M96: 46202 | N96: 46209 | O96: 46216 | P96: 46223 | Q96: 46230 | R96: 46237 | S96: 46244 | T96: 46251 | U96: 46258 | V96: 46265 | W96: 46272 | X96: 46279 | Y96: 46286 | Z96: 46293 | AA96: 46300 | AB96: 46307 | AC96: 46314 | AD96: 46321 | AE96: 46328 | AF96: 46335 | AG96: 46342 | AH96: 46349 | AI96: 46356 | AJ96: 46363 | AK96: 46370
A97: Gross requirement | C97: {=TRANSPOSE(BOM_demand!$P$2:$P$36)} -> 0 | D97: 0 | E97: 2500 | F97: 2500 | G97: 2500 | H97: 2500 | I97: 2500 | J97: 2500 | K97: 2500 | L97: 2500 | M97: 1250 | N97: 1250 | O97: 1250 | P97: 500 | Q97: 500 | R97: 500 | S97: 500 | T97: 500 | U97: 375 | V97: 375 | W97: 375 | X97: 375 | Y97: 300 | Z97: 300 | AA97: 300 | AB97: 300 | AC97: 300 | AD97: 250 | AE97: 250 | AF97: 250 | AG97: 250 | AH97: 1500 | AI97: 1500 | AJ97: 1500 | AK97: 1500
A98: Scheduled receipts | C98: =IFERROR(INDEX($H$7:$V$7,1,MATCH("RM09",$H$3:$V$3,0)),0) -> 0 | D98: =0 -> 0 | E98: =0 -> 0 | F98: =0 -> 0 | G98: =0 -> 0 | H98: =0 -> 0 | I98: =0 -> 0 | J98: =0 -> 0 | K98: =0 -> 0 | ... AK98: =0 -> 0
A99: Safety stock | B99: =IFERROR(INDEX($H$8:$V$8,1,MATCH("RM09",$H$3:$V$3,0)),0) -> 2072 | C99: =$B99 -> 2072 | D99: =$B99 -> 2072 | E99: =$B99 -> 2072 | F99: =$B99 -> 2072 | G99: =$B99 -> 2072 | H99: =$B99 -> 2072 | I99: =$B99 -> 2072 | J99: =$B99 -> 2072 | ... AK99: =$B99 -> 2072
A100: Projected on hand | B100: =IFERROR(INDEX($H$6:$V$6,1,MATCH("RM09",$H$3:$V$3,0)),0) -> 6500 | C100: =$B100+C98+C102-C97 -> 6500 | D100: =C100+D98+D102-D97 -> 6500 | E100: =D100+E98+E102-E97 -> 4000 | F100: =E100+F98+F102-F97 -> 2072 | G100: =F100+G98+G102-G97 -> 2072 | H100: =G100+H98+H102-H97 -> 2072 | I100: =H100+I98+I102-I97 -> 2072 | J100: =I100+J98+J102-J97 -> 2072 | K100: =J100+K98+K102-K97 -> 2072 | ... AK100: =AJ100+AK98+AK102-AK97 -> 2072
A101: Net requirements | C101: =MAX(C97+C99-($B100+C98),0) -> 0 | D101: =MAX(D97+D99-(C100+D98),0) -> 0 | E101: =MAX(E97+E99-(D100+E98),0) -> 0 | F101: =MAX(F97+F99-(E100+F98),0) -> 572 | G101: =MAX(G97+G99-(F100+G98),0) -> 2500 | H101: =MAX(H97+H99-(G100+H98),0) -> 2500 | I101: =MAX(I97+I99-(H100+I98),0) -> 2500 | J101: =MAX(J97+J99-(I100+J98),0) -> 2500 | K101: =MAX(K97+K99-(J100+K98),0) -> 2500 | ... AK101: =MAX(AK97+AK99-(AJ100+AK98),0) -> 1500
A102: Planned order receipts | C102: =C101 -> 0 | D102: =D101 -> 0 | E102: =E101 -> 0 | F102: =F101 -> 572 | G102: =G101 -> 2500 | H102: =H101 -> 2500 | I102: =I101 -> 2500 | J102: =J101 -> 2500 | ... AK102: =AK101 -> 1500
A103: Planned order releases | C103: =IFERROR(INDEX($C$102:$AK$102,1,1+ROUND(INDEX($H$5:$V$5,1,MATCH("RM09",$H$3:$V$3,0))/7,0)),0) -> 2500 | D103: =IFERROR(INDEX($C$102:$AK$102,1,2+ROUND(INDEX($H$5:$V$5,1,MATCH("RM09",$H$3:$V$3,0))/7,0)),0) -> 2500 | E103: =IFERROR(INDEX($C$102:$AK$102,1,3+ROUND(INDEX($H$5:$V$5,1,MATCH("RM09",$H$3:$V$3,0))/7,0)),0) -> 2500 | F103: =IFERROR(INDEX($C$102:$AK$102,1,4+ROUND(INDEX($H$5:$V$5,1,MATCH("RM09",$H$3:$V$3,0))/7,0)),0) -> 2500 | G103: =IFERROR(INDEX($C$102:$AK$102,1,5+ROUND(INDEX($H$5:$V$5,1,MATCH("RM09",$H$3:$V$3,0))/7,0)),0) -> 2500 | H103: =IFERROR(INDEX($C$102:$AK$102,1,6+ROUND(INDEX($H$5:$V$5,1,MATCH("RM09",$H$3:$V$3,0))/7,0)),0) -> 2500 | I103: =IFERROR(INDEX($C$102:$AK$102,1,7+ROUND(INDEX($H$5:$V$5,1,MATCH("RM09",$H$3:$V$3,0))/7,0)),0) -> 1250 | J103: =IFERROR(INDEX($C$102:$AK$102,1,8+ROUND(INDEX($H$5:$V$5,1,MATCH("RM09",$H$3:$V$3,0))/7,0)),0) -> 1250 | K103: =IFERROR(INDEX($C$102:$AK$102,1,9+ROUND(INDEX($H$5:$V$5,1,MATCH("RM09",$H$3:$V$3,0))/7,0)),0) -> 1250 | L103: =IFERROR(INDEX($C$102:$AK$102,1,10+ROUND(INDEX($H$5:$V$5,1,MATCH("RM09",$H$3:$V$3,0))/7,0)),0) -> 500 | M103: =IFERROR(INDEX($C$102:$AK$102,1,11+ROUND(INDEX($H$5:$V$5,1,MATCH("RM09",$H$3:$V$3,0))/7,0)),0) -> 500 | N103: =IFERROR(INDEX($C$102:$AK$102,1,12+ROUND(INDEX($H$5:$V$5,1,MATCH("RM09",$H$3:$V$3,0))/7,0)),0) -> 500 | O103: =IFERROR(INDEX($C$102:$AK$102,1,13+ROUND(INDEX($H$5:$V$5,1,MATCH("RM09",$H$3:$V$3,0))/7,0)),0) -> 500 | P103: =IFERROR(INDEX($C$102:$AK$102,1,14+ROUND(INDEX($H$5:$V$5,1,MATCH("RM09",$H$3:$V$3,0))/7,0)),0) -> 500 | Q103: =IFERROR(INDEX($C$102:$AK$102,1,15+ROUND(INDEX($H$5:$V$5,1,MATCH("RM09",$H$3:$V$3,0))/7,0)),0) -> 375 | R103: =IFERROR(INDEX($C$102:$AK$102,1,16+ROUND(INDEX($H$5:$V$5,1,MATCH("RM09",$H$3:$V$3,0))/7,0)),0) -> 375 | S103: =IFERROR(INDEX($C$102:$AK$102,1,17+ROUND(INDEX($H$5:$V$5,1,MATCH("RM09",$H$3:$V$3,0))/7,0)),0) -> 375 | T103: =IFERROR(INDEX($C$102:$AK$102,1,18+ROUND(INDEX($H$5:$V$5,1,MATCH("RM09",$H$3:$V$3,0))/7,0)),0) -> 375 | U103: =IFERROR(INDEX($C$102:$AK$102,1,19+ROUND(INDEX($H$5:$V$5,1,MATCH("RM09",$H$3:$V$3,0))/7,0)),0) -> 300 | V103: =IFERROR(INDEX($C$102:$AK$102,1,20+ROUND(INDEX($H$5:$V$5,1,MATCH("RM09",$H$3:$V$3,0))/7,0)),0) -> 300 | W103: =IFERROR(INDEX($C$102:$AK$102,1,21+ROUND(INDEX($H$5:$V$5,1,MATCH("RM09",$H$3:$V$3,0))/7,0)),0) -> 300 | X103: =IFERROR(INDEX($C$102:$AK$102,1,22+ROUND(INDEX($H$5:$V$5,1,MATCH("RM09",$H$3:$V$3,0))/7,0)),0) -> 300 | Y103: =IFERROR(INDEX($C$102:$AK$102,1,23+ROUND(INDEX($H$5:$V$5,1,MATCH("RM09",$H$3:$V$3,0))/7,0)),0) -> 300 | Z103: =IFERROR(INDEX($C$102:$AK$102,1,24+ROUND(INDEX($H$5:$V$5,1,MATCH("RM09",$H$3:$V$3,0))/7,0)),0) -> 250 | AA103: =IFERROR(INDEX($C$102:$AK$102,1,25+ROUND(INDEX($H$5:$V$5,1,MATCH("RM09",$H$3:$V$3,0))/7,0)),0) -> 250 | AB103: =IFERROR(INDEX($C$102:$AK$102,1,26+ROUND(INDEX($H$5:$V$5,1,MATCH("RM09",$H$3:$V$3,0))/7,0)),0) -> 250 | AC103: =IFERROR(INDEX($C$102:$AK$102,1,27+ROUND(INDEX($H$5:$V$5,1,MATCH("RM09",$H$3:$V$3,0))/7,0)),0) -> 250 | AD103: =IFERROR(INDEX($C$102:$AK$102,1,28+ROUND(INDEX($H$5:$V$5,1,MATCH("RM09",$H$3:$V$3,0))/7,0)),0) -> 1500 | AE103: =IFERROR(INDEX($C$102:$AK$102,1,29+ROUND(INDEX($H$5:$V$5,1,MATCH("RM09",$H$3:$V$3,0))/7,0)),0) -> 1500 | AF103: =IFERROR(INDEX($C$102:$AK$102,1,30+ROUND(INDEX($H$5:$V$5,1,MATCH("RM09",$H$3:$V$3,0))/7,0)),0) -> 1500 | AG103: =IFERROR(INDEX($C$102:$AK$102,1,31+ROUND(INDEX($H$5:$V$5,1,MATCH("RM09",$H$3:$V$3,0))/7,0)),0) -> 1500 | AH103: =IFERROR(INDEX($C$102:$AK$102,1,32+ROUND(INDEX($H$5:$V$5,1,MATCH("RM09",$H$3:$V$3,0))/7,0)),0) -> 0 | AI103: =IFERROR(INDEX($C$102:$AK$102,1,33+ROUND(INDEX($H$5:$V$5,1,MATCH("RM09",$H$3:$V$3,0))/7,0)),0) -> 0 | AJ103: =IFERROR(INDEX($C$102:$AK$102,1,34+ROUND(INDEX($H$5:$V$5,1,MATCH("RM09",$H$3:$V$3,0))/7,0)),0) -> 0 | AK103: =IFERROR(INDEX($C$102:$AK$102,1,35+ROUND(INDEX($H$5:$V$5,1,MATCH("RM09",$H$3:$V$3,0))/7,0)),0) -> 0
A105: Item RM10 | B105: LLC: 1 | C105: Week
A106: Lot size: L4L | B106: ="LT: "&ROUND(INDEX($H$5:$V$5,1,MATCH("RM10",$H$3:$V$3,0))/7,0) -> LT: 11 | C106: {=TRANSPOSE(BOM_demand!$A$2:$A$36)} -> 46132 | D106: 46139 | E106: 46146 | F106: 46153 | G106: 46160 | H106: 46167 | I106: 46174 | J106: 46181 | K106: 46188 | L106: 46195 | M106: 46202 | N106: 46209 | O106: 46216 | P106: 46223 | Q106: 46230 | R106: 46237 | S106: 46244 | T106: 46251 | U106: 46258 | V106: 46265 | W106: 46272 | X106: 46279 | Y106: 46286 | Z106: 46293 | AA106: 46300 | AB106: 46307 | AC106: 46314 | AD106: 46321 | AE106: 46328 | AF106: 46335 | AG106: 46342 | AH106: 46349 | AI106: 46356 | AJ106: 46363 | AK106: 46370
A107: Gross requirement | C107: {=TRANSPOSE(BOM_demand!$Q$2:$Q$36)} -> 0 | D107: 0 | E107: 10000 | F107: 10000 | G107: 10000 | H107: 10000 | I107: 2002 | J107: 4942 | K107: 6916 | L107: 1000 | M107: 1000 | N107: 1000 | O107: 1000 | P107: 0 | Q107: 0 | R107: 800 | S107: 0 | T107: 0 | U107: 800 | V107: 0 | W107: 800 | X107: 0 | Y107: 720 | Z107: 720 | AA107: 720 | AB107: 720 | AC107: 720 | AD107: 2000 | AE107: 2000 | AF107: 2000 | AG107: 2000 | AH107: 2500 | AI107: 2500 | AJ107: 2500 | AK107: 2500
A108: Scheduled receipts | C108: =IFERROR(INDEX($H$7:$V$7,1,MATCH("RM10",$H$3:$V$3,0)),0) -> 5000 | D108: =0 -> 0 | E108: =0 -> 0 | F108: =0 -> 0 | G108: =0 -> 0 | H108: =0 -> 0 | I108: =0 -> 0 | J108: =0 -> 0 | K108: =0 -> 0 | ... AK108: =0 -> 0
A109: Safety stock | B109: =IFERROR(INDEX($H$8:$V$8,1,MATCH("RM10",$H$3:$V$3,0)),0) -> 4678 | C109: =$B109 -> 4678 | D109: =$B109 -> 4678 | E109: =$B109 -> 4678 | F109: =$B109 -> 4678 | G109: =$B109 -> 4678 | H109: =$B109 -> 4678 | I109: =$B109 -> 4678 | J109: =$B109 -> 4678 | ... AK109: =$B109 -> 4678
A110: Projected on hand | B110: =IFERROR(INDEX($H$6:$V$6,1,MATCH("RM10",$H$3:$V$3,0)),0) -> 60000 | C110: =$B110+C108+C112-C107 -> 65000 | D110: =C110+D108+D112-D107 -> 65000 | E110: =D110+E108+E112-E107 -> 55000 | F110: =E110+F108+F112-F107 -> 45000 | G110: =F110+G108+G112-G107 -> 35000 | H110: =G110+H108+H112-H107 -> 25000 | I110: =H110+I108+I112-I107 -> 22998 | J110: =I110+J108+J112-J107 -> 18056 | K110: =J110+K108+K112-K107 -> 11140 | ... AK110: =AJ110+AK108+AK112-AK107 -> 4678
A111: Net requirements | C111: =MAX(C107+C109-($B110+C108),0) -> 0 | D111: =MAX(D107+D109-(C110+D108),0) -> 0 | E111: =MAX(E107+E109-(D110+E108),0) -> 0 | F111: =MAX(F107+F109-(E110+F108),0) -> 0 | G111: =MAX(G107+G109-(F110+G108),0) -> 0 | H111: =MAX(H107+H109-(G110+H108),0) -> 0 | I111: =MAX(I107+I109-(H110+I108),0) -> 0 | J111: =MAX(J107+J109-(I110+J108),0) -> 0 | K111: =MAX(K107+K109-(J110+K108),0) -> 0 | ... AK111: =MAX(AK107+AK109-(AJ110+AK108),0) -> 2500
A112: Planned order receipts | C112: =C111 -> 0 | D112: =D111 -> 0 | E112: =E111 -> 0 | F112: =F111 -> 0 | G112: =G111 -> 0 | H112: =H111 -> 0 | I112: =I111 -> 0 | J112: =J111 -> 0 | ... AK112: =AK111 -> 2500
...

Sheet All_Load_Detail
A1: Market | B1: Week | C1: Week_Date | D1: Load_Type | E1: Load_Index | F1: Load_ID | G1: Capacity_CBM | H1: Boxes_A | I1: Units_A | J1: CBM_A | K1: Boxes_B | L1: Units_B | M1: CBM_B | N1: Boxes_F | O1: Units_F | P1: CBM_F | Q1: Total_Boxes | R1: Total_Units | S1: Used_CBM | T1: Slack_CBM | U1: Boxes_C | V1: Units_C | W1: CBM_C | X1: Boxes_D | Y1: Units_D | Z1: CBM_D | AA1: Boxes_E | AB1: Units_E | AC1: CBM_E
A2: US | B2: 1 | C2: 2026-04-20 | D2: LCL | E2: 1 | F2: LCL | H2: 0 | I2: 0 | J2: 0 | K2: 0 | L2: 0 | M2: 0 | N2: 74 | O2: 592 | P2: 0.578125 | Q2: 74 | R2: 592 | S2: 0.578125 | T2: 0
A3: US | B3: 2 | C3: 2026-04-27 | D3: LCL | E3: 1 | F3: LCL | H3: 171 | I3: 684 | J3: 1.71 | K3: 0 | L3: 0 | M3: 0 | N3: 504 | O3: 4032 | P3: 3.9375 | Q3: 675 | R3: 4716 | S3: 5.6475 | T3: 0
A4: US | B4: 3 | C4: 2026-05-04 | D4: 40 | E4: 1 | F4: 40_1 | G4: 65 | H4: 5000 | I4: 20000 | J4: 50 | K4: 1376 | L4: 5504 | M4: 8.6 | N4: 525 | O4: 4200 | P4: 4.101562 | Q4: 6901 | R4: 29704 | S4: 62.701563 | T4: 2.298437
A5: US | B5: 4 | C5: 2026-05-11 | D5: 40 | E5: 1 | F5: 40_1 | G5: 65 | H5: 4050 | I5: 16200 | J5: 40.5 | K5: 3915 | L5: 15660 | M5: 24.46875 | N5: 4 | O5: 32 | P5: 0.03125 | Q5: 7969 | R5: 31892 | S5: 65 | T5: 0
A6: US | B6: 4 | C6: 2026-05-11 | D6: LCL | E6: 1 | F6: LCL | H6: 950 | I6: 3800 | J6: 9.5 | K6: 0 | L6: 0 | M6: 0 | N6: 472 | O6: 3776 | P6: 3.6875 | Q6: 1422 | R6: 7576 | S6: 13.1875 | T6: 0
A7: US | B7: 5 | C7: 2026-05-18 | D7: 40 | E7: 1 | F7: 40_1 | G7: 65 | H7: 2750 | I7: 11000 | J7: 27.5 | K7: 2217 | L7: 8868 | M7: 13.85625 | N7: 563 | O7: 4504 | P7: 4.398438 | Q7: 5530 | R7: 24372 | S7: 45.754688 | T7: 19.245312
A8: US | B8: 6 | C8: 2026-05-25 | D8: 40 | E8: 1 | F8: 40_1 | G8: 65 | H8: 3250 | I8: 13000 | J8: 32.5 | K8: 537 | L8: 2148 | M8: 3.35625 | N8: 525 | O8: 4200 | P8: 4.101562 | Q8: 4312 | R8: 19348 | S8: 39.957813 | T8: 25.042187
A9: US | B9: 7 | C9: 2026-06-01 | D9: 40 | E9: 1 | F9: 40_1 | G9: 65 | H9: 3444 | I9: 13776 | J9: 34.44 | K9: 1781 | L9: 7124 | M9: 11.13125 | N9: 563 | O9: 4504 | P9: 4.398438 | Q9: 5788 | R9: 25404 | S9: 49.969687 | T9: 15.030313
A10: US | B10: 8 | C10: 2026-06-08 | D10: 20 | E10: 1 | F10: 20_1 | G10: 28 | H10: 1765 | I10: 7060 | J10: 17.65 | K10: 952 | L10: 3808 | M10: 5.95 | N10: 563 | O10: 4504 | P10: 4.398438 | Q10: 3280 | R10: 15372 | S10: 27.998438 | T10: 0.001562
A11: US | B11: 8 | C11: 2026-06-08 | D11: LCL | E11: 1 | F11: LCL | H11: 0 | I11: 0 | J11: 0 | K11: 376 | L11: 1504 | M11: 2.35 | N11: 0 | O11: 0 | P11: 0 | Q11: 376 | R11: 1504 | S11: 2.35 | T11: 0
A12: US | B12: 9 | C12: 2026-06-15 | D12: 20 | E12: 1 | F12: 20_1 | G12: 28 | H12: 510 | I12: 2040 | J12: 5.1 | K12: 1328 | L12: 5312 | M12: 8.3 | N12: 275 | O12: 2200 | P12: 2.148438 | Q12: 2113 | R12: 9552 | S12: 15.548438 | T12: 12.451562
A13: US | B13: 10 | C13: 2026-06-22 | D13: 20 | E13: 1 | F13: 20_1 | G13: 28 | H13: 886 | I13: 3544 | J13: 8.86 | K13: 750 | L13: 3000 | M13: 4.6875 | N13: 625 | O13: 5000 | P13: 4.882812 | Q13: 2261 | R13: 11544 | S13: 18.430312 | T13: 9.569688
A14: US | B14: 11 | C14: 2026-06-29 | D14: 40 | E14: 1 | F14: 40_1 | G14: 65 | H14: 3011 | I14: 12044 | J14: 30.11 | K14: 750 | L14: 3000 | M14: 4.6875 | N14: 538 | O14: 4304 | P14: 4.203125 | Q14: 4299 | R14: 19348 | S14: 39.000625 | T14: 25.999375
A15: US | B15: 12 | C15: 2026-07-06 | D15: 40 | E15: 1 | F15: 40_1 | G15: 65 | H15: 3010 | I15: 12040 | J15: 30.1 | K15: 750 | L15: 3000 | M15: 4.6875 | N15: 588 | O15: 4704 | P15: 4.59375 | Q15: 4348 | R15: 19744 | S15: 39.38125 | T15: 25.61875
A16: US | B16: 13 | C16: 2026-07-13 | D16: LCL | E16: 1 | F16: LCL | H16: 0 | I16: 0 | J16: 0 | K16: 750 | L16: 3000 | M16: 4.6875 | N16: 594 | O16: 4752 | P16: 4.640625 | Q16: 1344 | R16: 7752 | S16: 9.328125 | T16: 0
A17: US | B17: 14 | C17: 2026-07-20 | D17: LCL | E17: 1 | F17: LCL | H17: 0 | I17: 0 | J17: 0 | K17: 600 | L17: 2400 | M17: 3.75 | N17: 538 | O17: 4304 | P17: 4.203125 | Q17: 1138 | R17: 6704 | S17: 7.953125 | T17: 0
A18: US | B18: 15 | C18: 2026-07-27 | D18: 40 | E18: 1 | F18: 40_1 | G18: 65 | H18: 6500 | I18: 26000 | J18: 65 | K18: 0 | L18: 0 | M18: 0 | N18: 0 | O18: 0 | P18: 0 | Q18: 6500 | R18: 26000 | S18: 65 | T18: 0
A19: US | B19: 15 | C19: 2026-07-27 | D19: LCL | E19: 1 | F19: LCL | H19: 440 | I19: 1760 | J19: 4.4 | K19: 600 | L19: 2400 | M19: 3.75 | N19: 60 | O19: 480 | P19: 0.46875 | Q19: 1100 | R19: 4640 | S19: 8.61875 | T19: 0
A20: US | B20: 16 | C20: 2026-08-03 | D20: 40 | E20: 1 | F20: 40_1 | G20: 65 | H20: 6500 | I20: 26000 | J20: 65 | K20: 0 | L20: 0 | M20: 0 | N20: 0 | O20: 0 | P20: 0 | Q20: 6500 | R20: 26000 | S20: 65 | T20: 0
A21: US | B21: 16 | C21: 2026-08-03 | D21: LCL | E21: 1 | F21: LCL | H21: 122 | I21: 488 | J21: 1.22 | K21: 0 | L21: 0 | M21: 0 | N21: 163 | O21: 1304 | P21: 1.273438 | Q21: 285 | R21: 1792 | S21: 2.493437 | T21: 0
A22: US | B22: 17 | C22: 2026-08-10 | D22: 20 | E22: 1 | F22: 20_1 | G22: 28 | H22: 1062 | I22: 4248 | J22: 10.62 | K22: 600 | L22: 2400 | M22: 3.75 | N22: 163 | O22: 1304 | P22: 1.273438 | Q22: 1825 | R22: 7952 | S22: 15.643438 | T22: 12.356562
A23: US | B23: 18 | C23: 2026-08-17 | D23: 20 | E23: 1 | F23: 20_1 | G23: 28 | H23: 1062 | I23: 4248 | J23: 10.62 | K23: 600 | L23: 2400 | M23: 3.75 | N23: 163 | O23: 1304 | P23: 1.273438 | Q23: 1825 | R23: 7952 | S23: 15.643438 | T23: 12.356562
A24: US | B24: 19 | C24: 2026-08-24 | D24: 20 | E24: 1 | F24: 20_1 | G24: 28 | H24: 1063 | I24: 4252 | J24: 10.63 | K24: 938 | L24: 3752 | M24: 5.8625 | N24: 189 | O24: 1512 | P24: 1.476562 | Q24: 2190 | R24: 9516 | S24: 17.969062 | T24: 10.030938
A25: US | B25: 20 | C25: 2026-08-31 | D25: 20 | E25: 1 | F25: 20_1 | G25: 28 | H25: 1062 | I25: 4248 | J25: 10.62 | K25: 938 | L25: 3752 | M25: 5.8625 | N25: 189 | O25: 1512 | P25: 1.476562 | Q25: 2189 | R25: 9512 | S25: 17.959063 | T25: 10.040937
A26: US | B26: 21 | C26: 2026-09-07 | D26: LCL | E26: 1 | F26: LCL | H26: 598 | I26: 2392 | J26: 5.98 | K26: 938 | L26: 3752 | M26: 5.8625 | N26: 189 | O26: 1512 | P26: 1.476562 | Q26: 1725 | R26: 7656 | S26: 13.319063 | T26: 0
A27: US | B27: 22 | C27: 2026-09-14 | D27: LCL | E27: 1 | F27: LCL | H27: 598 | I27: 2392 | J27: 5.98 | K27: 938 | L27: 3752 | M27: 5.8625 | N27: 189 | O27: 1512 | P27: 1.476562 | Q27: 1725 | R27: 7656 | S27: 13.319063 | T27: 0
A28: US | B28: 23 | C28: 2026-09-21 | D28: LCL | E28: 1 | F28: LCL | H28: 598 | I28: 2392 | J28: 5.98 | K28: 750 | L28: 3000 | M28: 4.6875 | N28: 181 | O28: 1448 | P28: 1.414062 | Q28: 1529 | R28: 6840 | S28: 12.081563 | T28: 0
A29: US | B29: 24 | C29: 2026-09-28 | D29: LCL | E29: 1 | F29: LCL | H29: 598 | I29: 2392 | J29: 5.98 | K29: 750 | L29: 3000 | M29: 4.6875 | N29: 0 | O29: 0 | P29: 0 | Q29: 1348 | R29: 5392 | S29: 10.6675 | T29: 0
A30: US | B30: 25 | C30: 2026-10-05 | D30: 40 | E30: 1 | F30: 40_1 | G30: 65 | H30: 4005 | I30: 16020 | J30: 40.05 | K30: 750 | L30: 3000 | M30: 4.6875 | N30: 0 | O30: 0 | P30: 0 | Q30: 4755 | R30: 19020 | S30: 44.7375 | T30: 20.2625
A31: US | B31: 26 | C31: 2026-10-12 | D31: 40 | E31: 1 | F31: 40_1 | G31: 65 | H31: 4005 | I31: 16020 | J31: 40.05 | K31: 750 | L31: 3000 | M31: 4.6875 | N31: 181 | O31: 1448 | P31: 1.414062 | Q31: 4936 | R31: 20468 | S31: 46.151563 | T31: 18.848437
A32: US | B32: 27 | C32: 2026-10-19 | D32: 40 | E32: 1 | F32: 40_1 | G32: 65 | H32: 4004 | I32: 16016 | J32: 40.04 | K32: 750 | L32: 3000 | M32: 4.6875 | N32: 181 | O32: 1448 | P32: 1.414062 | Q32: 4935 | R32: 20464 | S32: 46.141562 | T32: 18.858438
A33: US | B33: 28 | C33: 2026-10-26 | D33: 40 | E33: 1 | F33: 40_1 | G33: 65 | H33: 4005 | I33: 16020 | J33: 40.05 | K33: 1563 | L33: 6252 | M33: 9.76875 | N33: 181 | O33: 1448 | P33: 1.414062 | Q33: 5749 | R33: 23720 | S33: 51.232813 | T33: 13.767187
A34: US | B34: 29 | C34: 2026-11-02 | D34: 20 | E34: 1 | F34: 20_1 | G34: 28 | H34: 1071 | I34: 4284 | J34: 10.71 | K34: 1563 | L34: 6252 | M34: 9.76875 | N34: 220 | O34: 1760 | P34: 1.71875 | Q34: 2854 | R34: 12296 | S34: 22.1975 | T34: 5.8025
A35: US | B35: 30 | C35: 2026-11-09 | D35: 20 | E35: 1 | F35: 20_1 | G35: 28 | H35: 1071 | I35: 4284 | J35: 10.71 | K35: 1563 | L35: 6252 | M35: 9.76875 | N35: 220 | O35: 1760 | P35: 1.71875 | Q35: 2854 | R35: 12296 | S35: 22.1975 | T35: 5.8025
A36: US | B36: 31 | C36: 2026-11-16 | D36: 20 | E36: 1 | F36: 20_1 | G36: 28 | H36: 1071 | I36: 4284 | J36: 10.71 | K36: 1563 | L36: 6252 | M36: 9.76875 | N36: 220 | O36: 1760 | P36: 1.71875 | Q36: 2854 | R36: 12296 | S36: 22.1975 | T36: 5.8025
A37: US | B37: 32 | C37: 2026-11-23 | D37: 20 | E37: 1 | F37: 20_1 | G37: 28 | H37: 1071 | I37: 4284 | J37: 10.71 | K37: 1563 | L37: 6252 | M37: 9.76875 | N37: 220 | O37: 1760 | P37: 1.71875 | Q37: 2854 | R37: 12296 | S37: 22.1975 | T37: 5.8025
A38: US | B38: 33 | C38: 2026-11-30 | D38: 20 | E38: 1 | F38: 20_1 | G38: 28 | H38: 1071 | I38: 4284 | J38: 10.71 | K38: 1563 | L38: 6252 | M38: 9.76875 | N38: 241 | O38: 1928 | P38: 1.882812 | Q38: 2875 | R38: 12464 | S38: 22.361563 | T38: 5.638437
A39: US | B39: 34 | C39: 2026-12-07 | D39: 20 | E39: 1 | F39: 20_1 | G39: 28 | H39: 2082 | I39: 8328 | J39: 20.82 | K39: 846 | L39: 3384 | M39: 5.2875 | N39: 242 | O39: 1936 | P39: 1.890625 | Q39: 3170 | R39: 13648 | S39: 27.998125 | T39: 0.001875
A40: US | B40: 34 | C40: 2026-12-07 | D40: LCL | E40: 1 | F40: LCL | H40: 0 | I40: 0 | J40: 0 | K40: 717 | L40: 2868 | M40: 4.48125 | N40: 0 | O40: 0 | P40: 0 | Q40: 717 | R40: 2868 | S40: 4.48125 | T40: 0
A41: US | B41: 35 | C41: 2026-12-14 | D41: 20 | E41: 1 | F41: 20_1 | G41: 28 | H41: 2049 | I41: 8196 | J41: 20.49 | K41: 1154 | L41: 4616 | M41: 7.2125 | N41: 38 | O41: 304 | P41: 0.296875 | Q41: 3241 | R41: 13116 | S41: 27.999375 | T41: 0.000625
A42: US | B42: 35 | C42: 2026-12-14 | D42: LCL | E42: 1 | F42: LCL | H42: 33 | I42: 132 | J42: 0.33 | K42: 409 | L42: 1636 | M42: 2.55625 | N42: 203 | O42: 1624 | P42: 1.585938 | Q42: 645 | R42: 3392 | S42: 4.472188 | T42: 0
A43: UK | B43: 3 | C43: 2026-05-04 | D43: LCL | E43: 1 | F43: LCL | Q43: 2768 | R43: 6752 | S43: 25.4 | T43: 0 | U43: 2160 | V43: 4320 | W43: 21.6 | X43: 608 | Y43: 2432 | Z43: 3.8
A44: UK | B44: 4 | C44: 2026-05-11 | D44: LCL | E44: 1 | F44: LCL | Q44: 6683 | R44: 18362 | S44: 57.4625 | T44: 0 | U44: 4185 | V44: 8370 | W44: 41.85 | X44: 2498 | Y44: 9992 | Z44: 15.6125
A45: UK | B45: 5 | C45: 2026-05-18 | D45: 40 | E45: 1 | F45: 40_1 | G45: 65 | Q45: 7047 | R45: 17014 | S45: 64.995 | T45: 0.005 | U45: 5587 | V45: 11174 | W45: 55.87 | X45: 1460 | Y45: 5840 | Z45: 9.125
A46: UK | B46: 5 | C46: 2026-05-18 | D46: LCL | E46: 1 | F46: LCL | Q46: 304 | R46: 608 | S46: 3.04 | T46: 0 | U46: 304 | V46: 608 | W46: 3.04 | X46: 0 | Y46: 0 | Z46: 0
A47: UK | B47: 6 | C47: 2026-05-25 | D47: 40 | E47: 1 | F47: 40_1 | G47: 65 | Q47: 7259 | R47: 18566 | S47: 65 | T47: 0 | U47: 5235 | V47: 10470 | W47: 52.35 | X47: 2024 | Y47: 8096 | Z47: 12.65
A48: UK | B48: 6 | C48: 2026-05-25 | D48: LCL | E48: 1 | F48: LCL | Q48: 28 | R48: 58 | S48: 0.27625 | T48: 0 | U48: 27 | V48: 54 | W48: 0.27 | X48: 1 | Y48: 4 | Z48: 0.00625
A49: UK | B49: 7 | C49: 2026-06-01 | D49: LCL | E49: 1 | F49: LCL | Q49: 1871 | R49: 4244 | S49: 17.76875 | T49: 0 | U49: 1620 | V49: 3240 | W49: 16.2 | X49: 251 | Y49: 1004 | Z49: 1.56875
A50: UK | B50: 8 | C50: 2026-06-08 | D50: LCL | E50: 1 | F50: LCL | Q50: 3839 | R50: 8914 | S50: 36.0725 | T50: 0 | U50: 3221 | V50: 6442 | W50: 32.21 | X50: 618 | Y50: 2472 | Z50: 3.8625
A51: UK | B51: 9 | C51: 2026-06-15 | D51: LCL | E51: 1 | F51: LCL | Q51: 5266 | R51: 12262 | S51: 49.41625 | T51: 0 | U51: 4401 | V51: 8802 | W51: 44.01 | X51: 865 | Y51: 3460 | Z51: 5.40625
A52: UK | B52: 10 | C52: 2026-06-22 | D52: LCL | E52: 1 | F52: LCL | Q52: 3973 | R52: 8196 | S52: 39.26125 | T52: 0 | U52: 3848 | V52: 7696 | W52: 38.48 | X52: 125 | Y52: 500 | Z52: 0.78125
A53: UK | B53: 11 | C53: 2026-06-29 | D53: LCL | E53: 1 | F53: LCL | Q53: 1375 | R53: 3000 | S53: 13.28125 | T53: 0 | U53: 1250 | V53: 2500 | W53: 12.5 | X53: 125 | Y53: 500 | Z53: 0.78125
A54: UK | B54: 12 | C54: 2026-07-06 | D54: LCL | E54: 1 | F54: LCL | Q54: 1375 | R54: 3000 | S54: 13.28125 | T54: 0 | U54: 1250 | V54: 2500 | W54: 12.5 | X54: 125 | Y54: 500 | Z54: 0.78125
A55: UK | B55: 13 | C55: 2026-07-13 | D55: LCL | E55: 1 | F55: LCL | Q55: 1375 | R55: 3000 | S55: 13.28125 | T55: 0 | U55: 1250 | V55: 2500 | W55: 12.5 | X55: 125 | Y55: 500 | Z55: 0.78125
A56: UK | B56: 14 | C56: 2026-07-20 | D56: LCL | E56: 1 | F56: LCL | Q56: 500 | R56: 1000 | S56: 5 | T56: 0 | U56: 500 | V56: 1000 | W56: 5 | X56: 0 | Y56: 0 | Z56: 0
A57: UK | B57: 15 | C57: 2026-07-27 | D57: LCL | E57: 1 | F57: LCL | Q57: 500 | R57: 1000 | S57: 5 | T57: 0 | U57: 500 | V57: 1000 | W57: 5 | X57: 0 | Y57: 0 | Z57: 0
A58: UK | B58: 16 | C58: 2026-08-03 | D58: LCL | E58: 1 | F58: LCL | Q58: 600 | R58: 1400 | S58: 5.625 | T58: 0 | U58: 500 | V58: 1000 | W58: 5 | X58: 100 | Y58: 400 | Z58: 0.625
A59: UK | B59: 17 | C59: 2026-08-10 | D59: LCL | E59: 1 | F59: LCL | Q59: 500 | R59: 1000 | S59: 5 | T59: 0 | U59: 500 | V59: 1000 | W59: 5 | X59: 0 | Y59: 0 | Z59: 0
... A77: UK | B77: 35 | C77: 2026-12-14 | D77: LCL | E77: 1 | F77: LCL | Q77: 1813 | R77: 4252 | S77: 16.95625 | T77: 0 | U77: 1500 | V77: 3000 | W77: 15 | X77: 313 | Y77: 1252 | Z77: 1.95625
A78: AU | B78: 2 | C78: 2026-04-27 | D78: LCL | E78: 1 | F78: LCL | Q78: 236 | R78: 472 | S78: 1.475 | T78: 0 | AA78: 236 | AB78: 472 | AC78: 1.475
A79: AU | B79: 3 | C79: 2026-05-04 | D79: LCL | E79: 1 | F79: LCL | Q79: 150 | R79: 300 | S79: 0.9375 | T79: 0 | AA79: 150 | AB79: 300 | AC79: 0.9375
A80: AU | B80: 4 | C80: 2026-05-11 | D80: LCL | E80: 1 | F80: LCL | Q80: 349 | R80: 698 | S80: 2.18125 | T80: 0 | AA80: 349 | AB80: 698 | AC80: 2.18125
A81: AU | B81: 6 | C81: 2026-05-25 | D81: LCL | E81: 1 | F81: LCL | Q81: 150 | R81: 300 | S81: 0.9375 | T81: 0 | AA81: 150 | AB81: 300 | AC81: 0.9375
A82: AU | B82: 9 | C82: 2026-06-15 | D82: LCL | E82: 1 | F82: LCL | Q82: 150 | R82: 300 | S82: 0.9375 | T82: 0 | AA82: 150 | AB82: 300 | AC82: 0.9375
A83: AU | B83: 11 | C83: 2026-06-29 | D83: LCL | E83: 1 | F83: LCL | Q83: 350 | R83: 700 | S83: 2.1875 | T83: 0 | AA83: 350 | AB83: 700 | AC83: 2.1875
A84: AU | B84: 12 | C84: 2026-07-06 | D84: LCL | E84: 1 | F84: LCL | Q84: 150 | R84: 300 | S84: 0.9375 | T84: 0 | AA84: 150 | AB84: 300 | AC84: 0.9375
A85: AU | B85: 13 | C85: 2026-07-13 | D85: LCL | E85: 1 | F85: LCL | Q85: 150 | R85: 300 | S85: 0.9375 | T85: 0 | AA85: 150 | AB85: 300 | AC85: 0.9375
A86: AU | B86: 14 | C86: 2026-07-20 | D86: LCL | E86: 1 | F86: LCL | Q86: 150 | R86: 300 | S86: 0.9375 | T86: 0 | AA86: 150 | AB86: 300 | AC86: 0.9375
A87: AU | B87: 17 | C87: 2026-08-10 | D87: LCL | E87: 1 | F87: LCL | Q87: 150 | R87: 300 | S87: 0.9375 | T87: 0 | AA87: 150 | AB87: 300 | AC87: 0.9375
A88: AU | B88: 20 | C88: 2026-08-31 | D88: LCL | E88: 1 | F88: LCL | Q88: 150 | R88: 300 | S88: 0.9375 | T88: 0 | AA88: 150 | AB88: 300 | AC88: 0.9375
A89: AU | B89: 24 | C89: 2026-09-28 | D89: LCL | E89: 1 | F89: LCL | Q89: 150 | R89: 300 | S89: 0.9375 | T89: 0 | AA89: 150 | AB89: 300 | AC89: 0.9375
... A91: AU | B91: 33 | C91: 2026-11-30 | D91: LCL | E91: 1 | F91: LCL | Q91: 150 | R91: 300 | S91: 0.9375 | T91: 0 | AA91: 150 | AB91: 300 | AC91: 0.9375

Sheet Weekly_All_Markets
A1: Market | B1: Week | C1: Week_Date | D1: Units_A | E1: Boxes_A | F1: CBM_A | G1: LCL_Boxes_A | H1: LCL_Units_A | I1: LCL_CBM_A | J1: Units_B | K1: Boxes_B | L1: CBM_B | M1: LCL_Boxes_B | N1: LCL_Units_B | O1: LCL_CBM_B | P1: Units_F | Q1: Boxes_F | R1: CBM_F | S1: LCL_Boxes_F | T1: LCL_Units_F | U1: LCL_CBM_F | V1: Total_Demand_CBM | W1: n40 | X1: n20 | Y1: LCL_CBM | Z1: Coverage_CBM | AA1: Slack_CBM | AB1: Cost_40 | AC1: Cost_20 | AD1: Cost_LCL | AE1: Cost | AF1: Units_C | AG1: Boxes_C | AH1: CBM_C | AI1: LCL_Boxes_C | AJ1: LCL_Units_C | AK1: LCL_CBM_C | AL1: Units_D | AM1: Boxes_D | AN1: CBM_D | AO1: LCL_Boxes_D | AP1: LCL_Units_D | AQ1: LCL_CBM_D | AR1: Units_E | AS1: Boxes_E | AT1: CBM_E | AU1: LCL_Boxes_E | AV1: LCL_Units_E | AW1: LCL_CBM_E
A2: US | B2: 1 | C2: 2026-04-20 | D2: 0 | E2: 0 | F2: 0 | G2: 0 | H2: 0 | I2: 0 | J2: 0 | K2: 0 | L2: 0 | M2: 0 | N2: 0 | O2: 0 | P2: 588 | Q2: 74 | R2: 0.578125 | S2: 74 | T2: 592 | U2: 0.578125 | V2: 0.578125 | W2: 0 | X2: 0 | Y2: 0.578125 | Z2: 0.578125 | AA2: 0 | AB2: 0 | AC2: 0 | AD2: 115.62 | AE2: 115.62
A3: UK | B3: 1 | C3: 2026-04-20 | V3: 0 | W3: 0 | X3: 0 | Y3: 0 | Z3: 0 | AA3: 0 | AB3: 0 | AC3: 0 | AD3: 0 | AE3: 0 | AF3: 0 | AG3: 0 | AH3: 0 | AI3: 0 | AJ3: 0 | AK3: 0 | AL3: 0 | AM3: 0 | AN3: 0 | AO3: 0 | AP3: 0 | AQ3: 0
A4: AU | B4: 1 | C4: 2026-04-20 | V4: 0 | W4: 0 | X4: 0 | Y4: 0 | Z4: 0 | AA4: 0 | AB4: 0 | AC4: 0 | AD4: 0 | AE4: 0 | AR4: 0 | AS4: 0 | AT4: 0 | AU4: 0 | AV4: 0 | AW4: 0
A5: US | B5: 2 | C5: 2026-04-27 | D5: 684 | E5: 171 | F5: 1.71 | G5: 171 | H5: 684 | I5: 1.71 | J5: 0 | K5: 0 | L5: 0 | M5: 0 | N5: 0 | O5: 0 | P5: 4028 | Q5: 504 | R5: 3.9375 | S5: 504 | T5: 4032 | U5: 3.9375 | V5: 5.6475 | W5: 0 | X5: 0 | Y5: 5.6475 | Z5: 5.6475 | AA5: 0 | AB5: 0 | AC5: 0 | AD5: 1129.5 | AE5: 1129.5
A6: UK | B6: 2 | C6: 2026-04-27 | V6: 0 | W6: 0 | X6: 0 | Y6: 0 | Z6: 0 | AA6: 0 | AB6: 0 | AC6: 0 | AD6: 0 | AE6: 0 | AF6: 0 | AG6: 0 | AH6: 0 | AI6: 0 | AJ6: 0 | AK6: 0 | AL6: 0 | AM6: 0 | AN6: 0 | AO6: 0 | AP6: 0 | AQ6: 0
A7: AU | B7: 2 | C7: 2026-04-27 | V7: 1.475 | W7: 0 | X7: 0 | Y7: 1.475 | Z7: 1.475 | AA7: 0 | AB7: 0 | AC7: 0 | AD7: 51.62 | AE7: 51.62 | AR7: 472 | AS7: 236 | AT7: 1.475 | AU7: 236 | AV7: 472 | AW7: 1.475
A8: US | B8: 3 | C8: 2026-05-04 | D8: 20000 | E8: 5000 | F8: 50 | G8: 0 | H8: 0 | I8: 0 | J8: 5502 | K8: 1376 | L8: 8.6 | M8: 0 | N8: 0 | O8: 0 | P8: 4200 | Q8: 525 | R8: 4.101562 | S8: 0 | T8: 0 | U8: 0 | V8: 62.701563 | W8: 1 | X8: 0 | Y8: 0 | Z8: 65 | AA8: 2.298437 | AB8: 5200 | AC8: 0 | AD8: 0 | AE8: 5200
A9: UK | B9: 3 | C9: 2026-05-04 | V9: 25.4 | W9: 0 | X9: 0 | Y9: 25.4 | Z9: 25.4 | AA9: 0 | AB9: 0 | AC9: 0 | AD9: 1778 | AE9: 1778 | AF9: 4320 | AG9: 2160 | AH9: 21.6 | AI9: 2160 | AJ9: 4320 | AK9: 21.6 | AL9: 2430 | AM9: 608 | AN9: 3.8 | AO9: 608 | AP9: 2432 | AQ9: 3.8
