Workbook

Sheet Overall Case Study
C2: Context
C3: A toy company is facing troubles with planning and data visualization
C5: Problems:
C6: 1. Need to visualize master data
C7: 2. Need to balance demand & create master production scheduling (MPS) with inhouse capacity constraints
C8: 3. Need to create material requirement planning (MRP) then determine reorder point based on leadtime (LT)
B13: No | C13: Question | D13: Requirement
B14: 1 | C14: Visualize demand of 6 SKUs | D14: By Regions, Category, Total Value
B15: 2 | C15: Create master production scheduling (MPS) | D15: Generate a master production planning for whole year
B16: 3 | C16: Balance demand | D16: Based on current fixture set and weekly capacity to balance and suggest solution if over 1. Leverage demand 2. Buy more fixture
B17: 4 | C17: Create Material requirment Planning (MRP) | D17: Generate a material requirement planning following 6 SKUs' demand and BOM usage
B18: 5 | C18: Determine supply plan | D18: Based on leadtime, current stock on hand and pending PO to find out reorder point and fill out/ layout supply plan
B19: 6 | C19: Figure out safety stock strategy | D19: Based on vendor location to define stock on hand level by week or day or hour (local and oversea)

Sheet Demand
A1: Item name | B1: Des | C1: Market | D1: Price ($) | E1: Product group | F1: Fixture | G1: Weekly Capcity | H1: Shipment Request | I1: Demand Quantity
A2: F | B2: 2025 Fantasy Spaceship Model DIY kits | C2: US | D2: 90 | E2: Arts & Crafts Toy | F2: 789EF | G2: 3000 | H2: 46143 | I2: 588
A3: A | B3: 2026 Automatic Robot ver | C3: US | D3: 105 | E3: Electronic Toy | F3: 123AB | G3: 15000 | H3: 46150 | I3: 684
A4: E | B4: 2026 Scooter ver | C4: Australia | D4: 30 | E4: Outdoor & Sports Toy | F4: 789EF | G4: 3000 | H4: 46150 | I4: 472
A5: F | B5: 2025 Fantasy Spaceship Model DIY kits | C5: US | D5: 90 | E5: Arts & Crafts Toy | F5: 789EF | G5: 3000 | H5: 46150 | I5: 4028
A6: A | B6: 2026 Automatic Robot ver | C6: US | D6: 105 | E6: Electronic Toy | F6: 123AB | G6: 15000 | H6: 46157 | I6: 20000
A7: B | B7: 2025 Barbie ver colorful | C7: US | D7: 55 | E7: Doll | F7: 123AB | G7: 15000 | H7: 46157 | I7: 2731
A8: B | B8: 2025 Barbie ver colorful | C8: US | D8: 55 | E8: Doll | F8: 123AB | G8: 15000 | H8: 46157 | I8: 2771
A9: C | B9: 2026 Castle & Farm Blocks | C9: UK | D9: 80 | E9: Building & Construction Toy | F9: 456CD | G9: 5000 | H9: 46157 | I9: 270
A10: C | B10: 2026 Castle & Farm Blocks | C10: UK | D10: 80 | E10: Building & Construction Toy | F10: 456CD | G10: 5000 | H10: 46157 | I10: 270
A11: C | B11: 2026 Castle & Farm Blocks | C11: UK | D11: 80 | E11: Building & Construction Toy | F11: 456CD | G11: 5000 | H11: 46157 | I11: 270
A12: C | B12: 2026 Castle & Farm Blocks | C12: UK | D12: 80 | E12: Building & Construction Toy | F12: 456CD | G12: 5000 | H12: 46157 | I12: 270
A13: C | B13: 2026 Castle & Farm Blocks | C13: UK | D13: 80 | E13: Building & Construction Toy | F13: 456CD | G13: 5000 | H13: 46157 | I13: 270
... A466: F | B466: 2025 Fantasy Spaceship Model DIY kits | C466: US | D466: 90 | E466: Arts & Crafts Toy | F466: 789EF | G466: 3000 | H466: 46381 | I466: 1928

Sheet Demand_
A1: Item name | B1: Des | C1: Market | D1: Price ($) | E1: Product group | F1: Fixture | G1: Weekly Capcity | H1: Shipment Request | I1: Demand Quantity | J1: week first day | K1: production day | L1: Total Demand by SKU-Week | M1: 46139
A2: A | B2: 2026 Automatic Robot ver | C2: US | D2: 105 | E2: Electronic Toy | F2: 123AB | G2: 15000 | H2: 46150 | I2: 684 | J2: =$M$1+7*INT((H2-$M$1)/7) -> 46146 | K2: =Table14[[#This Row],[week first day]]-7 -> 46139 | L2: =SUMIFS($I:$I,$A:$A,A2,J:J,J2) -> 684
A3: A | B3: 2026 Automatic Robot ver | C3: US | D3: 105 | E3: Electronic Toy | F3: 123AB | G3: 15000 | H3: 46157 | I3: 20000 | J3: =$M$1+7*INT((H3-$M$1)/7) -> 46153 | K3: =Table14[[#This Row],[week first day]]-7 -> 46146 | L3: =SUMIFS($I:$I,$A:$A,A3,J:J,J3) -> 20000
A4: A | B4: 2026 Automatic Robot ver | C4: US | D4: 105 | E4: Electronic Toy | F4: 123AB | G4: 15000 | H4: 46164 | I4: 15000 | J4: =$M$1+7*INT((H4-$M$1)/7) -> 46160 | K4: =Table14[[#This Row],[week first day]]-7 -> 46153 | L4: =SUMIFS($I:$I,$A:$A,A4,J:J,J4) -> 20000
A5: A | B5: 2026 Automatic Robot ver | C5: US | D5: 105 | E5: Electronic Toy | F5: 123AB | G5: 15000 | H5: 46164 | I5: 5000 | J5: =$M$1+7*INT((H5-$M$1)/7) -> 46160 | K5: =Table14[[#This Row],[week first day]]-7 -> 46153 | L5: =SUMIFS($I:$I,$A:$A,A5,J:J,J5) -> 20000
A6: A | B6: 2026 Automatic Robot ver | C6: US | D6: 105 | E6: Electronic Toy | F6: 123AB | G6: 15000 | H6: 46171 | I6: 11000 | J6: =$M$1+7*INT((H6-$M$1)/7) -> 46167 | K6: =Table14[[#This Row],[week first day]]-7 -> 46160 | L6: =SUMIFS($I:$I,$A:$A,A6,J:J,J6) -> 11000
A7: A | B7: 2026 Automatic Robot ver | C7: US | D7: 105 | E7: Electronic Toy | F7: 123AB | G7: 15000 | H7: 46178 | I7: 13000 | J7: =$M$1+7*INT((H7-$M$1)/7) -> 46174 | K7: =Table14[[#This Row],[week first day]]-7 -> 46167 | L7: =SUMIFS($I:$I,$A:$A,A7,J:J,J7) -> 13000
A8: A | B8: 2026 Automatic Robot ver | C8: US | D8: 105 | E8: Electronic Toy | F8: 123AB | G8: 15000 | H8: 46185 | I8: 13773 | J8: =$M$1+7*INT((H8-$M$1)/7) -> 46181 | K8: =Table14[[#This Row],[week first day]]-7 -> 46174 | L8: =SUMIFS($I:$I,$A:$A,A8,J:J,J8) -> 13773
A9: A | B9: 2026 Automatic Robot ver | C9: US | D9: 105 | E9: Electronic Toy | F9: 123AB | G9: 15000 | H9: 46192 | I9: 7058 | J9: =$M$1+7*INT((H9-$M$1)/7) -> 46188 | K9: =Table14[[#This Row],[week first day]]-7 -> 46181 | L9: =SUMIFS($I:$I,$A:$A,A9,J:J,J9) -> 7058
A10: A | B10: 2026 Automatic Robot ver | C10: US | D10: 105 | E10: Electronic Toy | F10: 123AB | G10: 15000 | H10: 46199 | I10: 2040 | J10: =$M$1+7*INT((H10-$M$1)/7) -> 46195 | K10: =Table14[[#This Row],[week first day]]-7 -> 46188 | L10: =SUMIFS($I:$I,$A:$A,A10,J:J,J10) -> 2040
A11: A | B11: 2026 Automatic Robot ver | C11: US | D11: 105 | E11: Electronic Toy | F11: 123AB | G11: 15000 | H11: 46206 | I11: 1500 | J11: =$M$1+7*INT((H11-$M$1)/7) -> 46202 | K11: =Table14[[#This Row],[week first day]]-7 -> 46195 | L11: =SUMIFS($I:$I,$A:$A,A11,J:J,J11) -> 3541
A12: A | B12: 2026 Automatic Robot ver | C12: US | D12: 105 | E12: Electronic Toy | F12: 123AB | G12: 15000 | H12: 46206 | I12: 2041 | J12: =$M$1+7*INT((H12-$M$1)/7) -> 46202 | K12: =Table14[[#This Row],[week first day]]-7 -> 46195 | L12: =SUMIFS($I:$I,$A:$A,A12,J:J,J12) -> 3541
A13: A | B13: 2026 Automatic Robot ver | C13: US | D13: 105 | E13: Electronic Toy | F13: 123AB | G13: 15000 | H13: 46213 | I13: 2041 | J13: =$M$1+7*INT((H13-$M$1)/7) -> 46209 | K13: =Table14[[#This Row],[week first day]]-7 -> 46202 | L13: =SUMIFS($I:$I,$A:$A,A13,J:J,J13) -> 12041
... A466: F | B466: 2025 Fantasy Spaceship Model DIY kits | C466: US | D466: 90 | E466: Arts & Crafts Toy | F466: 789EF | G466: 3000 | H466: 46381 | I466: 1928 | J466: =$M$1+7*INT((H466-$M$1)/7) -> 46377 | K466: =Table14[[#This Row],[week first day]]-7 -> 46370 | L466: =SUMIFS($I:$I,$A:$A,A466,J:J,J466) -> 1928

Sheet weekly_demand
A1: Item name | B1: market | C1: week first day | D1: Total Demand by SKU-Week | E1: carton | F1: volume
A2: {=_xlfn.UNIQUE(_xlfn.CHOOSECOLS(Demand_!A2:L466,1,3,11,12))} -> A | B2: US | C2: 46139 | D2: 684 | E2: =ROUNDUP(D2/_xlfn.XLOOKUP(A2,$J$3:$J$8,$L$3:$L$8),0) -> 171 | F2: =E2/100*_xlfn.XLOOKUP(A2,$J$3:$J$8,$M$3:$M$8) -> 1.71 | J2: Item name | K2: Des | L2: Packing size (pcs/ carton) | M2: CBM (100 cartons)
A3: A | B3: US | C3: 46146 | D3: 20000 | E3: =ROUNDUP(D3/_xlfn.XLOOKUP(A3,$J$3:$J$8,$L$3:$L$8),0) -> 5000 | F3: =E3/100*_xlfn.XLOOKUP(A3,$J$3:$J$8,$M$3:$M$8) -> 50 | J3: A | K3: 2026 Automatic Robot ver | L3: 4 | M3: 1
A4: A | B4: US | C4: 46153 | D4: 20000 | E4: =ROUNDUP(D4/_xlfn.XLOOKUP(A4,$J$3:$J$8,$L$3:$L$8),0) -> 5000 | F4: =E4/100*_xlfn.XLOOKUP(A4,$J$3:$J$8,$M$3:$M$8) -> 50 | J4: B | K4: 2025 Barbie ver colorful | L4: 4 | M4: 0.625
A5: A | B5: US | C5: 46160 | D5: 11000 | E5: =ROUNDUP(D5/_xlfn.XLOOKUP(A5,$J$3:$J$8,$L$3:$L$8),0) -> 2750 | F5: =E5/100*_xlfn.XLOOKUP(A5,$J$3:$J$8,$M$3:$M$8) -> 27.5 | J5: C | K5: 2026 Castle & Farm Blocks | L5: 2 | M5: 1
A6: A | B6: US | C6: 46167 | D6: 13000 | E6: =ROUNDUP(D6/_xlfn.XLOOKUP(A6,$J$3:$J$8,$L$3:$L$8),0) -> 3250 | F6: =E6/100*_xlfn.XLOOKUP(A6,$J$3:$J$8,$M$3:$M$8) -> 32.5 | J6: D | K6: 2026 Animal Animation Book | L6: 4 | M6: 0.625
A7: A | B7: US | C7: 46174 | D7: 13773 | E7: =ROUNDUP(D7/_xlfn.XLOOKUP(A7,$J$3:$J$8,$L$3:$L$8),0) -> 3444 | F7: =E7/100*_xlfn.XLOOKUP(A7,$J$3:$J$8,$M$3:$M$8) -> 34.44 | J7: E | K7: 2026 Scooter ver | L7: 2 | M7: 0.625
A8: A | B8: US | C8: 46181 | D8: 7058 | E8: =ROUNDUP(D8/_xlfn.XLOOKUP(A8,$J$3:$J$8,$L$3:$L$8),0) -> 1765 | F8: =E8/100*_xlfn.XLOOKUP(A8,$J$3:$J$8,$M$3:$M$8) -> 17.65 | J8: F | K8: 2025 Fantasy Spaceship Model DIY kits | L8: 8 | M8: 0.78125
A9: A | B9: US | C9: 46188 | D9: 2040 | E9: =ROUNDUP(D9/_xlfn.XLOOKUP(A9,$J$3:$J$8,$L$3:$L$8),0) -> 510 | F9: =E9/100*_xlfn.XLOOKUP(A9,$J$3:$J$8,$M$3:$M$8) -> 5.1
A10: A | B10: US | C10: 46195 | D10: 3541 | E10: =ROUNDUP(D10/_xlfn.XLOOKUP(A10,$J$3:$J$8,$L$3:$L$8),0) -> 886 | F10: =E10/100*_xlfn.XLOOKUP(A10,$J$3:$J$8,$M$3:$M$8) -> 8.86
A11: A | B11: US | C11: 46202 | D11: 12041 | E11: =ROUNDUP(D11/_xlfn.XLOOKUP(A11,$J$3:$J$8,$L$3:$L$8),0) -> 3011 | F11: =E11/100*_xlfn.XLOOKUP(A11,$J$3:$J$8,$M$3:$M$8) -> 30.11
A12: A | B12: US | C12: 46209 | D12: 12040 | E12: =ROUNDUP(D12/_xlfn.XLOOKUP(A12,$J$3:$J$8,$L$3:$L$8),0) -> 3010 | F12: =E12/100*_xlfn.XLOOKUP(A12,$J$3:$J$8,$M$3:$M$8) -> 30.1
A13: A | B13: US | C13: 46230 | D13: 27760 | E13: =ROUNDUP(D13/_xlfn.XLOOKUP(A13,$J$3:$J$8,$L$3:$L$8),0) -> 6940 | F13: =E13/100*_xlfn.XLOOKUP(A13,$J$3:$J$8,$M$3:$M$8) -> 69.4
A14: A | B14: US | C14: 46237 | D14: 26486 | E14: =ROUNDUP(D14/_xlfn.XLOOKUP(A14,$J$3:$J$8,$L$3:$L$8),0) -> 6622 | F14: =E14/100*_xlfn.XLOOKUP(A14,$J$3:$J$8,$M$3:$M$8) -> 66.22
A15: A | B15: US | C15: 46244 | D15: 4248 | E15: =ROUNDUP(D15/_xlfn.XLOOKUP(A15,$J$3:$J$8,$L$3:$L$8),0) -> 1062 | F15: =E15/100*_xlfn.XLOOKUP(A15,$J$3:$J$8,$M$3:$M$8) -> 10.62
A16: A | B16: US | C16: 46251 | D16: 4248 | E16: =ROUNDUP(D16/_xlfn.XLOOKUP(A16,$J$3:$J$8,$L$3:$L$8),0) -> 1062 | F16: =E16/100*_xlfn.XLOOKUP(A16,$J$3:$J$8,$M$3:$M$8) -> 10.62
A17: A | B17: US | C17: 46258 | D17: 4249 | E17: =ROUNDUP(D17/_xlfn.XLOOKUP(A17,$J$3:$J$8,$L$3:$L$8),0) -> 1063 | F17: =E17/100*_xlfn.XLOOKUP(A17,$J$3:$J$8,$M$3:$M$8) -> 10.63
A18: A | B18: US | C18: 46265 | D18: 4248 | E18: =ROUNDUP(D18/_xlfn.XLOOKUP(A18,$J$3:$J$8,$L$3:$L$8),0) -> 1062 | F18: =E18/100*_xlfn.XLOOKUP(A18,$J$3:$J$8,$M$3:$M$8) -> 10.62
A19: A | B19: US | C19: 46272 | D19: 2391 | E19: =ROUNDUP(D19/_xlfn.XLOOKUP(A19,$J$3:$J$8,$L$3:$L$8),0) -> 598 | F19: =E19/100*_xlfn.XLOOKUP(A19,$J$3:$J$8,$M$3:$M$8) -> 5.98
A20: A | B20: US | C20: 46279 | D20: 2392 | E20: =ROUNDUP(D20/_xlfn.XLOOKUP(A20,$J$3:$J$8,$L$3:$L$8),0) -> 598 | F20: =E20/100*_xlfn.XLOOKUP(A20,$J$3:$J$8,$M$3:$M$8) -> 5.98
... A172: F | B172: US | C172: 46370 | D172: 1928 | E172: =ROUNDUP(D172/_xlfn.XLOOKUP(A172,$J$3:$J$8,$L$3:$L$8),0) -> 241 | F172: =E172/100*_xlfn.XLOOKUP(A172,$J$3:$J$8,$M$3:$M$8) -> 1.8828125

Sheet demand_matrix
A1: Week | B1: A | C1: B | D1: C | E1: D | F1: E | G1: F
A2: 46132 | B2: =IF($A2="","",SUMIFS(weekly_demand!$D:$D,weekly_demand!$A:$A,B$1,weekly_demand!$C:$C,$A2)) -> 0 | C2: =IF($A2="","",SUMIFS(weekly_demand!$D:$D,weekly_demand!$A:$A,C$1,weekly_demand!$C:$C,$A2)) -> 0 | D2: =IF($A2="","",SUMIFS(weekly_demand!$D:$D,weekly_demand!$A:$A,D$1,weekly_demand!$C:$C,$A2)) -> 0 | E2: =IF($A2="","",SUMIFS(weekly_demand!$D:$D,weekly_demand!$A:$A,E$1,weekly_demand!$C:$C,$A2)) -> 0 | F2: =IF($A2="","",SUMIFS(weekly_demand!$D:$D,weekly_demand!$A:$A,F$1,weekly_demand!$C:$C,$A2)) -> 0 | G2: =IF($A2="","",SUMIFS(weekly_demand!$D:$D,weekly_demand!$A:$A,G$1,weekly_demand!$C:$C,$A2)) -> 588
A3: 46139 | B3: =IF($A3="","",SUMIFS(weekly_demand!$D:$D,weekly_demand!$A:$A,B$1,weekly_demand!$C:$C,$A3)) -> 684 | C3: =IF($A3="","",SUMIFS(weekly_demand!$D:$D,weekly_demand!$A:$A,C$1,weekly_demand!$C:$C,$A3)) -> 0 | D3: =IF($A3="","",SUMIFS(weekly_demand!$D:$D,weekly_demand!$A:$A,D$1,weekly_demand!$C:$C,$A3)) -> 0 | E3: =IF($A3="","",SUMIFS(weekly_demand!$D:$D,weekly_demand!$A:$A,E$1,weekly_demand!$C:$C,$A3)) -> 0 | F3: =IF($A3="","",SUMIFS(weekly_demand!$D:$D,weekly_demand!$A:$A,F$1,weekly_demand!$C:$C,$A3)) -> 472 | G3: =IF($A3="","",SUMIFS(weekly_demand!$D:$D,weekly_demand!$A:$A,G$1,weekly_demand!$C:$C,$A3)) -> 4028
A4: 46146 | B4: =IF($A4="","",SUMIFS(weekly_demand!$D:$D,weekly_demand!$A:$A,B$1,weekly_demand!$C:$C,$A4)) -> 20000 | C4: =IF($A4="","",SUMIFS(weekly_demand!$D:$D,weekly_demand!$A:$A,C$1,weekly_demand!$C:$C,$A4)) -> 5502 | D4: =IF($A4="","",SUMIFS(weekly_demand!$D:$D,weekly_demand!$A:$A,D$1,weekly_demand!$C:$C,$A4)) -> 4320 | E4: =IF($A4="","",SUMIFS(weekly_demand!$D:$D,weekly_demand!$A:$A,E$1,weekly_demand!$C:$C,$A4)) -> 2430 | F4: =IF($A4="","",SUMIFS(weekly_demand!$D:$D,weekly_demand!$A:$A,F$1,weekly_demand!$C:$C,$A4)) -> 300 | G4: =IF($A4="","",SUMIFS(weekly_demand!$D:$D,weekly_demand!$A:$A,G$1,weekly_demand!$C:$C,$A4)) -> 4200
A5: 46153 | B5: =IF($A5="","",SUMIFS(weekly_demand!$D:$D,weekly_demand!$A:$A,B$1,weekly_demand!$C:$C,$A5)) -> 20000 | C5: =IF($A5="","",SUMIFS(weekly_demand!$D:$D,weekly_demand!$A:$A,C$1,weekly_demand!$C:$C,$A5)) -> 15658 | D5: =IF($A5="","",SUMIFS(weekly_demand!$D:$D,weekly_demand!$A:$A,D$1,weekly_demand!$C:$C,$A5)) -> 8370 | E5: =IF($A5="","",SUMIFS(weekly_demand!$D:$D,weekly_demand!$A:$A,E$1,weekly_demand!$C:$C,$A5)) -> 9990 | F5: =IF($A5="","",SUMIFS(weekly_demand!$D:$D,weekly_demand!$A:$A,F$1,weekly_demand!$C:$C,$A5)) -> 698 | G5: =IF($A5="","",SUMIFS(weekly_demand!$D:$D,weekly_demand!$A:$A,G$1,weekly_demand!$C:$C,$A5)) -> 3802
A6: 46160 | B6: =IF($A6="","",SUMIFS(weekly_demand!$D:$D,weekly_demand!$A:$A,B$1,weekly_demand!$C:$C,$A6)) -> 11000 | C6: =IF($A6="","",SUMIFS(weekly_demand!$D:$D,weekly_demand!$A:$A,C$1,weekly_demand!$C:$C,$A6)) -> 8865 | D6: =IF($A6="","",SUMIFS(weekly_demand!$D:$D,weekly_demand!$A:$A,D$1,weekly_demand!$C:$C,$A6)) -> 11782 | E6: =IF($A6="","",SUMIFS(weekly_demand!$D:$D,weekly_demand!$A:$A,E$1,weekly_demand!$C:$C,$A6)) -> 5840 | F6: =IF($A6="","",SUMIFS(weekly_demand!$D:$D,weekly_demand!$A:$A,F$1,weekly_demand!$C:$C,$A6)) -> 0 | G6: =IF($A6="","",SUMIFS(weekly_demand!$D:$D,weekly_demand!$A:$A,G$1,weekly_demand!$C:$C,$A6)) -> 4500
A7: 46167 | B7: =IF($A7="","",SUMIFS(weekly_demand!$D:$D,weekly_demand!$A:$A,B$1,weekly_demand!$C:$C,$A7)) -> 13000 | C7: =IF($A7="","",SUMIFS(weekly_demand!$D:$D,weekly_demand!$A:$A,C$1,weekly_demand!$C:$C,$A7)) -> 2146 | D7: =IF($A7="","",SUMIFS(weekly_demand!$D:$D,weekly_demand!$A:$A,D$1,weekly_demand!$C:$C,$A7)) -> 10524 | E7: =IF($A7="","",SUMIFS(weekly_demand!$D:$D,weekly_demand!$A:$A,E$1,weekly_demand!$C:$C,$A7)) -> 8100 | F7: =IF($A7="","",SUMIFS(weekly_demand!$D:$D,weekly_demand!$A:$A,F$1,weekly_demand!$C:$C,$A7)) -> 300 | G7: =IF($A7="","",SUMIFS(weekly_demand!$D:$D,weekly_demand!$A:$A,G$1,weekly_demand!$C:$C,$A7)) -> 4200
A8: 46174 | B8: =IF($A8="","",SUMIFS(weekly_demand!$D:$D,weekly_demand!$A:$A,B$1,weekly_demand!$C:$C,$A8)) -> 13773 | C8: =IF($A8="","",SUMIFS(weekly_demand!$D:$D,weekly_demand!$A:$A,C$1,weekly_demand!$C:$C,$A8)) -> 7123 | D8: =IF($A8="","",SUMIFS(weekly_demand!$D:$D,weekly_demand!$A:$A,D$1,weekly_demand!$C:$C,$A8)) -> 3240 | E8: =IF($A8="","",SUMIFS(weekly_demand!$D:$D,weekly_demand!$A:$A,E$1,weekly_demand!$C:$C,$A8)) -> 1001 | F8: =IF($A8="","",SUMIFS(weekly_demand!$D:$D,weekly_demand!$A:$A,F$1,weekly_demand!$C:$C,$A8)) -> 0 | G8: =IF($A8="","",SUMIFS(weekly_demand!$D:$D,weekly_demand!$A:$A,G$1,weekly_demand!$C:$C,$A8)) -> 4500
A9: 46181 | B9: =IF($A9="","",SUMIFS(weekly_demand!$D:$D,weekly_demand!$A:$A,B$1,weekly_demand!$C:$C,$A9)) -> 7058 | C9: =IF($A9="","",SUMIFS(weekly_demand!$D:$D,weekly_demand!$A:$A,C$1,weekly_demand!$C:$C,$A9)) -> 5309 | D9: =IF($A9="","",SUMIFS(weekly_demand!$D:$D,weekly_demand!$A:$A,D$1,weekly_demand!$C:$C,$A9)) -> 6442 | E9: =IF($A9="","",SUMIFS(weekly_demand!$D:$D,weekly_demand!$A:$A,E$1,weekly_demand!$C:$C,$A9)) -> 2471 | F9: =IF($A9="","",SUMIFS(weekly_demand!$D:$D,weekly_demand!$A:$A,F$1,weekly_demand!$C:$C,$A9)) -> 0 | G9: =IF($A9="","",SUMIFS(weekly_demand!$D:$D,weekly_demand!$A:$A,G$1,weekly_demand!$C:$C,$A9)) -> 4500
A10: 46188 | B10: =IF($A10="","",SUMIFS(weekly_demand!$D:$D,weekly_demand!$A:$A,B$1,weekly_demand!$C:$C,$A10)) -> 2040 | C10: =IF($A10="","",SUMIFS(weekly_demand!$D:$D,weekly_demand!$A:$A,C$1,weekly_demand!$C:$C,$A10)) -> 5309 | D10: =IF($A10="","",SUMIFS(weekly_demand!$D:$D,weekly_demand!$A:$A,D$1,weekly_demand!$C:$C,$A10)) -> 8802 | E10: =IF($A10="","",SUMIFS(weekly_demand!$D:$D,weekly_demand!$A:$A,E$1,weekly_demand!$C:$C,$A10)) -> 3458 | F10: =IF($A10="","",SUMIFS(weekly_demand!$D:$D,weekly_demand!$A:$A,F$1,weekly_demand!$C:$C,$A10)) -> 300 | G10: =IF($A10="","",SUMIFS(weekly_demand!$D:$D,weekly_demand!$A:$A,G$1,weekly_demand!$C:$C,$A10)) -> 2200
A11: 46195 | B11: =IF($A11="","",SUMIFS(weekly_demand!$D:$D,weekly_demand!$A:$A,B$1,weekly_demand!$C:$C,$A11)) -> 3541 | C11: =IF($A11="","",SUMIFS(weekly_demand!$D:$D,weekly_demand!$A:$A,C$1,weekly_demand!$C:$C,$A11)) -> 3000 | D11: =IF($A11="","",SUMIFS(weekly_demand!$D:$D,weekly_demand!$A:$A,D$1,weekly_demand!$C:$C,$A11)) -> 7695 | E11: =IF($A11="","",SUMIFS(weekly_demand!$D:$D,weekly_demand!$A:$A,E$1,weekly_demand!$C:$C,$A11)) -> 500 | F11: =IF($A11="","",SUMIFS(weekly_demand!$D:$D,weekly_demand!$A:$A,F$1,weekly_demand!$C:$C,$A11)) -> 0 | G11: =IF($A11="","",SUMIFS(weekly_demand!$D:$D,weekly_demand!$A:$A,G$1,weekly_demand!$C:$C,$A11)) -> 5000
A12: 46202 | B12: =IF($A12="","",SUMIFS(weekly_demand!$D:$D,weekly_demand!$A:$A,B$1,weekly_demand!$C:$C,$A12)) -> 12041 | C12: =IF($A12="","",SUMIFS(weekly_demand!$D:$D,weekly_demand!$A:$A,C$1,weekly_demand!$C:$C,$A12)) -> 3000 | D12: =IF($A12="","",SUMIFS(weekly_demand!$D:$D,weekly_demand!$A:$A,D$1,weekly_demand!$C:$C,$A12)) -> 2500 | E12: =IF($A12="","",SUMIFS(weekly_demand!$D:$D,weekly_demand!$A:$A,E$1,weekly_demand!$C:$C,$A12)) -> 500 | F12: =IF($A12="","",SUMIFS(weekly_demand!$D:$D,weekly_demand!$A:$A,F$1,weekly_demand!$C:$C,$A12)) -> 700 | G12: =IF($A12="","",SUMIFS(weekly_demand!$D:$D,weekly_demand!$A:$A,G$1,weekly_demand!$C:$C,$A12)) -> 4300
A13: 46209 | B13: =IF($A13="","",SUMIFS(weekly_demand!$D:$D,weekly_demand!$A:$A,B$1,weekly_demand!$C:$C,$A13)) -> 12040 | C13: =IF($A13="","",SUMIFS(weekly_demand!$D:$D,weekly_demand!$A:$A,C$1,weekly_demand!$C:$C,$A13)) -> 3000 | D13: =IF($A13="","",SUMIFS(weekly_demand!$D:$D,weekly_demand!$A:$A,D$1,weekly_demand!$C:$C,$A13)) -> 2500 | E13: =IF($A13="","",SUMIFS(weekly_demand!$D:$D,weekly_demand!$A:$A,E$1,weekly_demand!$C:$C,$A13)) -> 500 | F13: =IF($A13="","",SUMIFS(weekly_demand!$D:$D,weekly_demand!$A:$A,F$1,weekly_demand!$C:$C,$A13)) -> 300 | G13: =IF($A13="","",SUMIFS(weekly_demand!$D:$D,weekly_demand!$A:$A,G$1,weekly_demand!$C:$C,$A13)) -> 4700
... A36: 46370 | B36: =IF($A36="","",SUMIFS(weekly_demand!$D:$D,weekly_demand!$A:$A,B$1,weekly_demand!$C:$C,$A36)) -> 8325 | C36: =IF($A36="","",SUMIFS(weekly_demand!$D:$D,weekly_demand!$A:$A,C$1,weekly_demand!$C:$C,$A36)) -> 6250 | D36: =IF($A36="","",SUMIFS(weekly_demand!$D:$D,weekly_demand!$A:$A,D$1,weekly_demand!$C:$C,$A36)) -> 3000 | E36: =IF($A36="","",SUMIFS(weekly_demand!$D:$D,weekly_demand!$A:$A,E$1,weekly_demand!$C:$C,$A36)) -> 1250 | F36: =IF($A36="","",SUMIFS(weekly_demand!$D:$D,weekly_demand!$A:$A,F$1,weekly_demand!$C:$C,$A36)) -> 0 | G36: =IF($A36="","",SUMIFS(weekly_demand!$D:$D,weekly_demand!$A:$A,G$1,weekly_demand!$C:$C,$A36)) -> 1928
B37: =IF($A37="","",SUMIFS(weekly_demand!$D:$D,weekly_demand!$A:$A,B$1,weekly_demand!$C:$C,$A37)) | C37: =IF($A37="","",SUMIFS(weekly_demand!$D:$D,weekly_demand!$A:$A,C$1,weekly_demand!$C:$C,$A37)) | D37: =IF($A37="","",SUMIFS(weekly_demand!$D:$D,weekly_demand!$A:$A,D$1,weekly_demand!$C:$C,$A37)) | E37: =IF($A37="","",SUMIFS(weekly_demand!$D:$D,weekly_demand!$A:$A,E$1,weekly_demand!$C:$C,$A37)) | F37: =IF($A37="","",SUMIFS(weekly_demand!$D:$D,weekly_demand!$A:$A,F$1,weekly_demand!$C:$C,$A37)) | G37: =IF($A37="","",SUMIFS(weekly_demand!$D:$D,weekly_demand!$A:$A,G$1,weekly_demand!$C:$C,$A37))
B38: =IF($A38="","",SUMIFS(weekly_demand!$D:$D,weekly_demand!$A:$A,B$1,weekly_demand!$C:$C,$A38)) | C38: =IF($A38="","",SUMIFS(weekly_demand!$D:$D,weekly_demand!$A:$A,C$1,weekly_demand!$C:$C,$A38)) | D38: =IF($A38="","",SUMIFS(weekly_demand!$D:$D,weekly_demand!$A:$A,D$1,weekly_demand!$C:$C,$A38)) | E38: =IF($A38="","",SUMIFS(weekly_demand!$D:$D,weekly_demand!$A:$A,E$1,weekly_demand!$C:$C,$A38)) | F38: =IF($A38="","",SUMIFS(weekly_demand!$D:$D,weekly_demand!$A:$A,F$1,weekly_demand!$C:$C,$A38)) | G38: =IF($A38="","",SUMIFS(weekly_demand!$D:$D,weekly_demand!$A:$A,G$1,weekly_demand!$C:$C,$A38))
B39: =IF($A39="","",SUMIFS(weekly_demand!$D:$D,weekly_demand!$A:$A,B$1,weekly_demand!$C:$C,$A39)) | C39: =IF($A39="","",SUMIFS(weekly_demand!$D:$D,weekly_demand!$A:$A,C$1,weekly_demand!$C:$C,$A39)) | D39: =IF($A39="","",SUMIFS(weekly_demand!$D:$D,weekly_demand!$A:$A,D$1,weekly_demand!$C:$C,$A39)) | E39: =IF($A39="","",SUMIFS(weekly_demand!$D:$D,weekly_demand!$A:$A,E$1,weekly_demand!$C:$C,$A39)) | F39: =IF($A39="","",SUMIFS(weekly_demand!$D:$D,weekly_demand!$A:$A,F$1,weekly_demand!$C:$C,$A39)) | G39: =IF($A39="","",SUMIFS(weekly_demand!$D:$D,weekly_demand!$A:$A,G$1,weekly_demand!$C:$C,$A39))
B40: =IF($A40="","",SUMIFS(weekly_demand!$D:$D,weekly_demand!$A:$A,B$1,weekly_demand!$C:$C,$A40)) | C40: =IF($A40="","",SUMIFS(weekly_demand!$D:$D,weekly_demand!$A:$A,C$1,weekly_demand!$C:$C,$A40)) | D40: =IF($A40="","",SUMIFS(weekly_demand!$D:$D,weekly_demand!$A:$A,D$1,weekly_demand!$C:$C,$A40)) | E40: =IF($A40="","",SUMIFS(weekly_demand!$D:$D,weekly_demand!$A:$A,E$1,weekly_demand!$C:$C,$A40)) | F40: =IF($A40="","",SUMIFS(weekly_demand!$D:$D,weekly_demand!$A:$A,F$1,weekly_demand!$C:$C,$A40)) | G40: =IF($A40="","",SUMIFS(weekly_demand!$D:$D,weekly_demand!$A:$A,G$1,weekly_demand!$C:$C,$A40))
B41: =IF($A41="","",SUMIFS(weekly_demand!$D:$D,weekly_demand!$A:$A,B$1,weekly_demand!$C:$C,$A41)) | C41: =IF($A41="","",SUMIFS(weekly_demand!$D:$D,weekly_demand!$A:$A,C$1,weekly_demand!$C:$C,$A41)) | D41: =IF($A41="","",SUMIFS(weekly_demand!$D:$D,weekly_demand!$A:$A,D$1,weekly_demand!$C:$C,$A41)) | E41: =IF($A41="","",SUMIFS(weekly_demand!$D:$D,weekly_demand!$A:$A,E$1,weekly_demand!$C:$C,$A41)) | F41: =IF($A41="","",SUMIFS(weekly_demand!$D:$D,weekly_demand!$A:$A,F$1,weekly_demand!$C:$C,$A41)) | G41: =IF($A41="","",SUMIFS(weekly_demand!$D:$D,weekly_demand!$A:$A,G$1,weekly_demand!$C:$C,$A41))
B42: =IF($A42="","",SUMIFS(weekly_demand!$D:$D,weekly_demand!$A:$A,B$1,weekly_demand!$C:$C,$A42)) | C42: =IF($A42="","",SUMIFS(weekly_demand!$D:$D,weekly_demand!$A:$A,C$1,weekly_demand!$C:$C,$A42)) | D42: =IF($A42="","",SUMIFS(weekly_demand!$D:$D,weekly_demand!$A:$A,D$1,weekly_demand!$C:$C,$A42)) | E42: =IF($A42="","",SUMIFS(weekly_demand!$D:$D,weekly_demand!$A:$A,E$1,weekly_demand!$C:$C,$A42)) | F42: =IF($A42="","",SUMIFS(weekly_demand!$D:$D,weekly_demand!$A:$A,F$1,weekly_demand!$C:$C,$A42)) | G42: =IF($A42="","",SUMIFS(weekly_demand!$D:$D,weekly_demand!$A:$A,G$1,weekly_demand!$C:$C,$A42))
B43: =IF($A43="","",SUMIFS(weekly_demand!$D:$D,weekly_demand!$A:$A,B$1,weekly_demand!$C:$C,$A43)) | C43: =IF($A43="","",SUMIFS(weekly_demand!$D:$D,weekly_demand!$A:$A,C$1,weekly_demand!$C:$C,$A43)) | D43: =IF($A43="","",SUMIFS(weekly_demand!$D:$D,weekly_demand!$A:$A,D$1,weekly_demand!$C:$C,$A43)) | E43: =IF($A43="","",SUMIFS(weekly_demand!$D:$D,weekly_demand!$A:$A,E$1,weekly_demand!$C:$C,$A43)) | F43: =IF($A43="","",SUMIFS(weekly_demand!$D:$D,weekly_demand!$A:$A,F$1,weekly_demand!$C:$C,$A43)) | G43: =IF($A43="","",SUMIFS(weekly_demand!$D:$D,weekly_demand!$A:$A,G$1,weekly_demand!$C:$C,$A43))
B44: =IF($A44="","",SUMIFS(weekly_demand!$D:$D,weekly_demand!$A:$A,B$1,weekly_demand!$C:$C,$A44)) | C44: =IF($A44="","",SUMIFS(weekly_demand!$D:$D,weekly_demand!$A:$A,C$1,weekly_demand!$C:$C,$A44)) | D44: =IF($A44="","",SUMIFS(weekly_demand!$D:$D,weekly_demand!$A:$A,D$1,weekly_demand!$C:$C,$A44)) | E44: =IF($A44="","",SUMIFS(weekly_demand!$D:$D,weekly_demand!$A:$A,E$1,weekly_demand!$C:$C,$A44)) | F44: =IF($A44="","",SUMIFS(weekly_demand!$D:$D,weekly_demand!$A:$A,F$1,weekly_demand!$C:$C,$A44)) | G44: =IF($A44="","",SUMIFS(weekly_demand!$D:$D,weekly_demand!$A:$A,G$1,weekly_demand!$C:$C,$A44))
B45: =IF($A45="","",SUMIFS(weekly_demand!$D:$D,weekly_demand!$A:$A,B$1,weekly_demand!$C:$C,$A45)) | C45: =IF($A45="","",SUMIFS(weekly_demand!$D:$D,weekly_demand!$A:$A,C$1,weekly_demand!$C:$C,$A45)) | D45: =IF($A45="","",SUMIFS(weekly_demand!$D:$D,weekly_demand!$A:$A,D$1,weekly_demand!$C:$C,$A45)) | E45: =IF($A45="","",SUMIFS(weekly_demand!$D:$D,weekly_demand!$A:$A,E$1,weekly_demand!$C:$C,$A45)) | F45: =IF($A45="","",SUMIFS(weekly_demand!$D:$D,weekly_demand!$A:$A,F$1,weekly_demand!$C:$C,$A45)) | G45: =IF($A45="","",SUMIFS(weekly_demand!$D:$D,weekly_demand!$A:$A,G$1,weekly_demand!$C:$C,$A45))
B46: =IF($A46="","",SUMIFS(weekly_demand!$D:$D,weekly_demand!$A:$A,B$1,weekly_demand!$C:$C,$A46)) | C46: =IF($A46="","",SUMIFS(weekly_demand!$D:$D,weekly_demand!$A:$A,C$1,weekly_demand!$C:$C,$A46)) | D46: =IF($A46="","",SUMIFS(weekly_demand!$D:$D,weekly_demand!$A:$A,D$1,weekly_demand!$C:$C,$A46)) | E46: =IF($A46="","",SUMIFS(weekly_demand!$D:$D,weekly_demand!$A:$A,E$1,weekly_demand!$C:$C,$A46)) | F46: =IF($A46="","",SUMIFS(weekly_demand!$D:$D,weekly_demand!$A:$A,F$1,weekly_demand!$C:$C,$A46)) | G46: =IF($A46="","",SUMIFS(weekly_demand!$D:$D,weekly_demand!$A:$A,G$1,weekly_demand!$C:$C,$A46))
B47: =IF($A47="","",SUMIFS(weekly_demand!$D:$D,weekly_demand!$A:$A,B$1,weekly_demand!$C:$C,$A47)) | C47: =IF($A47="","",SUMIFS(weekly_demand!$D:$D,weekly_demand!$A:$A,C$1,weekly_demand!$C:$C,$A47)) | D47: =IF($A47="","",SUMIFS(weekly_demand!$D:$D,weekly_demand!$A:$A,D$1,weekly_demand!$C:$C,$A47)) | E47: =IF($A47="","",SUMIFS(weekly_demand!$D:$D,weekly_demand!$A:$A,E$1,weekly_demand!$C:$C,$A47)) | F47: =IF($A47="","",SUMIFS(weekly_demand!$D:$D,weekly_demand!$A:$A,F$1,weekly_demand!$C:$C,$A47)) | G47: =IF($A47="","",SUMIFS(weekly_demand!$D:$D,weekly_demand!$A:$A,G$1,weekly_demand!$C:$C,$A47))
B48: =IF($A48="","",SUMIFS(weekly_demand!$D:$D,weekly_demand!$A:$A,B$1,weekly_demand!$C:$C,$A48)) | C48: =IF($A48="","",SUMIFS(weekly_demand!$D:$D,weekly_demand!$A:$A,C$1,weekly_demand!$C:$C,$A48)) | D48: =IF($A48="","",SUMIFS(weekly_demand!$D:$D,weekly_demand!$A:$A,D$1,weekly_demand!$C:$C,$A48)) | E48: =IF($A48="","",SUMIFS(weekly_demand!$D:$D,weekly_demand!$A:$A,E$1,weekly_demand!$C:$C,$A48)) | F48: =IF($A48="","",SUMIFS(weekly_demand!$D:$D,weekly_demand!$A:$A,F$1,weekly_demand!$C:$C,$A48)) | G48: =IF($A48="","",SUMIFS(weekly_demand!$D:$D,weekly_demand!$A:$A,G$1,weekly_demand!$C:$C,$A48))
... B200: =IF($A200="","",SUMIFS(weekly_demand!$D:$D,weekly_demand!$A:$A,B$1,weekly_demand!$C:$C,$A200)) | C200: =IF($A200="","",SUMIFS(weekly_demand!$D:$D,weekly_demand!$A:$A,C$1,weekly_demand!$C:$C,$A200)) | D200: =IF($A200="","",SUMIFS(weekly_demand!$D:$D,weekly_demand!$A:$A,D$1,weekly_demand!$C:$C,$A200)) | E200: =IF($A200="","",SUMIFS(weekly_demand!$D:$D,weekly_demand!$A:$A,E$1,weekly_demand!$C:$C,$A200)) | F200: =IF($A200="","",SUMIFS(weekly_demand!$D:$D,weekly_demand!$A:$A,F$1,weekly_demand!$C:$C,$A200)) | G200: =IF($A200="","",SUMIFS(weekly_demand!$D:$D,weekly_demand!$A:$A,G$1,weekly_demand!$C:$C,$A200))

Sheet sumary
A1: Summary by Week-Fixture | K1: Plant Summary by Week
A2: Week | B2: Fixture | C2: Shared Fixture Cap | D2: Total Demand | E2: Total Planned | F2: Ending FG Total | G2: Total Shortage | H2: Utilization % | I2: Status | K2: Week | L2: Plant Cap | M2: Total Demand | N2: Total Planned | O2: Total Ending FG | P2: Total Shortage
A3: 46125 | B3: 123AB | C3: 15000 | D3: =SUMIFS(MPS!$E$2:$E$217,MPS!$C$2:$C$217,A3,MPS!$B$2:$B$217,B3) -> 0 | E3: =SUMIFS(MPS!$J$2:$J$217,MPS!$C$2:$C$217,A3,MPS!$B$2:$B$217,B3) -> 12751 | F3: =SUMIFS(MPS!$K$2:$K$217,MPS!$C$2:$C$217,A3,MPS!$B$2:$B$217,B3) -> 12751 | G3: =SUMIFS(MPS!$L$2:$L$217,MPS!$C$2:$C$217,A3,MPS!$B$2:$B$217,B3) -> 0 | H3: =IFERROR(E3/C3,0) -> 0.85006667 | I3: =IF(E3>C3,"Over shared cap","OK") -> OK | K3: 46125 | L3: 23000 | M3: =SUMIFS(MPS!$E$2:$E$217,MPS!$C$2:$C$217,K3) -> 0 | N3: =SUMIFS(MPS!$J$2:$J$217,MPS!$C$2:$C$217,K3) -> 20751 | O3: =SUMIFS(MPS!$K$2:$K$217,MPS!$C$2:$C$217,K3) -> 20751 | P3: =SUMIFS(MPS!$L$2:$L$217,MPS!$C$2:$C$217,K3) -> 0
A4: 46125 | B4: 456CD | C4: 5000 | D4: =SUMIFS(MPS!$E$2:$E$217,MPS!$C$2:$C$217,A4,MPS!$B$2:$B$217,B4) -> 0 | E4: =SUMIFS(MPS!$J$2:$J$217,MPS!$C$2:$C$217,A4,MPS!$B$2:$B$217,B4) -> 5000 | F4: =SUMIFS(MPS!$K$2:$K$217,MPS!$C$2:$C$217,A4,MPS!$B$2:$B$217,B4) -> 5000 | G4: =SUMIFS(MPS!$L$2:$L$217,MPS!$C$2:$C$217,A4,MPS!$B$2:$B$217,B4) -> 0 | H4: =IFERROR(E4/C4,0) -> 1 | I4: =IF(E4>C4,"Over shared cap","OK") -> OK | K4: 46132 | L4: 23000 | M4: =SUMIFS(MPS!$E$2:$E$217,MPS!$C$2:$C$217,K4) -> 588 | N4: =SUMIFS(MPS!$J$2:$J$217,MPS!$C$2:$C$217,K4) -> 7837 | O4: =SUMIFS(MPS!$K$2:$K$217,MPS!$C$2:$C$217,K4) -> 28000 | P4: =SUMIFS(MPS!$L$2:$L$217,MPS!$C$2:$C$217,K4) -> 0
A5: 46125 | B5: 789EF | C5: 3000 | D5: =SUMIFS(MPS!$E$2:$E$217,MPS!$C$2:$C$217,A5,MPS!$B$2:$B$217,B5) -> 0 | E5: =SUMIFS(MPS!$J$2:$J$217,MPS!$C$2:$C$217,A5,MPS!$B$2:$B$217,B5) -> 3000 | F5: =SUMIFS(MPS!$K$2:$K$217,MPS!$C$2:$C$217,A5,MPS!$B$2:$B$217,B5) -> 3000 | G5: =SUMIFS(MPS!$L$2:$L$217,MPS!$C$2:$C$217,A5,MPS!$B$2:$B$217,B5) -> 0 | H5: =IFERROR(E5/C5,0) -> 1 | I5: =IF(E5>C5,"Over shared cap","OK") -> OK | K5: 46139 | L5: 23000 | M5: =SUMIFS(MPS!$E$2:$E$217,MPS!$C$2:$C$217,K5) -> 5184 | N5: =SUMIFS(MPS!$J$2:$J$217,MPS!$C$2:$C$217,K5) -> 13684 | O5: =SUMIFS(MPS!$K$2:$K$217,MPS!$C$2:$C$217,K5) -> 36500 | P5: =SUMIFS(MPS!$L$2:$L$217,MPS!$C$2:$C$217,K5) -> 0
A6: 46132 | B6: 123AB | C6: 15000 | D6: =SUMIFS(MPS!$E$2:$E$217,MPS!$C$2:$C$217,A6,MPS!$B$2:$B$217,B6) -> 0 | E6: =SUMIFS(MPS!$J$2:$J$217,MPS!$C$2:$C$217,A6,MPS!$B$2:$B$217,B6) -> 2249 | F6: =SUMIFS(MPS!$K$2:$K$217,MPS!$C$2:$C$217,A6,MPS!$B$2:$B$217,B6) -> 15000 | G6: =SUMIFS(MPS!$L$2:$L$217,MPS!$C$2:$C$217,A6,MPS!$B$2:$B$217,B6) -> 0 | H6: =IFERROR(E6/C6,0) -> 0.14993333 | I6: =IF(E6>C6,"Over shared cap","OK") -> OK | K6: 46146 | L6: 23000 | M6: =SUMIFS(MPS!$E$2:$E$217,MPS!$C$2:$C$217,K6) -> 36752 | N6: =SUMIFS(MPS!$J$2:$J$217,MPS!$C$2:$C$217,K6) -> 23000 | O6: =SUMIFS(MPS!$K$2:$K$217,MPS!$C$2:$C$217,K6) -> 22748 | P6: =SUMIFS(MPS!$L$2:$L$217,MPS!$C$2:$C$217,K6) -> 0
A7: 46132 | B7: 456CD | C7: 5000 | D7: =SUMIFS(MPS!$E$2:$E$217,MPS!$C$2:$C$217,A7,MPS!$B$2:$B$217,B7) -> 0 | E7: =SUMIFS(MPS!$J$2:$J$217,MPS!$C$2:$C$217,A7,MPS!$B$2:$B$217,B7) -> 5000 | F7: =SUMIFS(MPS!$K$2:$K$217,MPS!$C$2:$C$217,A7,MPS!$B$2:$B$217,B7) -> 10000 | G7: =SUMIFS(MPS!$L$2:$L$217,MPS!$C$2:$C$217,A7,MPS!$B$2:$B$217,B7) -> 0 | H7: =IFERROR(E7/C7,0) -> 1 | I7: =IF(E7>C7,"Over shared cap","OK") -> OK | K7: 46153 | L7: 23000 | M7: =SUMIFS(MPS!$E$2:$E$217,MPS!$C$2:$C$217,K7) -> 58518 | N7: =SUMIFS(MPS!$J$2:$J$217,MPS!$C$2:$C$217,K7) -> 23000 | O7: =SUMIFS(MPS!$K$2:$K$217,MPS!$C$2:$C$217,K7) -> 1630 | P7: =SUMIFS(MPS!$L$2:$L$217,MPS!$C$2:$C$217,K7) -> 14400
A8: 46132 | B8: 789EF | C8: 3000 | D8: =SUMIFS(MPS!$E$2:$E$217,MPS!$C$2:$C$217,A8,MPS!$B$2:$B$217,B8) -> 588 | E8: =SUMIFS(MPS!$J$2:$J$217,MPS!$C$2:$C$217,A8,MPS!$B$2:$B$217,B8) -> 588 | F8: =SUMIFS(MPS!$K$2:$K$217,MPS!$C$2:$C$217,A8,MPS!$B$2:$B$217,B8) -> 3000 | G8: =SUMIFS(MPS!$L$2:$L$217,MPS!$C$2:$C$217,A8,MPS!$B$2:$B$217,B8) -> 0 | H8: =IFERROR(E8/C8,0) -> 0.196 | I8: =IF(E8>C8,"Over shared cap","OK") -> OK | K8: 46160 | L8: 23000 | M8: =SUMIFS(MPS!$E$2:$E$217,MPS!$C$2:$C$217,K8) -> 41987 | N8: =SUMIFS(MPS!$J$2:$J$217,MPS!$C$2:$C$217,K8) -> 23000 | O8: =SUMIFS(MPS!$K$2:$K$217,MPS!$C$2:$C$217,K8) -> 0 | P8: =SUMIFS(MPS!$L$2:$L$217,MPS!$C$2:$C$217,K8) -> 17357
A9: 46139 | B9: 123AB | C9: 15000 | D9: =SUMIFS(MPS!$E$2:$E$217,MPS!$C$2:$C$217,A9,MPS!$B$2:$B$217,B9) -> 684 | E9: =SUMIFS(MPS!$J$2:$J$217,MPS!$C$2:$C$217,A9,MPS!$B$2:$B$217,B9) -> 10684 | F9: =SUMIFS(MPS!$K$2:$K$217,MPS!$C$2:$C$217,A9,MPS!$B$2:$B$217,B9) -> 25000 | G9: =SUMIFS(MPS!$L$2:$L$217,MPS!$C$2:$C$217,A9,MPS!$B$2:$B$217,B9) -> 0 | H9: =IFERROR(E9/C9,0) -> 0.71226667 | I9: =IF(E9>C9,"Over shared cap","OK") -> OK | K9: 46167 | L9: 23000 | M9: =SUMIFS(MPS!$E$2:$E$217,MPS!$C$2:$C$217,K9) -> 38270 | N9: =SUMIFS(MPS!$J$2:$J$217,MPS!$C$2:$C$217,K9) -> 23000 | O9: =SUMIFS(MPS!$K$2:$K$217,MPS!$C$2:$C$217,K9) -> 0 | P9: =SUMIFS(MPS!$L$2:$L$217,MPS!$C$2:$C$217,K9) -> 15270
A10: 46139 | B10: 456CD | C10: 5000 | D10: =SUMIFS(MPS!$E$2:$E$217,MPS!$C$2:$C$217,A10,MPS!$B$2:$B$217,B10) -> 0 | E10: =SUMIFS(MPS!$J$2:$J$217,MPS!$C$2:$C$217,A10,MPS!$B$2:$B$217,B10) -> 0 | F10: =SUMIFS(MPS!$K$2:$K$217,MPS!$C$2:$C$217,A10,MPS!$B$2:$B$217,B10) -> 10000 | G10: =SUMIFS(MPS!$L$2:$L$217,MPS!$C$2:$C$217,A10,MPS!$B$2:$B$217,B10) -> 0 | H10: =IFERROR(E10/C10,0) -> 0 | I10: =IF(E10>C10,"Over shared cap","OK") -> OK | K10: 46174 | L10: 23000 | M10: =SUMIFS(MPS!$E$2:$E$217,MPS!$C$2:$C$217,K10) -> 29637 | N10: =SUMIFS(MPS!$J$2:$J$217,MPS!$C$2:$C$217,K10) -> 23000 | O10: =SUMIFS(MPS!$K$2:$K$217,MPS!$C$2:$C$217,K10) -> 1760 | P10: =SUMIFS(MPS!$L$2:$L$217,MPS!$C$2:$C$217,K10) -> 8397
A11: 46139 | B11: 789EF | C11: 3000 | D11: =SUMIFS(MPS!$E$2:$E$217,MPS!$C$2:$C$217,A11,MPS!$B$2:$B$217,B11) -> 4500 | E11: =SUMIFS(MPS!$J$2:$J$217,MPS!$C$2:$C$217,A11,MPS!$B$2:$B$217,B11) -> 3000 | F11: =SUMIFS(MPS!$K$2:$K$217,MPS!$C$2:$C$217,A11,MPS!$B$2:$B$217,B11) -> 1500 | G11: =SUMIFS(MPS!$L$2:$L$217,MPS!$C$2:$C$217,A11,MPS!$B$2:$B$217,B11) -> 0 | H11: =IFERROR(E11/C11,0) -> 1 | I11: =IF(E11>C11,"Over shared cap","OK") -> OK | K11: 46181 | L11: 23000 | M11: =SUMIFS(MPS!$E$2:$E$217,MPS!$C$2:$C$217,K11) -> 25780 | N11: =SUMIFS(MPS!$J$2:$J$217,MPS!$C$2:$C$217,K11) -> 20367 | O11: =SUMIFS(MPS!$K$2:$K$217,MPS!$C$2:$C$217,K11) -> 318 | P11: =SUMIFS(MPS!$L$2:$L$217,MPS!$C$2:$C$217,K11) -> 3971
A12: 46146 | B12: 123AB | C12: 15000 | D12: =SUMIFS(MPS!$E$2:$E$217,MPS!$C$2:$C$217,A12,MPS!$B$2:$B$217,B12) -> 25502 | E12: =SUMIFS(MPS!$J$2:$J$217,MPS!$C$2:$C$217,A12,MPS!$B$2:$B$217,B12) -> 15000 | F12: =SUMIFS(MPS!$K$2:$K$217,MPS!$C$2:$C$217,A12,MPS!$B$2:$B$217,B12) -> 14498 | G12: =SUMIFS(MPS!$L$2:$L$217,MPS!$C$2:$C$217,A12,MPS!$B$2:$B$217,B12) -> 0 | H12: =IFERROR(E12/C12,0) -> 1 | I12: =IF(E12>C12,"Over shared cap","OK") -> OK | K12: 46188 | L12: 23000 | M12: =SUMIFS(MPS!$E$2:$E$217,MPS!$C$2:$C$217,K12) -> 22109 | N12: =SUMIFS(MPS!$J$2:$J$217,MPS!$C$2:$C$217,K12) -> 15349 | O12: =SUMIFS(MPS!$K$2:$K$217,MPS!$C$2:$C$217,K12) -> 500 | P12: =SUMIFS(MPS!$L$2:$L$217,MPS!$C$2:$C$217,K12) -> 6942
A13: 46146 | B13: 456CD | C13: 5000 | D13: =SUMIFS(MPS!$E$2:$E$217,MPS!$C$2:$C$217,A13,MPS!$B$2:$B$217,B13) -> 6750 | E13: =SUMIFS(MPS!$J$2:$J$217,MPS!$C$2:$C$217,A13,MPS!$B$2:$B$217,B13) -> 5000 | F13: =SUMIFS(MPS!$K$2:$K$217,MPS!$C$2:$C$217,A13,MPS!$B$2:$B$217,B13) -> 8250 | G13: =SUMIFS(MPS!$L$2:$L$217,MPS!$C$2:$C$217,A13,MPS!$B$2:$B$217,B13) -> 0 | H13: =IFERROR(E13/C13,0) -> 1 | I13: =IF(E13>C13,"Over shared cap","OK") -> OK | K13: 46195 | L13: 23000 | M13: =SUMIFS(MPS!$E$2:$E$217,MPS!$C$2:$C$217,K13) -> 19736 | N13: =SUMIFS(MPS!$J$2:$J$217,MPS!$C$2:$C$217,K13) -> 14622 | O13: =SUMIFS(MPS!$K$2:$K$217,MPS!$C$2:$C$217,K13) -> 81 | P13: =SUMIFS(MPS!$L$2:$L$217,MPS!$C$2:$C$217,K13) -> 4695
A14: 46146 | B14: 789EF | C14: 3000 | D14: =SUMIFS(MPS!$E$2:$E$217,MPS!$C$2:$C$217,A14,MPS!$B$2:$B$217,B14) -> 4500 | E14: =SUMIFS(MPS!$J$2:$J$217,MPS!$C$2:$C$217,A14,MPS!$B$2:$B$217,B14) -> 3000 | F14: =SUMIFS(MPS!$K$2:$K$217,MPS!$C$2:$C$217,A14,MPS!$B$2:$B$217,B14) -> 0 | G14: =SUMIFS(MPS!$L$2:$L$217,MPS!$C$2:$C$217,A14,MPS!$B$2:$B$217,B14) -> 0 | H14: =IFERROR(E14/C14,0) -> 1 | I14: =IF(E14>C14,"Over shared cap","OK") -> OK | K14: 46202 | L14: 23000 | M14: =SUMIFS(MPS!$E$2:$E$217,MPS!$C$2:$C$217,K14) -> 23041 | N14: =SUMIFS(MPS!$J$2:$J$217,MPS!$C$2:$C$217,K14) -> 21000 | O14: =SUMIFS(MPS!$K$2:$K$217,MPS!$C$2:$C$217,K14) -> 40 | P14: =SUMIFS(MPS!$L$2:$L$217,MPS!$C$2:$C$217,K14) -> 2000
... A38: 46202 | B38: 789EF | C38: 3000 | D38: =SUMIFS(MPS!$E$2:$E$217,MPS!$C$2:$C$217,A38,MPS!$B$2:$B$217,B38) -> 5000 | E38: =SUMIFS(MPS!$J$2:$J$217,MPS!$C$2:$C$217,A38,MPS!$B$2:$B$217,B38) -> 3000 | F38: =SUMIFS(MPS!$K$2:$K$217,MPS!$C$2:$C$217,A38,MPS!$B$2:$B$217,B38) -> 0 | G38: =SUMIFS(MPS!$L$2:$L$217,MPS!$C$2:$C$217,A38,MPS!$B$2:$B$217,B38) -> 2000 | H38: =IFERROR(E38/C38,0) -> 1 | I38: =IF(E38>C38,"Over shared cap","OK") -> OK | K38: 46370 | L38: 23000 | M38: =SUMIFS(MPS!$E$2:$E$217,MPS!$C$2:$C$217,K38) -> 20753 | N38: =SUMIFS(MPS!$J$2:$J$217,MPS!$C$2:$C$217,K38) -> 20753 | O38: =SUMIFS(MPS!$K$2:$K$217,MPS!$C$2:$C$217,K38) -> 0 | P38: =SUMIFS(MPS!$L$2:$L$217,MPS!$C$2:$C$217,K38) -> 0
A39: 46209 | B39: 123AB | C39: 15000 | D39: =SUMIFS(MPS!$E$2:$E$217,MPS!$C$2:$C$217,A39,MPS!$B$2:$B$217,B39) -> 15040 | E39: =SUMIFS(MPS!$J$2:$J$217,MPS!$C$2:$C$217,A39,MPS!$B$2:$B$217,B39) -> 15000 | F39: =SUMIFS(MPS!$K$2:$K$217,MPS!$C$2:$C$217,A39,MPS!$B$2:$B$217,B39) -> 0 | G39: =SUMIFS(MPS!$L$2:$L$217,MPS!$C$2:$C$217,A39,MPS!$B$2:$B$217,B39) -> 0 | H39: =IFERROR(E39/C39,0) -> 1 | I39: =IF(E39>C39,"Over shared cap","OK") -> OK
A40: 46209 | B40: 456CD | C40: 5000 | D40: =SUMIFS(MPS!$E$2:$E$217,MPS!$C$2:$C$217,A40,MPS!$B$2:$B$217,B40) -> 3000 | E40: =SUMIFS(MPS!$J$2:$J$217,MPS!$C$2:$C$217,A40,MPS!$B$2:$B$217,B40) -> 3000 | F40: =SUMIFS(MPS!$K$2:$K$217,MPS!$C$2:$C$217,A40,MPS!$B$2:$B$217,B40) -> 0 | G40: =SUMIFS(MPS!$L$2:$L$217,MPS!$C$2:$C$217,A40,MPS!$B$2:$B$217,B40) -> 0 | H40: =IFERROR(E40/C40,0) -> 0.6 | I40: =IF(E40>C40,"Over shared cap","OK") -> OK
A41: Note | B41: This workbook follows the backward logic from your uploaded MPS sample. Beginning FG of the first week is fixed at 0, shortage is allowed, and week 13-Apr-2026 is added as the first production week. | C41: 3000 | D41: =SUMIFS(MPS!$E$2:$E$217,MPS!$C$2:$C$217,A41,MPS!$B$2:$B$217,B41) -> 0 | E41: =SUMIFS(MPS!$J$2:$J$217,MPS!$C$2:$C$217,A41,MPS!$B$2:$B$217,B41) -> 0 | F41: =SUMIFS(MPS!$K$2:$K$217,MPS!$C$2:$C$217,A41,MPS!$B$2:$B$217,B41) -> 0 | G41: =SUMIFS(MPS!$L$2:$L$217,MPS!$C$2:$C$217,A41,MPS!$B$2:$B$217,B41) -> 0 | H41: =IFERROR(E41/C41,0) -> 0 | I41: =IF(E41>C41,"Over shared cap","OK") -> OK
A42: 46216 | B42: 123AB | C42: 15000 | D42: =SUMIFS(MPS!$E$2:$E$217,MPS!$C$2:$C$217,A42,MPS!$B$2:$B$217,B42) -> 3000 | E42: =SUMIFS(MPS!$J$2:$J$217,MPS!$C$2:$C$217,A42,MPS!$B$2:$B$217,B42) -> 12246 | F42: =SUMIFS(MPS!$K$2:$K$217,MPS!$C$2:$C$217,A42,MPS!$B$2:$B$217,B42) -> 9246 | G42: =SUMIFS(MPS!$L$2:$L$217,MPS!$C$2:$C$217,A42,MPS!$B$2:$B$217,B42) -> 0 | H42: =IFERROR(E42/C42,0) -> 0.8164 | I42: =IF(E42>C42,"Over shared cap","OK") -> OK
A43: 46216 | B43: 456CD | C43: 5000 | D43: =SUMIFS(MPS!$E$2:$E$217,MPS!$C$2:$C$217,A43,MPS!$B$2:$B$217,B43) -> 3000 | E43: =SUMIFS(MPS!$J$2:$J$217,MPS!$C$2:$C$217,A43,MPS!$B$2:$B$217,B43) -> 3000 | F43: =SUMIFS(MPS!$K$2:$K$217,MPS!$C$2:$C$217,A43,MPS!$B$2:$B$217,B43) -> 0 | G43: =SUMIFS(MPS!$L$2:$L$217,MPS!$C$2:$C$217,A43,MPS!$B$2:$B$217,B43) -> 0 | H43: =IFERROR(E43/C43,0) -> 0.6 | I43: =IF(E43>C43,"Over shared cap","OK") -> OK
A44: 46216 | B44: 789EF | C44: 3000 | D44: =SUMIFS(MPS!$E$2:$E$217,MPS!$C$2:$C$217,A44,MPS!$B$2:$B$217,B44) -> 5046 | E44: =SUMIFS(MPS!$J$2:$J$217,MPS!$C$2:$C$217,A44,MPS!$B$2:$B$217,B44) -> 3000 | F44: =SUMIFS(MPS!$K$2:$K$217,MPS!$C$2:$C$217,A44,MPS!$B$2:$B$217,B44) -> 0 | G44: =SUMIFS(MPS!$L$2:$L$217,MPS!$C$2:$C$217,A44,MPS!$B$2:$B$217,B44) -> 2046 | H44: =IFERROR(E44/C44,0) -> 1 | I44: =IF(E44>C44,"Over shared cap","OK") -> OK
A45: 46223 | B45: 123AB | C45: 15000 | D45: =SUMIFS(MPS!$E$2:$E$217,MPS!$C$2:$C$217,A45,MPS!$B$2:$B$217,B45) -> 2400 | E45: =SUMIFS(MPS!$J$2:$J$217,MPS!$C$2:$C$217,A45,MPS!$B$2:$B$217,B45) -> 10554 | F45: =SUMIFS(MPS!$K$2:$K$217,MPS!$C$2:$C$217,A45,MPS!$B$2:$B$217,B45) -> 17400 | G45: =SUMIFS(MPS!$L$2:$L$217,MPS!$C$2:$C$217,A45,MPS!$B$2:$B$217,B45) -> 0 | H45: =IFERROR(E45/C45,0) -> 0.7036 | I45: =IF(E45>C45,"Over shared cap","OK") -> OK
A46: 46223 | B46: 456CD | C46: 5000 | D46: =SUMIFS(MPS!$E$2:$E$217,MPS!$C$2:$C$217,A46,MPS!$B$2:$B$217,B46) -> 1000 | E46: =SUMIFS(MPS!$J$2:$J$217,MPS!$C$2:$C$217,A46,MPS!$B$2:$B$217,B46) -> 1000 | F46: =SUMIFS(MPS!$K$2:$K$217,MPS!$C$2:$C$217,A46,MPS!$B$2:$B$217,B46) -> 0 | G46: =SUMIFS(MPS!$L$2:$L$217,MPS!$C$2:$C$217,A46,MPS!$B$2:$B$217,B46) -> 0 | H46: =IFERROR(E46/C46,0) -> 0.2 | I46: =IF(E46>C46,"Over shared cap","OK") -> OK
A47: 46223 | B47: 789EF | C47: 3000 | D47: =SUMIFS(MPS!$E$2:$E$217,MPS!$C$2:$C$217,A47,MPS!$B$2:$B$217,B47) -> 4600 | E47: =SUMIFS(MPS!$J$2:$J$217,MPS!$C$2:$C$217,A47,MPS!$B$2:$B$217,B47) -> 3000 | F47: =SUMIFS(MPS!$K$2:$K$217,MPS!$C$2:$C$217,A47,MPS!$B$2:$B$217,B47) -> 0 | G47: =SUMIFS(MPS!$L$2:$L$217,MPS!$C$2:$C$217,A47,MPS!$B$2:$B$217,B47) -> 1600 | H47: =IFERROR(E47/C47,0) -> 1 | I47: =IF(E47>C47,"Over shared cap","OK") -> OK
A48: 46230 | B48: 123AB | C48: 15000 | D48: =SUMIFS(MPS!$E$2:$E$217,MPS!$C$2:$C$217,A48,MPS!$B$2:$B$217,B48) -> 30160 | E48: =SUMIFS(MPS!$J$2:$J$217,MPS!$C$2:$C$217,A48,MPS!$B$2:$B$217,B48) -> 15000 | F48: =SUMIFS(MPS!$K$2:$K$217,MPS!$C$2:$C$217,A48,MPS!$B$2:$B$217,B48) -> 2240 | G48: =SUMIFS(MPS!$L$2:$L$217,MPS!$C$2:$C$217,A48,MPS!$B$2:$B$217,B48) -> 0 | H48: =IFERROR(E48/C48,0) -> 1 | I48: =IF(E48>C48,"Over shared cap","OK") -> OK
A49: 46230 | B49: 456CD | C49: 5000 | D49: =SUMIFS(MPS!$E$2:$E$217,MPS!$C$2:$C$217,A49,MPS!$B$2:$B$217,B49) -> 1000 | E49: =SUMIFS(MPS!$J$2:$J$217,MPS!$C$2:$C$217,A49,MPS!$B$2:$B$217,B49) -> 1000 | F49: =SUMIFS(MPS!$K$2:$K$217,MPS!$C$2:$C$217,A49,MPS!$B$2:$B$217,B49) -> 0 | G49: =SUMIFS(MPS!$L$2:$L$217,MPS!$C$2:$C$217,A49,MPS!$B$2:$B$217,B49) -> 0 | H49: =IFERROR(E49/C49,0) -> 0.2 | I49: =IF(E49>C49,"Over shared cap","OK") -> OK
A50: 46230 | B50: 789EF | C50: 3000 | D50: =SUMIFS(MPS!$E$2:$E$217,MPS!$C$2:$C$217,A50,MPS!$B$2:$B$217,B50) -> 476 | E50: =SUMIFS(MPS!$J$2:$J$217,MPS!$C$2:$C$217,A50,MPS!$B$2:$B$217,B50) -> 476 | F50: =SUMIFS(MPS!$K$2:$K$217,MPS!$C$2:$C$217,A50,MPS!$B$2:$B$217,B50) -> 0 | G50: =SUMIFS(MPS!$L$2:$L$217,MPS!$C$2:$C$217,A50,MPS!$B$2:$B$217,B50) -> 0 | H50: =IFERROR(E50/C50,0) -> 0.15866667 | I50: =IF(E50>C50,"Over shared cap","OK") -> OK
A51: 46237 | B51: 123AB | C51: 15000 | D51: =SUMIFS(MPS!$E$2:$E$217,MPS!$C$2:$C$217,A51,MPS!$B$2:$B$217,B51) -> 26486 | E51: =SUMIFS(MPS!$J$2:$J$217,MPS!$C$2:$C$217,A51,MPS!$B$2:$B$217,B51) -> 15000 | F51: =SUMIFS(MPS!$K$2:$K$217,MPS!$C$2:$C$217,A51,MPS!$B$2:$B$217,B51) -> 0 | G51: =SUMIFS(MPS!$L$2:$L$217,MPS!$C$2:$C$217,A51,MPS!$B$2:$B$217,B51) -> 9246 | H51: =IFERROR(E51/C51,0) -> 1 | I51: =IF(E51>C51,"Over shared cap","OK") -> OK
A52: 46237 | B52: 456CD | C52: 5000 | D52: =SUMIFS(MPS!$E$2:$E$217,MPS!$C$2:$C$217,A52,MPS!$B$2:$B$217,B52) -> 1400 | E52: =SUMIFS(MPS!$J$2:$J$217,MPS!$C$2:$C$217,A52,MPS!$B$2:$B$217,B52) -> 1400 | F52: =SUMIFS(MPS!$K$2:$K$217,MPS!$C$2:$C$217,A52,MPS!$B$2:$B$217,B52) -> 0 | G52: =SUMIFS(MPS!$L$2:$L$217,MPS!$C$2:$C$217,A52,MPS!$B$2:$B$217,B52) -> 0 | H52: =IFERROR(E52/C52,0) -> 0.28 | I52: =IF(E52>C52,"Over shared cap","OK") -> OK
A53: 46237 | B53: 789EF | C53: 3000 | D53: =SUMIFS(MPS!$E$2:$E$217,MPS!$C$2:$C$217,A53,MPS!$B$2:$B$217,B53) -> 1298 | E53: =SUMIFS(MPS!$J$2:$J$217,MPS!$C$2:$C$217,A53,MPS!$B$2:$B$217,B53) -> 1298 | F53: =SUMIFS(MPS!$K$2:$K$217,MPS!$C$2:$C$217,A53,MPS!$B$2:$B$217,B53) -> 0 | G53: =SUMIFS(MPS!$L$2:$L$217,MPS!$C$2:$C$217,A53,MPS!$B$2:$B$217,B53) -> 0 | H53: =IFERROR(E53/C53,0) -> 0.43266667 | I53: =IF(E53>C53,"Over shared cap","OK") -> OK
... A110: 46370 | B110: 789EF | C110: 3000 | D110: =SUMIFS(MPS!$E$2:$E$217,MPS!$C$2:$C$217,A110,MPS!$B$2:$B$217,B110) -> 1928 | E110: =SUMIFS(MPS!$J$2:$J$217,MPS!$C$2:$C$217,A110,MPS!$B$2:$B$217,B110) -> 1928 | F110: =SUMIFS(MPS!$K$2:$K$217,MPS!$C$2:$C$217,A110,MPS!$B$2:$B$217,B110) -> 0 | G110: =SUMIFS(MPS!$L$2:$L$217,MPS!$C$2:$C$217,A110,MPS!$B$2:$B$217,B110) -> 0 | H110: =IFERROR(E110/C110,0) -> 0.64266667 | I110: =IF(E110>C110,"Over shared cap","OK") -> OK

Sheet input
A1: Backward MPS Input
A3: Planning logic | B3: Backward scheduling with shared fixture cap lock by fixture-week
A4: Production can start from | B4: 46125
A5: Demand source | B5: SCM_round2.1.xlsx / demand_matrix
A6: Opening FG assumption | B6: 0
A7: Shortage rule | B7: Allowed; not forced to zero; capacity shared by fixture-week with priority A>B, C>D, E>F
A9: SKU | B9: Description | C9: Fixture | D9: Weekly Capacity | E9: Opening FG | F9: Storage Cap | G9: Priority | H9: Week | I9: A | J9: B | K9: C | L9: D | M9: E | N9: F
A10: A | B10: 2026 Automatic Robot ver | C10: 123AB | D10: 15000 | E10: 0 | F10: 15000 | G10: 1 | H10: 46125 | I10: 0 | J10: 0 | K10: 0 | L10: 0 | M10: 0 | N10: 0
A11: B | B11: 2025 Barbie ver colorful | C11: 123AB | D11: 15000 | E11: 0 | F11: 15000 | G11: 2 | H11: 46132 | I11: 0 | J11: 0 | K11: 0 | L11: 0 | M11: 0 | N11: 588
A12: C | B12: 2026 Castle & Farm Blocks | C12: 456CD | D12: 5000 | E12: 0 | F12: 5000 | G12: 1 | H12: 46139 | I12: 684 | J12: 0 | K12: 0 | L12: 0 | M12: 472 | N12: 4028
A13: D | B13: 2026 Animal Animation Book | C13: 456CD | D13: 5000 | E13: 0 | F13: 5000 | G13: 2 | H13: 46146 | I13: 20000 | J13: 5502 | K13: 4320 | L13: 2430 | M13: 300 | N13: 4200
A14: E | B14: 2026 Scooter ver | C14: 789EF | D14: 3000 | E14: 0 | F14: 3000 | G14: 1 | H14: 46153 | I14: 20000 | J14: 15658 | K14: 8370 | L14: 9990 | M14: 698 | N14: 3802
A15: F | B15: 2025 Fantasy Spaceship Model DIY kits | C15: 789EF | D15: 3000 | E15: 0 | F15: 3000 | G15: 2 | H15: 46160 | I15: 11000 | J15: 8865 | K15: 11782 | L15: 5840 | M15: 0 | N15: 4500
H16: 46167 | I16: 13000 | J16: 2146 | K16: 10524 | L16: 8100 | M16: 300 | N16: 4200
H17: 46174 | I17: 13773 | J17: 7123 | K17: 3240 | L17: 1001 | M17: 0 | N17: 4500
H18: 46181 | I18: 7058 | J18: 5309 | K18: 6442 | L18: 2471 | M18: 0 | N18: 4500
H19: 46188 | I19: 2040 | J19: 5309 | K19: 8802 | L19: 3458 | M19: 300 | N19: 2200
H20: 46195 | I20: 3541 | J20: 3000 | K20: 7695 | L20: 500 | M20: 0 | N20: 5000
H21: 46202 | I21: 12041 | J21: 3000 | K21: 2500 | L21: 500 | M21: 700 | N21: 4300
H22: 46209 | I22: 12040 | J22: 3000 | K22: 2500 | L22: 500 | M22: 300 | N22: 4700
H23: 46216 | I23: 0 | J23: 3000 | K23: 2500 | L23: 500 | M23: 300 | N23: 4746
H24: 46223 | I24: 0 | J24: 2400 | K24: 1000 | L24: 0 | M24: 300 | N24: 4300
H25: 46230 | I25: 27760 | J25: 2400 | K25: 1000 | L25: 0 | M25: 0 | N25: 476
H26: 46237 | I26: 26486 | J26: 0 | K26: 1000 | L26: 400 | M26: 0 | N26: 1298
H27: 46244 | I27: 4248 | J27: 2400 | K27: 1000 | L27: 0 | M27: 300 | N27: 1300
... H45: 46370 | I45: 8325 | J45: 6250 | K45: 3000 | L45: 1250 | M45: 0 | N45: 1928

Sheet MPS
A1: SKU | B1: Fixture | C1: Week | D1: Weekly Capacity | E1: Total Demand | F1: Beginning FG Inv | G1: Storage Cap | H1: Carryover Needed | I1: Net Required | J1: Planned Production | K1: Ending FG Inv | L1: Shortage | M1: ATP | N1: Capacity Load % | O1: Planner Note | P1: Shared Planned Before SKU | Q1: Remaining Shared Fixture Cap | R1: Fulfilled Demand | U1: =SUM(L:L) -> 88174
A2: A | B2: 123AB | C2: 46125 | D2: 15000 | E2: 0 | F2: =0 -> 0 | G2: 15000 | H2: =MAX(0,H3+E3-Q3) -> 0 | I2: =MAX(0,E2+H2-F2) -> 0 | J2: =MIN(Q2,I2,MAX(0,E2+G2-F2)) -> 0 | K2: =MIN(G2,MAX(0,F2+J2-E2)) -> 0 | L2: =MAX(0,E2-F2-J2) -> 0 | M2: =MAX(0,F2+J2-E2) -> 0 | N2: =IFERROR(SUMIFS($J$2:$J$217,$B$2:$B$217,B2,$C$2:$C$217,C2)/D2,0) -> 0.85006667 | O2: First week beginning FG fixed at 0; shared cap locked in Q | P2: =0 -> 0 | Q2: =MAX(0,D2-P2) -> 15000 | R2: =MAX(0,MIN(E2,F2+J2)) -> 0 | U2: =SUM(E:E) -> 680312
A3: A | B3: 123AB | C3: 46132 | D3: 15000 | E3: 0 | F3: =K2 -> 0 | G3: 15000 | H3: =MAX(0,H4+E4-Q4) -> 0 | I3: =MAX(0,E3+H3-F3) -> 0 | J3: =MIN(Q3,I3,MAX(0,E3+G3-F3)) -> 0 | K3: =MIN(G3,MAX(0,F3+J3-E3)) -> 0 | L3: =MAX(0,E3-F3-J3) -> 0 | M3: =MAX(0,F3+J3-E3) -> 0 | N3: =IFERROR(SUMIFS($J$2:$J$217,$B$2:$B$217,B3,$C$2:$C$217,C3)/D3,0) -> 0.14993333 | O3: Carryover is computed backward from next week | P3: =SUMIFS($J$2:J2,$B$2:B2,B3,$C$2:C2,C3) -> 0 | Q3: =MAX(0,D3-P3) -> 15000 | R3: =MAX(0,MIN(E3,F3+J3)) -> 0 | U3: =U1/U2 -> 0.12960818
A4: A | B4: 123AB | C4: 46139 | D4: 15000 | E4: 684 | F4: =K3 -> 0 | G4: 15000 | H4: =MAX(0,H5+E5-Q5) -> 10000 | I4: =MAX(0,E4+H4-F4) -> 10684 | J4: =MIN(Q4,I4,MAX(0,E4+G4-F4)) -> 10684 | K4: =MIN(G4,MAX(0,F4+J4-E4)) -> 10000 | L4: =MAX(0,E4-F4-J4) -> 0 | M4: =MAX(0,F4+J4-E4) -> 10000 | N4: =IFERROR(SUMIFS($J$2:$J$217,$B$2:$B$217,B4,$C$2:$C$217,C4)/D4,0) -> 0.71226667 | P4: =SUMIFS($J$2:J3,$B$2:B3,B4,$C$2:C3,C4) -> 0 | Q4: =MAX(0,D4-P4) -> 15000 | R4: =MAX(0,MIN(E4,F4+J4)) -> 684
A5: A | B5: 123AB | C5: 46146 | D5: 15000 | E5: 20000 | F5: =K4 -> 10000 | G5: 15000 | H5: =MAX(0,H6+E6-Q6) -> 5000 | I5: =MAX(0,E5+H5-F5) -> 15000 | J5: =MIN(Q5,I5,MAX(0,E5+G5-F5)) -> 15000 | K5: =MIN(G5,MAX(0,F5+J5-E5)) -> 5000 | L5: =MAX(0,E5-F5-J5) -> 0 | M5: =MAX(0,F5+J5-E5) -> 5000 | N5: =IFERROR(SUMIFS($J$2:$J$217,$B$2:$B$217,B5,$C$2:$C$217,C5)/D5,0) -> 1 | P5: =SUMIFS($J$2:J4,$B$2:B4,B5,$C$2:C4,C5) -> 0 | Q5: =MAX(0,D5-P5) -> 15000 | R5: =MAX(0,MIN(E5,F5+J5)) -> 20000
A6: A | B6: 123AB | C6: 46153 | D6: 15000 | E6: 20000 | F6: =K5 -> 5000 | G6: 15000 | H6: =MAX(0,H7+E7-Q7) -> 0 | I6: =MAX(0,E6+H6-F6) -> 15000 | J6: =MIN(Q6,I6,MAX(0,E6+G6-F6)) -> 15000 | K6: =MIN(G6,MAX(0,F6+J6-E6)) -> 0 | L6: =MAX(0,E6-F6-J6) -> 0 | M6: =MAX(0,F6+J6-E6) -> 0 | N6: =IFERROR(SUMIFS($J$2:$J$217,$B$2:$B$217,B6,$C$2:$C$217,C6)/D6,0) -> 1 | P6: =SUMIFS($J$2:J5,$B$2:B5,B6,$C$2:C5,C6) -> 0 | Q6: =MAX(0,D6-P6) -> 15000 | R6: =MAX(0,MIN(E6,F6+J6)) -> 20000
A7: A | B7: 123AB | C7: 46160 | D7: 15000 | E7: 11000 | F7: =K6 -> 0 | G7: 15000 | H7: =MAX(0,H8+E8-Q8) -> 0 | I7: =MAX(0,E7+H7-F7) -> 11000 | J7: =MIN(Q7,I7,MAX(0,E7+G7-F7)) -> 11000 | K7: =MIN(G7,MAX(0,F7+J7-E7)) -> 0 | L7: =MAX(0,E7-F7-J7) -> 0 | M7: =MAX(0,F7+J7-E7) -> 0 | N7: =IFERROR(SUMIFS($J$2:$J$217,$B$2:$B$217,B7,$C$2:$C$217,C7)/D7,0) -> 1 | P7: =SUMIFS($J$2:J6,$B$2:B6,B7,$C$2:C6,C7) -> 0 | Q7: =MAX(0,D7-P7) -> 15000 | R7: =MAX(0,MIN(E7,F7+J7)) -> 11000
A8: A | B8: 123AB | C8: 46167 | D8: 15000 | E8: 13000 | F8: =K7 -> 0 | G8: 15000 | H8: =MAX(0,H9+E9-Q9) -> 0 | I8: =MAX(0,E8+H8-F8) -> 13000 | J8: =MIN(Q8,I8,MAX(0,E8+G8-F8)) -> 13000 | K8: =MIN(G8,MAX(0,F8+J8-E8)) -> 0 | L8: =MAX(0,E8-F8-J8) -> 0 | M8: =MAX(0,F8+J8-E8) -> 0 | N8: =IFERROR(SUMIFS($J$2:$J$217,$B$2:$B$217,B8,$C$2:$C$217,C8)/D8,0) -> 1 | P8: =SUMIFS($J$2:J7,$B$2:B7,B8,$C$2:C7,C8) -> 0 | Q8: =MAX(0,D8-P8) -> 15000 | R8: =MAX(0,MIN(E8,F8+J8)) -> 13000
A9: A | B9: 123AB | C9: 46174 | D9: 15000 | E9: 13773 | F9: =K8 -> 0 | G9: 15000 | H9: =MAX(0,H10+E10-Q10) -> 0 | I9: =MAX(0,E9+H9-F9) -> 13773 | J9: =MIN(Q9,I9,MAX(0,E9+G9-F9)) -> 13773 | K9: =MIN(G9,MAX(0,F9+J9-E9)) -> 0 | L9: =MAX(0,E9-F9-J9) -> 0 | M9: =MAX(0,F9+J9-E9) -> 0 | N9: =IFERROR(SUMIFS($J$2:$J$217,$B$2:$B$217,B9,$C$2:$C$217,C9)/D9,0) -> 1 | P9: =SUMIFS($J$2:J8,$B$2:B8,B9,$C$2:C8,C9) -> 0 | Q9: =MAX(0,D9-P9) -> 15000 | R9: =MAX(0,MIN(E9,F9+J9)) -> 13773
A10: A | B10: 123AB | C10: 46181 | D10: 15000 | E10: 7058 | F10: =K9 -> 0 | G10: 15000 | H10: =MAX(0,H11+E11-Q11) -> 0 | I10: =MAX(0,E10+H10-F10) -> 7058 | J10: =MIN(Q10,I10,MAX(0,E10+G10-F10)) -> 7058 | K10: =MIN(G10,MAX(0,F10+J10-E10)) -> 0 | L10: =MAX(0,E10-F10-J10) -> 0 | M10: =MAX(0,F10+J10-E10) -> 0 | N10: =IFERROR(SUMIFS($J$2:$J$217,$B$2:$B$217,B10,$C$2:$C$217,C10)/D10,0) -> 0.82446667 | P10: =SUMIFS($J$2:J9,$B$2:B9,B10,$C$2:C9,C10) -> 0 | Q10: =MAX(0,D10-P10) -> 15000 | R10: =MAX(0,MIN(E10,F10+J10)) -> 7058
A11: A | B11: 123AB | C11: 46188 | D11: 15000 | E11: 2040 | F11: =K10 -> 0 | G11: 15000 | H11: =MAX(0,H12+E12-Q12) -> 0 | I11: =MAX(0,E11+H11-F11) -> 2040 | J11: =MIN(Q11,I11,MAX(0,E11+G11-F11)) -> 2040 | K11: =MIN(G11,MAX(0,F11+J11-E11)) -> 0 | L11: =MAX(0,E11-F11-J11) -> 0 | M11: =MAX(0,F11+J11-E11) -> 0 | N11: =IFERROR(SUMIFS($J$2:$J$217,$B$2:$B$217,B11,$C$2:$C$217,C11)/D11,0) -> 0.48993333 | P11: =SUMIFS($J$2:J10,$B$2:B10,B11,$C$2:C10,C11) -> 0 | Q11: =MAX(0,D11-P11) -> 15000 | R11: =MAX(0,MIN(E11,F11+J11)) -> 2040
A12: A | B12: 123AB | C12: 46195 | D12: 15000 | E12: 3541 | F12: =K11 -> 0 | G12: 15000 | H12: =MAX(0,H13+E13-Q13) -> 0 | I12: =MAX(0,E12+H12-F12) -> 3541 | J12: =MIN(Q12,I12,MAX(0,E12+G12-F12)) -> 3541 | K12: =MIN(G12,MAX(0,F12+J12-E12)) -> 0 | L12: =MAX(0,E12-F12-J12) -> 0 | M12: =MAX(0,F12+J12-E12) -> 0 | N12: =IFERROR(SUMIFS($J$2:$J$217,$B$2:$B$217,B12,$C$2:$C$217,C12)/D12,0) -> 0.44146667 | P12: =SUMIFS($J$2:J11,$B$2:B11,B12,$C$2:C11,C12) -> 0 | Q12: =MAX(0,D12-P12) -> 15000 | R12: =MAX(0,MIN(E12,F12+J12)) -> 3541
A13: A | B13: 123AB | C13: 46202 | D13: 15000 | E13: 12041 | F13: =K12 -> 0 | G13: 15000 | H13: =MAX(0,H14+E14-Q14) -> 0 | I13: =MAX(0,E13+H13-F13) -> 12041 | J13: =MIN(Q13,I13,MAX(0,E13+G13-F13)) -> 12041 | K13: =MIN(G13,MAX(0,F13+J13-E13)) -> 0 | L13: =MAX(0,E13-F13-J13) -> 0 | M13: =MAX(0,F13+J13-E13) -> 0 | N13: =IFERROR(SUMIFS($J$2:$J$217,$B$2:$B$217,B13,$C$2:$C$217,C13)/D13,0) -> 1 | P13: =SUMIFS($J$2:J12,$B$2:B12,B13,$C$2:C12,C13) -> 0 | Q13: =MAX(0,D13-P13) -> 15000 | R13: =MAX(0,MIN(E13,F13+J13)) -> 12041
A14: A | B14: 123AB | C14: 46209 | D14: 15000 | E14: 12040 | F14: =K13 -> 0 | G14: 15000 | H14: =MAX(0,H15+E15-Q15) -> 0 | I14: =MAX(0,E14+H14-F14) -> 12040 | J14: =MIN(Q14,I14,MAX(0,E14+G14-F14)) -> 12040 | K14: =MIN(G14,MAX(0,F14+J14-E14)) -> 0 | L14: =MAX(0,E14-F14-J14) -> 0 | M14: =MAX(0,F14+J14-E14) -> 0 | N14: =IFERROR(SUMIFS($J$2:$J$217,$B$2:$B$217,B14,$C$2:$C$217,C14)/D14,0) -> 1 | P14: =SUMIFS($J$2:J13,$B$2:B13,B14,$C$2:C13,C14) -> 0 | Q14: =MAX(0,D14-P14) -> 15000 | R14: =MAX(0,MIN(E14,F14+J14)) -> 12040
A15: A | B15: 123AB | C15: 46216 | D15: 15000 | E15: 0 | F15: =K14 -> 0 | G15: 15000 | H15: =MAX(0,H16+E16-Q16) -> 9246 | I15: =MAX(0,E15+H15-F15) -> 9246 | J15: =MIN(Q15,I15,MAX(0,E15+G15-F15)) -> 9246 | K15: =MIN(G15,MAX(0,F15+J15-E15)) -> 9246 | L15: =MAX(0,E15-F15-J15) -> 0 | M15: =MAX(0,F15+J15-E15) -> 9246 | N15: =IFERROR(SUMIFS($J$2:$J$217,$B$2:$B$217,B15,$C$2:$C$217,C15)/D15,0) -> 0.8164 | P15: =SUMIFS($J$2:J14,$B$2:B14,B15,$C$2:C14,C15) -> 0 | Q15: =MAX(0,D15-P15) -> 15000 | R15: =MAX(0,MIN(E15,F15+J15)) -> 0
... A36: A | B36: 123AB | C36: 46363 | D36: 15000 | E36: 8326 | F36: =K35 -> 0 | G36: 15000 | H36: =MAX(0,H37+E37-Q37) -> 0 | I36: =MAX(0,E36+H36-F36) -> 8326 | J36: =MIN(Q36,I36,MAX(0,E36+G36-F36)) -> 8326 | K36: =MIN(G36,MAX(0,F36+J36-E36)) -> 0 | L36: =MAX(0,E36-F36-J36) -> 0 | M36: =MAX(0,F36+J36-E36) -> 0 | N36: =IFERROR(SUMIFS($J$2:$J$217,$B$2:$B$217,B36,$C$2:$C$217,C36)/D36,0) -> 0.97173333 | P36: =SUMIFS($J$2:J35,$B$2:B35,B36,$C$2:C35,C36) -> 0 | Q36: =MAX(0,D36-P36) -> 15000 | R36: =MAX(0,MIN(E36,F36+J36)) -> 8326
A37: A | B37: 123AB | C37: 46370 | D37: 15000 | E37: 8325 | F37: =K36 -> 0 | G37: 15000 | H37: =0 -> 0 | I37: =MAX(0,E37+H37-F37) -> 8325 | J37: =MIN(Q37,I37,MAX(0,E37+G37-F37)) -> 8325 | K37: =MIN(G37,MAX(0,F37+J37-E37)) -> 0 | L37: =MAX(0,E37-F37-J37) -> 0 | M37: =MAX(0,F37+J37-E37) -> 0 | N37: =IFERROR(SUMIFS($J$2:$J$217,$B$2:$B$217,B37,$C$2:$C$217,C37)/D37,0) -> 0.97166667 | P37: =SUMIFS($J$2:J36,$B$2:B36,B37,$C$2:C36,C37) -> 0 | Q37: =MAX(0,D37-P37) -> 15000 | R37: =MAX(0,MIN(E37,F37+J37)) -> 8325
A38: B | B38: 123AB | C38: 46125 | D38: 15000 | E38: 0 | F38: =0 -> 0 | G38: 15000 | H38: =MAX(0,H39+E39-Q39) -> 12751 | I38: =MAX(0,E38+H38-F38) -> 12751 | J38: =MIN(Q38,I38,MAX(0,E38+G38-F38)) -> 12751 | K38: =MIN(G38,MAX(0,F38+J38-E38)) -> 12751 | L38: =MAX(0,E38-F38-J38) -> 0 | M38: =MAX(0,F38+J38-E38) -> 12751 | N38: =IFERROR(SUMIFS($J$2:$J$217,$B$2:$B$217,B38,$C$2:$C$217,C38)/D38,0) -> 0.85006667 | O38: Lower-priority SKU uses remaining shared fixture capacity only | P38: =SUMIFS($J$2:J37,$B$2:B37,B38,$C$2:C37,C38) -> 0 | Q38: =MAX(0,D38-P38) -> 15000 | R38: =MAX(0,MIN(E38,F38+J38)) -> 0
A39: B | B39: 123AB | C39: 46132 | D39: 15000 | E39: 0 | F39: =K38 -> 12751 | G39: 15000 | H39: =MAX(0,H40+E40-Q40) -> 27751 | I39: =MAX(0,E39+H39-F39) -> 15000 | J39: =MIN(Q39,I39,MAX(0,E39+G39-F39)) -> 2249 | K39: =MIN(G39,MAX(0,F39+J39-E39)) -> 15000 | L39: =MAX(0,E39-F39-J39) -> 0 | M39: =MAX(0,F39+J39-E39) -> 15000 | N39: =IFERROR(SUMIFS($J$2:$J$217,$B$2:$B$217,B39,$C$2:$C$217,C39)/D39,0) -> 0.14993333 | P39: =SUMIFS($J$2:J38,$B$2:B38,B39,$C$2:C38,C39) -> 0 | Q39: =MAX(0,D39-P39) -> 15000 | R39: =MAX(0,MIN(E39,F39+J39)) -> 0
A40: B | B40: 123AB | C40: 46139 | D40: 15000 | E40: 0 | F40: =K39 -> 15000 | G40: 15000 | H40: =MAX(0,H41+E41-Q41) -> 32067 | I40: =MAX(0,E40+H40-F40) -> 17067 | J40: =MIN(Q40,I40,MAX(0,E40+G40-F40)) -> 0 | K40: =MIN(G40,MAX(0,F40+J40-E40)) -> 15000 | L40: =MAX(0,E40-F40-J40) -> 0 | M40: =MAX(0,F40+J40-E40) -> 15000 | N40: =IFERROR(SUMIFS($J$2:$J$217,$B$2:$B$217,B40,$C$2:$C$217,C40)/D40,0) -> 0.71226667 | P40: =SUMIFS($J$2:J39,$B$2:B39,B40,$C$2:C39,C40) -> 10684 | Q40: =MAX(0,D40-P40) -> 4316 | R40: =MAX(0,MIN(E40,F40+J40)) -> 0
A41: B | B41: 123AB | C41: 46146 | D41: 15000 | E41: 5502 | F41: =K40 -> 15000 | G41: 15000 | H41: =MAX(0,H42+E42-Q42) -> 26565 | I41: =MAX(0,E41+H41-F41) -> 17067 | J41: =MIN(Q41,I41,MAX(0,E41+G41-F41)) -> 0 | K41: =MIN(G41,MAX(0,F41+J41-E41)) -> 9498 | L41: =MAX(0,E41-F41-J41) -> 0 | M41: =MAX(0,F41+J41-E41) -> 9498 | N41: =IFERROR(SUMIFS($J$2:$J$217,$B$2:$B$217,B41,$C$2:$C$217,C41)/D41,0) -> 1 | P41: =SUMIFS($J$2:J40,$B$2:B40,B41,$C$2:C40,C41) -> 15000 | Q41: =MAX(0,D41-P41) -> 0 | R41: =MAX(0,MIN(E41,F41+J41)) -> 5502
A42: B | B42: 123AB | C42: 46153 | D42: 15000 | E42: 15658 | F42: =K41 -> 9498 | G42: 15000 | H42: =MAX(0,H43+E43-Q43) -> 10907 | I42: =MAX(0,E42+H42-F42) -> 17067 | J42: =MIN(Q42,I42,MAX(0,E42+G42-F42)) -> 0 | K42: =MIN(G42,MAX(0,F42+J42-E42)) -> 0 | L42: =MAX(0,E42-F42-J42) -> 6160 | M42: =MAX(0,F42+J42-E42) -> 0 | N42: =IFERROR(SUMIFS($J$2:$J$217,$B$2:$B$217,B42,$C$2:$C$217,C42)/D42,0) -> 1 | P42: =SUMIFS($J$2:J41,$B$2:B41,B42,$C$2:C41,C42) -> 15000 | Q42: =MAX(0,D42-P42) -> 0 | R42: =MAX(0,MIN(E42,F42+J42)) -> 9498
A43: B | B43: 123AB | C43: 46160 | D43: 15000 | E43: 8865 | F43: =K42 -> 0 | G43: 15000 | H43: =MAX(0,H44+E44-Q44) -> 6042 | I43: =MAX(0,E43+H43-F43) -> 14907 | J43: =MIN(Q43,I43,MAX(0,E43+G43-F43)) -> 4000 | K43: =MIN(G43,MAX(0,F43+J43-E43)) -> 0 | L43: =MAX(0,E43-F43-J43) -> 4865 | M43: =MAX(0,F43+J43-E43) -> 0 | N43: =IFERROR(SUMIFS($J$2:$J$217,$B$2:$B$217,B43,$C$2:$C$217,C43)/D43,0) -> 1 | P43: =SUMIFS($J$2:J42,$B$2:B42,B43,$C$2:C42,C43) -> 11000 | Q43: =MAX(0,D43-P43) -> 4000 | R43: =MAX(0,MIN(E43,F43+J43)) -> 4000
A44: B | B44: 123AB | C44: 46167 | D44: 15000 | E44: 2146 | F44: =K43 -> 0 | G44: 15000 | H44: =MAX(0,H45+E45-Q45) -> 5896 | I44: =MAX(0,E44+H44-F44) -> 8042 | J44: =MIN(Q44,I44,MAX(0,E44+G44-F44)) -> 2000 | K44: =MIN(G44,MAX(0,F44+J44-E44)) -> 0 | L44: =MAX(0,E44-F44-J44) -> 146 | M44: =MAX(0,F44+J44-E44) -> 0 | N44: =IFERROR(SUMIFS($J$2:$J$217,$B$2:$B$217,B44,$C$2:$C$217,C44)/D44,0) -> 1 | P44: =SUMIFS($J$2:J43,$B$2:B43,B44,$C$2:C43,C44) -> 13000 | Q44: =MAX(0,D44-P44) -> 2000 | R44: =MAX(0,MIN(E44,F44+J44)) -> 2000
A45: B | B45: 123AB | C45: 46174 | D45: 15000 | E45: 7123 | F45: =K44 -> 0 | G45: 15000 | H45: =MAX(0,H46+E46-Q46) -> 0 | I45: =MAX(0,E45+H45-F45) -> 7123 | J45: =MIN(Q45,I45,MAX(0,E45+G45-F45)) -> 1227 | K45: =MIN(G45,MAX(0,F45+J45-E45)) -> 0 | L45: =MAX(0,E45-F45-J45) -> 5896 | M45: =MAX(0,F45+J45-E45) -> 0 | N45: =IFERROR(SUMIFS($J$2:$J$217,$B$2:$B$217,B45,$C$2:$C$217,C45)/D45,0) -> 1 | P45: =SUMIFS($J$2:J44,$B$2:B44,B45,$C$2:C44,C45) -> 13773 | Q45: =MAX(0,D45-P45) -> 1227 | R45: =MAX(0,MIN(E45,F45+J45)) -> 1227
A46: B | B46: 123AB | C46: 46181 | D46: 15000 | E46: 5309 | F46: =K45 -> 0 | G46: 15000 | H46: =MAX(0,H47+E47-Q47) -> 0 | I46: =MAX(0,E46+H46-F46) -> 5309 | J46: =MIN(Q46,I46,MAX(0,E46+G46-F46)) -> 5309 | K46: =MIN(G46,MAX(0,F46+J46-E46)) -> 0 | L46: =MAX(0,E46-F46-J46) -> 0 | M46: =MAX(0,F46+J46-E46) -> 0 | N46: =IFERROR(SUMIFS($J$2:$J$217,$B$2:$B$217,B46,$C$2:$C$217,C46)/D46,0) -> 0.82446667 | P46: =SUMIFS($J$2:J45,$B$2:B45,B46,$C$2:C45,C46) -> 7058 | Q46: =MAX(0,D46-P46) -> 7942 | R46: =MAX(0,MIN(E46,F46+J46)) -> 5309
A47: B | B47: 123AB | C47: 46188 | D47: 15000 | E47: 5309 | F47: =K46 -> 0 | G47: 15000 | H47: =MAX(0,H48+E48-Q48) -> 0 | I47: =MAX(0,E47+H47-F47) -> 5309 | J47: =MIN(Q47,I47,MAX(0,E47+G47-F47)) -> 5309 | K47: =MIN(G47,MAX(0,F47+J47-E47)) -> 0 | L47: =MAX(0,E47-F47-J47) -> 0 | M47: =MAX(0,F47+J47-E47) -> 0 | N47: =IFERROR(SUMIFS($J$2:$J$217,$B$2:$B$217,B47,$C$2:$C$217,C47)/D47,0) -> 0.48993333 | P47: =SUMIFS($J$2:J46,$B$2:B46,B47,$C$2:C46,C47) -> 2040 | Q47: =MAX(0,D47-P47) -> 12960 | R47: =MAX(0,MIN(E47,F47+J47)) -> 5309
A48: B | B48: 123AB | C48: 46195 | D48: 15000 | E48: 3000 | F48: =K47 -> 0 | G48: 15000 | H48: =MAX(0,H49+E49-Q49) -> 81 | I48: =MAX(0,E48+H48-F48) -> 3081 | J48: =MIN(Q48,I48,MAX(0,E48+G48-F48)) -> 3081 | K48: =MIN(G48,MAX(0,F48+J48-E48)) -> 81 | L48: =MAX(0,E48-F48-J48) -> 0 | M48: =MAX(0,F48+J48-E48) -> 81 | N48: =IFERROR(SUMIFS($J$2:$J$217,$B$2:$B$217,B48,$C$2:$C$217,C48)/D48,0) -> 0.44146667 | P48: =SUMIFS($J$2:J47,$B$2:B47,B48,$C$2:C47,C48) -> 3541 | Q48: =MAX(0,D48-P48) -> 11459 | R48: =MAX(0,MIN(E48,F48+J48)) -> 3000
A49: B | B49: 123AB | C49: 46202 | D49: 15000 | E49: 3000 | F49: =K48 -> 81 | G49: 15000 | H49: =MAX(0,H50+E50-Q50) -> 40 | I49: =MAX(0,E49+H49-F49) -> 2959 | J49: =MIN(Q49,I49,MAX(0,E49+G49-F49)) -> 2959 | K49: =MIN(G49,MAX(0,F49+J49-E49)) -> 40 | L49: =MAX(0,E49-F49-J49) -> 0 | M49: =MAX(0,F49+J49-E49) -> 40 | N49: =IFERROR(SUMIFS($J$2:$J$217,$B$2:$B$217,B49,$C$2:$C$217,C49)/D49,0) -> 1 | P49: =SUMIFS($J$2:J48,$B$2:B48,B49,$C$2:C48,C49) -> 12041 | Q49: =MAX(0,D49-P49) -> 2959 | R49: =MAX(0,MIN(E49,F49+J49)) -> 3000
A50: B | B50: 123AB | C50: 46209 | D50: 15000 | E50: 3000 | F50: =K49 -> 40 | G50: 15000 | H50: =MAX(0,H51+E51-Q51) -> 0 | I50: =MAX(0,E50+H50-F50) -> 2960 | J50: =MIN(Q50,I50,MAX(0,E50+G50-F50)) -> 2960 | K50: =MIN(G50,MAX(0,F50+J50-E50)) -> 0 | L50: =MAX(0,E50-F50-J50) -> 0 | M50: =MAX(0,F50+J50-E50) -> 0 | N50: =IFERROR(SUMIFS($J$2:$J$217,$B$2:$B$217,B50,$C$2:$C$217,C50)/D50,0) -> 1 | P50: =SUMIFS($J$2:J49,$B$2:B49,B50,$C$2:C49,C50) -> 12040 | Q50: =MAX(0,D50-P50) -> 2960 | R50: =MAX(0,MIN(E50,F50+J50)) -> 3000
... A72: B | B72: 123AB | C72: 46363 | D72: 15000 | E72: 6250 | F72: =K71 -> 0 | G72: 15000 | H72: =MAX(0,H73+E73-Q73) -> 0 | I72: =MAX(0,E72+H72-F72) -> 6250 | J72: =MIN(Q72,I72,MAX(0,E72+G72-F72)) -> 6250 | K72: =MIN(G72,MAX(0,F72+J72-E72)) -> 0 | L72: =MAX(0,E72-F72-J72) -> 0 | M72: =MAX(0,F72+J72-E72) -> 0 | N72: =IFERROR(SUMIFS($J$2:$J$217,$B$2:$B$217,B72,$C$2:$C$217,C72)/D72,0) -> 0.97173333 | P72: =SUMIFS($J$2:J71,$B$2:B71,B72,$C$2:C71,C72) -> 8326 | Q72: =MAX(0,D72-P72) -> 6674 | R72: =MAX(0,MIN(E72,F72+J72)) -> 6250
A73: B | B73: 123AB | C73: 46370 | D73: 15000 | E73: 6250 | F73: =K72 -> 0 | G73: 15000 | H73: =0 -> 0 | I73: =MAX(0,E73+H73-F73) -> 6250 | J73: =MIN(Q73,I73,MAX(0,E73+G73-F73)) -> 6250 | K73: =MIN(G73,MAX(0,F73+J73-E73)) -> 0 | L73: =MAX(0,E73-F73-J73) -> 0 | M73: =MAX(0,F73+J73-E73) -> 0 | N73: =IFERROR(SUMIFS($J$2:$J$217,$B$2:$B$217,B73,$C$2:$C$217,C73)/D73,0) -> 0.97166667 | P73: =SUMIFS($J$2:J72,$B$2:B72,B73,$C$2:C72,C73) -> 8325 | Q73: =MAX(0,D73-P73) -> 6675 | R73: =MAX(0,MIN(E73,F73+J73)) -> 6250
A74: C | B74: 456CD | C74: 46125 | D74: 5000 | E74: 0 | F74: =0 -> 0 | G74: 5000 | H74: =MAX(0,H75+E75-Q75) -> 11175 | I74: =MAX(0,E74+H74-F74) -> 11175 | J74: =MIN(Q74,I74,MAX(0,E74+G74-F74)) -> 5000 | K74: =MIN(G74,MAX(0,F74+J74-E74)) -> 5000 | L74: =MAX(0,E74-F74-J74) -> 0 | M74: =MAX(0,F74+J74-E74) -> 5000 | N74: =IFERROR(SUMIFS($J$2:$J$217,$B$2:$B$217,B74,$C$2:$C$217,C74)/D74,0) -> 1 | O74: First week beginning FG fixed at 0 | P74: =SUMIFS($J$2:J73,$B$2:B73,B74,$C$2:C73,C74) -> 0 | Q74: =MAX(0,D74-P74) -> 5000 | R74: =MAX(0,MIN(E74,F74+J74)) -> 0
A75: C | B75: 456CD | C75: 46132 | D75: 5000 | E75: 0 | F75: =K74 -> 5000 | G75: 5000 | H75: =MAX(0,H76+E76-Q76) -> 16175 | I75: =MAX(0,E75+H75-F75) -> 11175 | J75: =MIN(Q75,I75,MAX(0,E75+G75-F75)) -> 0 | K75: =MIN(G75,MAX(0,F75+J75-E75)) -> 5000 | L75: =MAX(0,E75-F75-J75) -> 0 | M75: =MAX(0,F75+J75-E75) -> 5000 | N75: =IFERROR(SUMIFS($J$2:$J$217,$B$2:$B$217,B75,$C$2:$C$217,C75)/D75,0) -> 1 | P75: =SUMIFS($J$2:J74,$B$2:B74,B75,$C$2:C74,C75) -> 0 | Q75: =MAX(0,D75-P75) -> 5000 | R75: =MAX(0,MIN(E75,F75+J75)) -> 0
A76: C | B76: 456CD | C76: 46139 | D76: 5000 | E76: 0 | F76: =K75 -> 5000 | G76: 5000 | H76: =MAX(0,H77+E77-Q77) -> 21175 | I76: =MAX(0,E76+H76-F76) -> 16175 | J76: =MIN(Q76,I76,MAX(0,E76+G76-F76)) -> 0 | K76: =MIN(G76,MAX(0,F76+J76-E76)) -> 5000 | L76: =MAX(0,E76-F76-J76) -> 0 | M76: =MAX(0,F76+J76-E76) -> 5000 | N76: =IFERROR(SUMIFS($J$2:$J$217,$B$2:$B$217,B76,$C$2:$C$217,C76)/D76,0) -> 0 | P76: =SUMIFS($J$2:J75,$B$2:B75,B76,$C$2:C75,C76) -> 0 | Q76: =MAX(0,D76-P76) -> 5000 | R76: =MAX(0,MIN(E76,F76+J76)) -> 0
A77: C | B77: 456CD | C77: 46146 | D77: 5000 | E77: 4320 | F77: =K76 -> 5000 | G77: 5000 | H77: =MAX(0,H78+E78-Q78) -> 21855 | I77: =MAX(0,E77+H77-F77) -> 21175 | J77: =MIN(Q77,I77,MAX(0,E77+G77-F77)) -> 4320 | K77: =MIN(G77,MAX(0,F77+J77-E77)) -> 5000 | L77: =MAX(0,E77-F77-J77) -> 0 | M77: =MAX(0,F77+J77-E77) -> 5000 | N77: =IFERROR(SUMIFS($J$2:$J$217,$B$2:$B$217,B77,$C$2:$C$217,C77)/D77,0) -> 1 | P77: =SUMIFS($J$2:J76,$B$2:B76,B77,$C$2:C76,C77) -> 0 | Q77: =MAX(0,D77-P77) -> 5000 | R77: =MAX(0,MIN(E77,F77+J77)) -> 4320
A78: C | B78: 456CD | C78: 46153 | D78: 5000 | E78: 8370 | F78: =K77 -> 5000 | G78: 5000 | H78: =MAX(0,H79+E79-Q79) -> 18485 | I78: =MAX(0,E78+H78-F78) -> 21855 | J78: =MIN(Q78,I78,MAX(0,E78+G78-F78)) -> 5000 | K78: =MIN(G78,MAX(0,F78+J78-E78)) -> 1630 | L78: =MAX(0,E78-F78-J78) -> 0 | M78: =MAX(0,F78+J78-E78) -> 1630 | N78: =IFERROR(SUMIFS($J$2:$J$217,$B$2:$B$217,B78,$C$2:$C$217,C78)/D78,0) -> 1 | P78: =SUMIFS($J$2:J77,$B$2:B77,B78,$C$2:C77,C78) -> 0 | Q78: =MAX(0,D78-P78) -> 5000 | R78: =MAX(0,MIN(E78,F78+J78)) -> 8370
A79: C | B79: 456CD | C79: 46160 | D79: 5000 | E79: 11782 | F79: =K78 -> 1630 | G79: 5000 | H79: =MAX(0,H80+E80-Q80) -> 11703 | I79: =MAX(0,E79+H79-F79) -> 21855 | J79: =MIN(Q79,I79,MAX(0,E79+G79-F79)) -> 5000 | K79: =MIN(G79,MAX(0,F79+J79-E79)) -> 0 | L79: =MAX(0,E79-F79-J79) -> 5152 | M79: =MAX(0,F79+J79-E79) -> 0 | N79: =IFERROR(SUMIFS($J$2:$J$217,$B$2:$B$217,B79,$C$2:$C$217,C79)/D79,0) -> 1 | P79: =SUMIFS($J$2:J78,$B$2:B78,B79,$C$2:C78,C79) -> 0 | Q79: =MAX(0,D79-P79) -> 5000 | R79: =MAX(0,MIN(E79,F79+J79)) -> 6630
A80: C | B80: 456CD | C80: 46167 | D80: 5000 | E80: 10524 | F80: =K79 -> 0 | G80: 5000 | H80: =MAX(0,H81+E81-Q81) -> 6179 | I80: =MAX(0,E80+H80-F80) -> 16703 | J80: =MIN(Q80,I80,MAX(0,E80+G80-F80)) -> 5000 | K80: =MIN(G80,MAX(0,F80+J80-E80)) -> 0 | L80: =MAX(0,E80-F80-J80) -> 5524 | M80: =MAX(0,F80+J80-E80) -> 0 | N80: =IFERROR(SUMIFS($J$2:$J$217,$B$2:$B$217,B80,$C$2:$C$217,C80)/D80,0) -> 1 | P80: =SUMIFS($J$2:J79,$B$2:B79,B80,$C$2:C79,C80) -> 0 | Q80: =MAX(0,D80-P80) -> 5000 | R80: =MAX(0,MIN(E80,F80+J80)) -> 5000
A81: C | B81: 456CD | C81: 46174 | D81: 5000 | E81: 3240 | F81: =K80 -> 0 | G81: 5000 | H81: =MAX(0,H82+E82-Q82) -> 7939 | I81: =MAX(0,E81+H81-F81) -> 11179 | J81: =MIN(Q81,I81,MAX(0,E81+G81-F81)) -> 5000 | K81: =MIN(G81,MAX(0,F81+J81-E81)) -> 1760 | L81: =MAX(0,E81-F81-J81) -> 0 | M81: =MAX(0,F81+J81-E81) -> 1760 | N81: =IFERROR(SUMIFS($J$2:$J$217,$B$2:$B$217,B81,$C$2:$C$217,C81)/D81,0) -> 1 | P81: =SUMIFS($J$2:J80,$B$2:B80,B81,$C$2:C80,C81) -> 0 | Q81: =MAX(0,D81-P81) -> 5000 | R81: =MAX(0,MIN(E81,F81+J81)) -> 3240
A82: C | B82: 456CD | C82: 46181 | D82: 5000 | E82: 6442 | F82: =K81 -> 1760 | G82: 5000 | H82: =MAX(0,H83+E83-Q83) -> 6497 | I82: =MAX(0,E82+H82-F82) -> 11179 | J82: =MIN(Q82,I82,MAX(0,E82+G82-F82)) -> 5000 | K82: =MIN(G82,MAX(0,F82+J82-E82)) -> 318 | L82: =MAX(0,E82-F82-J82) -> 0 | M82: =MAX(0,F82+J82-E82) -> 318 | N82: =IFERROR(SUMIFS($J$2:$J$217,$B$2:$B$217,B82,$C$2:$C$217,C82)/D82,0) -> 1 | P82: =SUMIFS($J$2:J81,$B$2:B81,B82,$C$2:C81,C82) -> 0 | Q82: =MAX(0,D82-P82) -> 5000 | R82: =MAX(0,MIN(E82,F82+J82)) -> 6442
A83: C | B83: 456CD | C83: 46188 | D83: 5000 | E83: 8802 | F83: =K82 -> 318 | G83: 5000 | H83: =MAX(0,H84+E84-Q84) -> 2695 | I83: =MAX(0,E83+H83-F83) -> 11179 | J83: =MIN(Q83,I83,MAX(0,E83+G83-F83)) -> 5000 | K83: =MIN(G83,MAX(0,F83+J83-E83)) -> 0 | L83: =MAX(0,E83-F83-J83) -> 3484 | M83: =MAX(0,F83+J83-E83) -> 0 | N83: =IFERROR(SUMIFS($J$2:$J$217,$B$2:$B$217,B83,$C$2:$C$217,C83)/D83,0) -> 1 | P83: =SUMIFS($J$2:J82,$B$2:B82,B83,$C$2:C82,C83) -> 0 | Q83: =MAX(0,D83-P83) -> 5000 | R83: =MAX(0,MIN(E83,F83+J83)) -> 5318
A84: C | B84: 456CD | C84: 46195 | D84: 5000 | E84: 7695 | F84: =K83 -> 0 | G84: 5000 | H84: =MAX(0,H85+E85-Q85) -> 0 | I84: =MAX(0,E84+H84-F84) -> 7695 | J84: =MIN(Q84,I84,MAX(0,E84+G84-F84)) -> 5000 | K84: =MIN(G84,MAX(0,F84+J84-E84)) -> 0 | L84: =MAX(0,E84-F84-J84) -> 2695 | M84: =MAX(0,F84+J84-E84) -> 0 | N84: =IFERROR(SUMIFS($J$2:$J$217,$B$2:$B$217,B84,$C$2:$C$217,C84)/D84,0) -> 1 | P84: =SUMIFS($J$2:J83,$B$2:B83,B84,$C$2:C83,C84) -> 0 | Q84: =MAX(0,D84-P84) -> 5000 | R84: =MAX(0,MIN(E84,F84+J84)) -> 5000
A85: C | B85: 456CD | C85: 46202 | D85: 5000 | E85: 2500 | F85: =K84 -> 0 | G85: 5000 | H85: =MAX(0,H86+E86-Q86) -> 0 | I85: =MAX(0,E85+H85-F85) -> 2500 | J85: =MIN(Q85,I85,MAX(0,E85+G85-F85)) -> 2500 | K85: =MIN(G85,MAX(0,F85+J85-E85)) -> 0 | L85: =MAX(0,E85-F85-J85) -> 0 | M85: =MAX(0,F85+J85-E85) -> 0 | N85: =IFERROR(SUMIFS($J$2:$J$217,$B$2:$B$217,B85,$C$2:$C$217,C85)/D85,0) -> 0.6 | P85: =SUMIFS($J$2:J84,$B$2:B84,B85,$C$2:C84,C85) -> 0 | Q85: =MAX(0,D85-P85) -> 5000 | R85: =MAX(0,MIN(E85,F85+J85)) -> 2500
A86: C | B86: 456CD | C86: 46209 | D86: 5000 | E86: 2500 | F86: =K85 -> 0 | G86: 5000 | H86: =MAX(0,H87+E87-Q87) -> 0 | I86: =MAX(0,E86+H86-F86) -> 2500 | J86: =MIN(Q86,I86,MAX(0,E86+G86-F86)) -> 2500 | K86: =MIN(G86,MAX(0,F86+J86-E86)) -> 0 | L86: =MAX(0,E86-F86-J86) -> 0 | M86: =MAX(0,F86+J86-E86) -> 0 | N86: =IFERROR(SUMIFS($J$2:$J$217,$B$2:$B$217,B86,$C$2:$C$217,C86)/D86,0) -> 0.6 | P86: =SUMIFS($J$2:J85,$B$2:B85,B86,$C$2:C85,C86) -> 0 | Q86: =MAX(0,D86-P86) -> 5000 | R86: =MAX(0,MIN(E86,F86+J86)) -> 2500
... A108: C | B108: 456CD | C108: 46363 | D108: 5000 | E108: 3000 | F108: =K107 -> 0 | G108: 5000 | H108: =MAX(0,H109+E109-Q109) -> 0 | I108: =MAX(0,E108+H108-F108) -> 3000 | J108: =MIN(Q108,I108,MAX(0,E108+G108-F108)) -> 3000 | K108: =MIN(G108,MAX(0,F108+J108-E108)) -> 0 | L108: =MAX(0,E108-F108-J108) -> 0 | M108: =MAX(0,F108+J108-E108) -> 0 | N108: =IFERROR(SUMIFS($J$2:$J$217,$B$2:$B$217,B108,$C$2:$C$217,C108)/D108,0) -> 0.85 | P108: =SUMIFS($J$2:J107,$B$2:B107,B108,$C$2:C107,C108) -> 0 | Q108: =MAX(0,D108-P108) -> 5000 | R108: =MAX(0,MIN(E108,F108+J108)) -> 3000
A109: C | B109: 456CD | C109: 46370 | D109: 5000 | E109: 3000 | F109: =K108 -> 0 | G109: 5000 | H109: =0 -> 0 | I109: =MAX(0,E109+H109-F109) -> 3000 | J109: =MIN(Q109,I109,MAX(0,E109+G109-F109)) -> 3000 | K109: =MIN(G109,MAX(0,F109+J109-E109)) -> 0 | L109: =MAX(0,E109-F109-J109) -> 0 | M109: =MAX(0,F109+J109-E109) -> 0 | N109: =IFERROR(SUMIFS($J$2:$J$217,$B$2:$B$217,B109,$C$2:$C$217,C109)/D109,0) -> 0.85 | P109: =SUMIFS($J$2:J108,$B$2:B108,B109,$C$2:C108,C109) -> 0 | Q109: =MAX(0,D109-P109) -> 5000 | R109: =MAX(0,MIN(E109,F109+J109)) -> 3000
A110: D | B110: 456CD | C110: 46125 | D110: 5000 | E110: 0 | F110: =0 -> 0 | G110: 5000 | H110: =MAX(0,H111+E111-Q111) -> 23110 | I110: =MAX(0,E110+H110-F110) -> 23110 | J110: =MIN(Q110,I110,MAX(0,E110+G110-F110)) -> 0 | K110: =MIN(G110,MAX(0,F110+J110-E110)) -> 0 | L110: =MAX(0,E110-F110-J110) -> 0 | M110: =MAX(0,F110+J110-E110) -> 0 | N110: =IFERROR(SUMIFS($J$2:$J$217,$B$2:$B$217,B110,$C$2:$C$217,C110)/D110,0) -> 1 | O110: Lower-priority SKU uses remaining shared fixture capacity only | P110: =SUMIFS($J$2:J109,$B$2:B109,B110,$C$2:C109,C110) -> 5000 | Q110: =MAX(0,D110-P110) -> 0 | R110: =MAX(0,MIN(E110,F110+J110)) -> 0
A111: D | B111: 456CD | C111: 46132 | D111: 5000 | E111: 0 | F111: =K110 -> 0 | G111: 5000 | H111: =MAX(0,H112+E112-Q112) -> 28110 | I111: =MAX(0,E111+H111-F111) -> 28110 | J111: =MIN(Q111,I111,MAX(0,E111+G111-F111)) -> 5000 | K111: =MIN(G111,MAX(0,F111+J111-E111)) -> 5000 | L111: =MAX(0,E111-F111-J111) -> 0 | M111: =MAX(0,F111+J111-E111) -> 5000 | N111: =IFERROR(SUMIFS($J$2:$J$217,$B$2:$B$217,B111,$C$2:$C$217,C111)/D111,0) -> 1 | P111: =SUMIFS($J$2:J110,$B$2:B110,B111,$C$2:C110,C111) -> 0 | Q111: =MAX(0,D111-P111) -> 5000 | R111: =MAX(0,MIN(E111,F111+J111)) -> 0
A112: D | B112: 456CD | C112: 46139 | D112: 5000 | E112: 0 | F112: =K111 -> 5000 | G112: 5000 | H112: =MAX(0,H113+E113-Q113) -> 33110 | I112: =MAX(0,E112+H112-F112) -> 28110 | J112: =MIN(Q112,I112,MAX(0,E112+G112-F112)) -> 0 | K112: =MIN(G112,MAX(0,F112+J112-E112)) -> 5000 | L112: =MAX(0,E112-F112-J112) -> 0 | M112: =MAX(0,F112+J112-E112) -> 5000 | N112: =IFERROR(SUMIFS($J$2:$J$217,$B$2:$B$217,B112,$C$2:$C$217,C112)/D112,0) -> 0 | P112: =SUMIFS($J$2:J111,$B$2:B111,B112,$C$2:C111,C112) -> 0 | Q112: =MAX(0,D112-P112) -> 5000 | R112: =MAX(0,MIN(E112,F112+J112)) -> 0
A113: D | B113: 456CD | C113: 46146 | D113: 5000 | E113: 2430 | F113: =K112 -> 5000 | G113: 5000 | H113: =MAX(0,H114+E114-Q114) -> 31360 | I113: =MAX(0,E113+H113-F113) -> 28790 | J113: =MIN(Q113,I113,MAX(0,E113+G113-F113)) -> 680 | K113: =MIN(G113,MAX(0,F113+J113-E113)) -> 3250 | L113: =MAX(0,E113-F113-J113) -> 0 | M113: =MAX(0,F113+J113-E113) -> 3250 | N113: =IFERROR(SUMIFS($J$2:$J$217,$B$2:$B$217,B113,$C$2:$C$217,C113)/D113,0) -> 1 | P113: =SUMIFS($J$2:J112,$B$2:B112,B113,$C$2:C112,C113) -> 4320 | Q113: =MAX(0,D113-P113) -> 680 | R113: =MAX(0,MIN(E113,F113+J113)) -> 2430
A114: D | B114: 456CD | C114: 46153 | D114: 5000 | E114: 9990 | F114: =K113 -> 3250 | G114: 5000 | H114: =MAX(0,H115+E115-Q115) -> 21370 | I114: =MAX(0,E114+H114-F114) -> 28110 | J114: =MIN(Q114,I114,MAX(0,E114+G114-F114)) -> 0 | K114: =MIN(G114,MAX(0,F114+J114-E114)) -> 0 | L114: =MAX(0,E114-F114-J114) -> 6740 | M114: =MAX(0,F114+J114-E114) -> 0 | N114: =IFERROR(SUMIFS($J$2:$J$217,$B$2:$B$217,B114,$C$2:$C$217,C114)/D114,0) -> 1 | P114: =SUMIFS($J$2:J113,$B$2:B113,B114,$C$2:C113,C114) -> 5000 | Q114: =MAX(0,D114-P114) -> 0 | R114: =MAX(0,MIN(E114,F114+J114)) -> 3250
A115: D | B115: 456CD | C115: 46160 | D115: 5000 | E115: 5840 | F115: =K114 -> 0 | G115: 5000 | H115: =MAX(0,H116+E116-Q116) -> 15530 | I115: =MAX(0,E115+H115-F115) -> 21370 | J115: =MIN(Q115,I115,MAX(0,E115+G115-F115)) -> 0 | K115: =MIN(G115,MAX(0,F115+J115-E115)) -> 0 | L115: =MAX(0,E115-F115-J115) -> 5840 | M115: =MAX(0,F115+J115-E115) -> 0 | N115: =IFERROR(SUMIFS($J$2:$J$217,$B$2:$B$217,B115,$C$2:$C$217,C115)/D115,0) -> 1 | P115: =SUMIFS($J$2:J114,$B$2:B114,B115,$C$2:C114,C115) -> 5000 | Q115: =MAX(0,D115-P115) -> 0 | R115: =MAX(0,MIN(E115,F115+J115)) -> 0
A116: D | B116: 456CD | C116: 46167 | D116: 5000 | E116: 8100 | F116: =K115 -> 0 | G116: 5000 | H116: =MAX(0,H117+E117-Q117) -> 7430 | I116: =MAX(0,E116+H116-F116) -> 15530 | J116: =MIN(Q116,I116,MAX(0,E116+G116-F116)) -> 0 | K116: =MIN(G116,MAX(0,F116+J116-E116)) -> 0 | L116: =MAX(0,E116-F116-J116) -> 8100 | M116: =MAX(0,F116+J116-E116) -> 0 | N116: =IFERROR(SUMIFS($J$2:$J$217,$B$2:$B$217,B116,$C$2:$C$217,C116)/D116,0) -> 1 | P116: =SUMIFS($J$2:J115,$B$2:B115,B116,$C$2:C115,C116) -> 5000 | Q116: =MAX(0,D116-P116) -> 0 | R116: =MAX(0,MIN(E116,F116+J116)) -> 0
A117: D | B117: 456CD | C117: 46174 | D117: 5000 | E117: 1001 | F117: =K116 -> 0 | G117: 5000 | H117: =MAX(0,H118+E118-Q118) -> 6429 | I117: =MAX(0,E117+H117-F117) -> 7430 | J117: =MIN(Q117,I117,MAX(0,E117+G117-F117)) -> 0 | K117: =MIN(G117,MAX(0,F117+J117-E117)) -> 0 | L117: =MAX(0,E117-F117-J117) -> 1001 | M117: =MAX(0,F117+J117-E117) -> 0 | N117: =IFERROR(SUMIFS($J$2:$J$217,$B$2:$B$217,B117,$C$2:$C$217,C117)/D117,0) -> 1 | P117: =SUMIFS($J$2:J116,$B$2:B116,B117,$C$2:C116,C117) -> 5000 | Q117: =MAX(0,D117-P117) -> 0 | R117: =MAX(0,MIN(E117,F117+J117)) -> 0
A118: D | B118: 456CD | C118: 46181 | D118: 5000 | E118: 2471 | F118: =K117 -> 0 | G118: 5000 | H118: =MAX(0,H119+E119-Q119) -> 3958 | I118: =MAX(0,E118+H118-F118) -> 6429 | J118: =MIN(Q118,I118,MAX(0,E118+G118-F118)) -> 0 | K118: =MIN(G118,MAX(0,F118+J118-E118)) -> 0 | L118: =MAX(0,E118-F118-J118) -> 2471 | M118: =MAX(0,F118+J118-E118) -> 0 | N118: =IFERROR(SUMIFS($J$2:$J$217,$B$2:$B$217,B118,$C$2:$C$217,C118)/D118,0) -> 1 | P118: =SUMIFS($J$2:J117,$B$2:B117,B118,$C$2:C117,C118) -> 5000 | Q118: =MAX(0,D118-P118) -> 0 | R118: =MAX(0,MIN(E118,F118+J118)) -> 0
A119: D | B119: 456CD | C119: 46188 | D119: 5000 | E119: 3458 | F119: =K118 -> 0 | G119: 5000 | H119: =MAX(0,H120+E120-Q120) -> 500 | I119: =MAX(0,E119+H119-F119) -> 3958 | J119: =MIN(Q119,I119,MAX(0,E119+G119-F119)) -> 0 | K119: =MIN(G119,MAX(0,F119+J119-E119)) -> 0 | L119: =MAX(0,E119-F119-J119) -> 3458 | M119: =MAX(0,F119+J119-E119) -> 0 | N119: =IFERROR(SUMIFS($J$2:$J$217,$B$2:$B$217,B119,$C$2:$C$217,C119)/D119,0) -> 1 | P119: =SUMIFS($J$2:J118,$B$2:B118,B119,$C$2:C118,C119) -> 5000 | Q119: =MAX(0,D119-P119) -> 0 | R119: =MAX(0,MIN(E119,F119+J119)) -> 0
A120: D | B120: 456CD | C120: 46195 | D120: 5000 | E120: 500 | F120: =K119 -> 0 | G120: 5000 | H120: =MAX(0,H121+E121-Q121) -> 0 | I120: =MAX(0,E120+H120-F120) -> 500 | J120: =MIN(Q120,I120,MAX(0,E120+G120-F120)) -> 0 | K120: =MIN(G120,MAX(0,F120+J120-E120)) -> 0 | L120: =MAX(0,E120-F120-J120) -> 500 | M120: =MAX(0,F120+J120-E120) -> 0 | N120: =IFERROR(SUMIFS($J$2:$J$217,$B$2:$B$217,B120,$C$2:$C$217,C120)/D120,0) -> 1 | P120: =SUMIFS($J$2:J119,$B$2:B119,B120,$C$2:C119,C120) -> 5000 | Q120: =MAX(0,D120-P120) -> 0 | R120: =MAX(0,MIN(E120,F120+J120)) -> 0
A121: D | B121: 456CD | C121: 46202 | D121: 5000 | E121: 500 | F121: =K120 -> 0 | G121: 5000 | H121: =MAX(0,H122+E122-Q122) -> 0 | I121: =MAX(0,E121+H121-F121) -> 500 | J121: =MIN(Q121,I121,MAX(0,E121+G121-F121)) -> 500 | K121: =MIN(G121,MAX(0,F121+J121-E121)) -> 0 | L121: =MAX(0,E121-F121-J121) -> 0 | M121: =MAX(0,F121+J121-E121) -> 0 | N121: =IFERROR(SUMIFS($J$2:$J$217,$B$2:$B$217,B121,$C$2:$C$217,C121)/D121,0) -> 0.6 | P121: =SUMIFS($J$2:J120,$B$2:B120,B121,$C$2:C120,C121) -> 2500 | Q121: =MAX(0,D121-P121) -> 2500 | R121: =MAX(0,MIN(E121,F121+J121)) -> 500
A122: D | B122: 456CD | C122: 46209 | D122: 5000 | E122: 500 | F122: =K121 -> 0 | G122: 5000 | H122: =MAX(0,H123+E123-Q123) -> 0 | I122: =MAX(0,E122+H122-F122) -> 500 | J122: =MIN(Q122,I122,MAX(0,E122+G122-F122)) -> 500 | K122: =MIN(G122,MAX(0,F122+J122-E122)) -> 0 | L122: =MAX(0,E122-F122-J122) -> 0 | M122: =MAX(0,F122+J122-E122) -> 0 | N122: =IFERROR(SUMIFS($J$2:$J$217,$B$2:$B$217,B122,$C$2:$C$217,C122)/D122,0) -> 0.6 | P122: =SUMIFS($J$2:J121,$B$2:B121,B122,$C$2:C121,C122) -> 2500 | Q122: =MAX(0,D122-P122) -> 2500 | R122: =MAX(0,MIN(E122,F122+J122)) -> 500
... A144: D | B144: 456CD | C144: 46363 | D144: 5000 | E144: 1250 | F144: =K143 -> 0 | G144: 5000 | H144: =MAX(0,H145+E145-Q145) -> 0 | I144: =MAX(0,E144+H144-F144) -> 1250 | J144: =MIN(Q144,I144,MAX(0,E144+G144-F144)) -> 1250 | K144: =MIN(G144,MAX(0,F144+J144-E144)) -> 0 | L144: =MAX(0,E144-F144-J144) -> 0 | M144: =MAX(0,F144+J144-E144) -> 0 | N144: =IFERROR(SUMIFS($J$2:$J$217,$B$2:$B$217,B144,$C$2:$C$217,C144)/D144,0) -> 0.85 | P144: =SUMIFS($J$2:J143,$B$2:B143,B144,$C$2:C143,C144) -> 3000 | Q144: =MAX(0,D144-P144) -> 2000 | R144: =MAX(0,MIN(E144,F144+J144)) -> 1250
A145: D | B145: 456CD | C145: 46370 | D145: 5000 | E145: 1250 | F145: =K144 -> 0 | G145: 5000 | H145: =0 -> 0 | I145: =MAX(0,E145+H145-F145) -> 1250 | J145: =MIN(Q145,I145,MAX(0,E145+G145-F145)) -> 1250 | K145: =MIN(G145,MAX(0,F145+J145-E145)) -> 0 | L145: =MAX(0,E145-F145-J145) -> 0 | M145: =MAX(0,F145+J145-E145) -> 0 | N145: =IFERROR(SUMIFS($J$2:$J$217,$B$2:$B$217,B145,$C$2:$C$217,C145)/D145,0) -> 0.85 | P145: =SUMIFS($J$2:J144,$B$2:B144,B145,$C$2:C144,C145) -> 3000 | Q145: =MAX(0,D145-P145) -> 2000 | R145: =MAX(0,MIN(E145,F145+J145)) -> 1250
A146: E | B146: 789EF | C146: 46125 | D146: 3000 | E146: 0 | F146: =0 -> 0 | G146: 3000 | H146: =MAX(0,H147+E147-Q147) -> 0 | I146: =MAX(0,E146+H146-F146) -> 0 | J146: =MIN(Q146,I146,MAX(0,E146+G146-F146)) -> 0 | K146: =MIN(G146,MAX(0,F146+J146-E146)) -> 0 | L146: =MAX(0,E146-F146-J146) -> 0 | M146: =MAX(0,F146+J146-E146) -> 0 | N146: =IFERROR(SUMIFS($J$2:$J$217,$B$2:$B$217,B146,$C$2:$C$217,C146)/D146,0) -> 1 | O146: First week beginning FG fixed at 0 | P146: =SUMIFS($J$2:J145,$B$2:B145,B146,$C$2:C145,C146) -> 0 | Q146: =MAX(0,D146-P146) -> 3000 | R146: =MAX(0,MIN(E146,F146+J146)) -> 0
A147: E | B147: 789EF | C147: 46132 | D147: 3000 | E147: 0 | F147: =K146 -> 0 | G147: 3000 | H147: =MAX(0,H148+E148-Q148) -> 0 | I147: =MAX(0,E147+H147-F147) -> 0 | J147: =MIN(Q147,I147,MAX(0,E147+G147-F147)) -> 0 | K147: =MIN(G147,MAX(0,F147+J147-E147)) -> 0 | L147: =MAX(0,E147-F147-J147) -> 0 | M147: =MAX(0,F147+J147-E147) -> 0 | N147: =IFERROR(SUMIFS($J$2:$J$217,$B$2:$B$217,B147,$C$2:$C$217,C147)/D147,0) -> 0.196 | P147: =SUMIFS($J$2:J146,$B$2:B146,B147,$C$2:C146,C147) -> 0 | Q147: =MAX(0,D147-P147) -> 3000 | R147: =MAX(0,MIN(E147,F147+J147)) -> 0
A148: E | B148: 789EF | C148: 46139 | D148: 3000 | E148: 472 | F148: =K147 -> 0 | G148: 3000 | H148: =MAX(0,H149+E149-Q149) -> 0 | I148: =MAX(0,E148+H148-F148) -> 472 | J148: =MIN(Q148,I148,MAX(0,E148+G148-F148)) -> 472 | K148: =MIN(G148,MAX(0,F148+J148-E148)) -> 0 | L148: =MAX(0,E148-F148-J148) -> 0 | M148: =MAX(0,F148+J148-E148) -> 0 | N148: =IFERROR(SUMIFS($J$2:$J$217,$B$2:$B$217,B148,$C$2:$C$217,C148)/D148,0) -> 1 | P148: =SUMIFS($J$2:J147,$B$2:B147,B148,$C$2:C147,C148) -> 0 | Q148: =MAX(0,D148-P148) -> 3000 | R148: =MAX(0,MIN(E148,F148+J148)) -> 472
A149: E | B149: 789EF | C149: 46146 | D149: 3000 | E149: 300 | F149: =K148 -> 0 | G149: 3000 | H149: =MAX(0,H150+E150-Q150) -> 0 | I149: =MAX(0,E149+H149-F149) -> 300 | J149: =MIN(Q149,I149,MAX(0,E149+G149-F149)) -> 300 | K149: =MIN(G149,MAX(0,F149+J149-E149)) -> 0 | L149: =MAX(0,E149-F149-J149) -> 0 | M149: =MAX(0,F149+J149-E149) -> 0 | N149: =IFERROR(SUMIFS($J$2:$J$217,$B$2:$B$217,B149,$C$2:$C$217,C149)/D149,0) -> 1 | P149: =SUMIFS($J$2:J148,$B$2:B148,B149,$C$2:C148,C149) -> 0 | Q149: =MAX(0,D149-P149) -> 3000 | R149: =MAX(0,MIN(E149,F149+J149)) -> 300
A150: E | B150: 789EF | C150: 46153 | D150: 3000 | E150: 698 | F150: =K149 -> 0 | G150: 3000 | H150: =MAX(0,H151+E151-Q151) -> 0 | I150: =MAX(0,E150+H150-F150) -> 698 | J150: =MIN(Q150,I150,MAX(0,E150+G150-F150)) -> 698 | K150: =MIN(G150,MAX(0,F150+J150-E150)) -> 0 | L150: =MAX(0,E150-F150-J150) -> 0 | M150: =MAX(0,F150+J150-E150) -> 0 | N150: =IFERROR(SUMIFS($J$2:$J$217,$B$2:$B$217,B150,$C$2:$C$217,C150)/D150,0) -> 1 | P150: =SUMIFS($J$2:J149,$B$2:B149,B150,$C$2:C149,C150) -> 0 | Q150: =MAX(0,D150-P150) -> 3000 | R150: =MAX(0,MIN(E150,F150+J150)) -> 698
A151: E | B151: 789EF | C151: 46160 | D151: 3000 | E151: 0 | F151: =K150 -> 0 | G151: 3000 | H151: =MAX(0,H152+E152-Q152) -> 0 | I151: =MAX(0,E151+H151-F151) -> 0 | J151: =MIN(Q151,I151,MAX(0,E151+G151-F151)) -> 0 | K151: =MIN(G151,MAX(0,F151+J151-E151)) -> 0 | L151: =MAX(0,E151-F151-J151) -> 0 | M151: =MAX(0,F151+J151-E151) -> 0 | N151: =IFERROR(SUMIFS($J$2:$J$217,$B$2:$B$217,B151,$C$2:$C$217,C151)/D151,0) -> 1 | P151: =SUMIFS($J$2:J150,$B$2:B150,B151,$C$2:C150,C151) -> 0 | Q151: =MAX(0,D151-P151) -> 3000 | R151: =MAX(0,MIN(E151,F151+J151)) -> 0
A152: E | B152: 789EF | C152: 46167 | D152: 3000 | E152: 300 | F152: =K151 -> 0 | G152: 3000 | H152: =MAX(0,H153+E153-Q153) -> 0 | I152: =MAX(0,E152+H152-F152) -> 300 | J152: =MIN(Q152,I152,MAX(0,E152+G152-F152)) -> 300 | K152: =MIN(G152,MAX(0,F152+J152-E152)) -> 0 | L152: =MAX(0,E152-F152-J152) -> 0 | M152: =MAX(0,F152+J152-E152) -> 0 | N152: =IFERROR(SUMIFS($J$2:$J$217,$B$2:$B$217,B152,$C$2:$C$217,C152)/D152,0) -> 1 | P152: =SUMIFS($J$2:J151,$B$2:B151,B152,$C$2:C151,C152) -> 0 | Q152: =MAX(0,D152-P152) -> 3000 | R152: =MAX(0,MIN(E152,F152+J152)) -> 300
A153: E | B153: 789EF | C153: 46174 | D153: 3000 | E153: 0 | F153: =K152 -> 0 | G153: 3000 | H153: =MAX(0,H154+E154-Q154) -> 0 | I153: =MAX(0,E153+H153-F153) -> 0 | J153: =MIN(Q153,I153,MAX(0,E153+G153-F153)) -> 0 | K153: =MIN(G153,MAX(0,F153+J153-E153)) -> 0 | L153: =MAX(0,E153-F153-J153) -> 0 | M153: =MAX(0,F153+J153-E153) -> 0 | N153: =IFERROR(SUMIFS($J$2:$J$217,$B$2:$B$217,B153,$C$2:$C$217,C153)/D153,0) -> 1 | P153: =SUMIFS($J$2:J152,$B$2:B152,B153,$C$2:C152,C153) -> 0 | Q153: =MAX(0,D153-P153) -> 3000 | R153: =MAX(0,MIN(E153,F153+J153)) -> 0
A154: E | B154: 789EF | C154: 46181 | D154: 3000 | E154: 0 | F154: =K153 -> 0 | G154: 3000 | H154: =MAX(0,H155+E155-Q155) -> 0 | I154: =MAX(0,E154+H154-F154) -> 0 | J154: =MIN(Q154,I154,MAX(0,E154+G154-F154)) -> 0 | K154: =MIN(G154,MAX(0,F154+J154-E154)) -> 0 | L154: =MAX(0,E154-F154-J154) -> 0 | M154: =MAX(0,F154+J154-E154) -> 0 | N154: =IFERROR(SUMIFS($J$2:$J$217,$B$2:$B$217,B154,$C$2:$C$217,C154)/D154,0) -> 1 | P154: =SUMIFS($J$2:J153,$B$2:B153,B154,$C$2:C153,C154) -> 0 | Q154: =MAX(0,D154-P154) -> 3000 | R154: =MAX(0,MIN(E154,F154+J154)) -> 0
A155: E | B155: 789EF | C155: 46188 | D155: 3000 | E155: 300 | F155: =K154 -> 0 | G155: 3000 | H155: =MAX(0,H156+E156-Q156) -> 0 | I155: =MAX(0,E155+H155-F155) -> 300 | J155: =MIN(Q155,I155,MAX(0,E155+G155-F155)) -> 300 | K155: =MIN(G155,MAX(0,F155+J155-E155)) -> 0 | L155: =MAX(0,E155-F155-J155) -> 0 | M155: =MAX(0,F155+J155-E155) -> 0 | N155: =IFERROR(SUMIFS($J$2:$J$217,$B$2:$B$217,B155,$C$2:$C$217,C155)/D155,0) -> 1 | P155: =SUMIFS($J$2:J154,$B$2:B154,B155,$C$2:C154,C155) -> 0 | Q155: =MAX(0,D155-P155) -> 3000 | R155: =MAX(0,MIN(E155,F155+J155)) -> 300
A156: E | B156: 789EF | C156: 46195 | D156: 3000 | E156: 0 | F156: =K155 -> 0 | G156: 3000 | H156: =MAX(0,H157+E157-Q157) -> 0 | I156: =MAX(0,E156+H156-F156) -> 0 | J156: =MIN(Q156,I156,MAX(0,E156+G156-F156)) -> 0 | K156: =MIN(G156,MAX(0,F156+J156-E156)) -> 0 | L156: =MAX(0,E156-F156-J156) -> 0 | M156: =MAX(0,F156+J156-E156) -> 0 | N156: =IFERROR(SUMIFS($J$2:$J$217,$B$2:$B$217,B156,$C$2:$C$217,C156)/D156,0) -> 1 | P156: =SUMIFS($J$2:J155,$B$2:B155,B156,$C$2:C155,C156) -> 0 | Q156: =MAX(0,D156-P156) -> 3000 | R156: =MAX(0,MIN(E156,F156+J156)) -> 0
A157: E | B157: 789EF | C157: 46202 | D157: 3000 | E157: 700 | F157: =K156 -> 0 | G157: 3000 | H157: =MAX(0,H158+E158-Q158) -> 0 | I157: =MAX(0,E157+H157-F157) -> 700 | J157: =MIN(Q157,I157,MAX(0,E157+G157-F157)) -> 700 | K157: =MIN(G157,MAX(0,F157+J157-E157)) -> 0 | L157: =MAX(0,E157-F157-J157) -> 0 | M157: =MAX(0,F157+J157-E157) -> 0 | N157: =IFERROR(SUMIFS($J$2:$J$217,$B$2:$B$217,B157,$C$2:$C$217,C157)/D157,0) -> 1 | P157: =SUMIFS($J$2:J156,$B$2:B156,B157,$C$2:C156,C157) -> 0 | Q157: =MAX(0,D157-P157) -> 3000 | R157: =MAX(0,MIN(E157,F157+J157)) -> 700
A158: E | B158: 789EF | C158: 46209 | D158: 3000 | E158: 300 | F158: =K157 -> 0 | G158: 3000 | H158: =MAX(0,H159+E159-Q159) -> 0 | I158: =MAX(0,E158+H158-F158) -> 300 | J158: =MIN(Q158,I158,MAX(0,E158+G158-F158)) -> 300 | K158: =MIN(G158,MAX(0,F158+J158-E158)) -> 0 | L158: =MAX(0,E158-F158-J158) -> 0 | M158: =MAX(0,F158+J158-E158) -> 0 | N158: =IFERROR(SUMIFS($J$2:$J$217,$B$2:$B$217,B158,$C$2:$C$217,C158)/D158,0) -> 1 | P158: =SUMIFS($J$2:J157,$B$2:B157,B158,$C$2:C157,C158) -> 0 | Q158: =MAX(0,D158-P158) -> 3000 | R158: =MAX(0,MIN(E158,F158+J158)) -> 300
... A180: E | B180: 789EF | C180: 46363 | D180: 3000 | E180: 0 | F180: =K179 -> 0 | G180: 3000 | H180: =MAX(0,H181+E181-Q181) -> 0 | I180: =MAX(0,E180+H180-F180) -> 0 | J180: =MIN(Q180,I180,MAX(0,E180+G180-F180)) -> 0 | K180: =MIN(G180,MAX(0,F180+J180-E180)) -> 0 | L180: =MAX(0,E180-F180-J180) -> 0 | M180: =MAX(0,F180+J180-E180) -> 0 | N180: =IFERROR(SUMIFS($J$2:$J$217,$B$2:$B$217,B180,$C$2:$C$217,C180)/D180,0) -> 0.64333333 | P180: =SUMIFS($J$2:J179,$B$2:B179,B180,$C$2:C179,C180) -> 0 | Q180: =MAX(0,D180-P180) -> 3000 | R180: =MAX(0,MIN(E180,F180+J180)) -> 0
A181: E | B181: 789EF | C181: 46370 | D181: 3000 | E181: 0 | F181: =K180 -> 0 | G181: 3000 | H181: =0 -> 0 | I181: =MAX(0,E181+H181-F181) -> 0 | J181: =MIN(Q181,I181,MAX(0,E181+G181-F181)) -> 0 | K181: =MIN(G181,MAX(0,F181+J181-E181)) -> 0 | L181: =MAX(0,E181-F181-J181) -> 0 | M181: =MAX(0,F181+J181-E181) -> 0 | N181: =IFERROR(SUMIFS($J$2:$J$217,$B$2:$B$217,B181,$C$2:$C$217,C181)/D181,0) -> 0.64266667 | P181: =SUMIFS($J$2:J180,$B$2:B180,B181,$C$2:C180,C181) -> 0 | Q181: =MAX(0,D181-P181) -> 3000 | R181: =MAX(0,MIN(E181,F181+J181)) -> 0
A182: F | B182: 789EF | C182: 46125 | D182: 3000 | E182: 0 | F182: =0 -> 0 | G182: 3000 | H182: =MAX(0,H183+E183-Q183) -> 17234 | I182: =MAX(0,E182+H182-F182) -> 17234 | J182: =MIN(Q182,I182,MAX(0,E182+G182-F182)) -> 3000 | K182: =MIN(G182,MAX(0,F182+J182-E182)) -> 3000 | L182: =MAX(0,E182-F182-J182) -> 0 | M182: =MAX(0,F182+J182-E182) -> 3000 | N182: =IFERROR(SUMIFS($J$2:$J$217,$B$2:$B$217,B182,$C$2:$C$217,C182)/D182,0) -> 1 | O182: Lower-priority SKU uses remaining shared fixture capacity only | P182: =SUMIFS($J$2:J181,$B$2:B181,B182,$C$2:C181,C182) -> 0 | Q182: =MAX(0,D182-P182) -> 3000 | R182: =MAX(0,MIN(E182,F182+J182)) -> 0
A183: F | B183: 789EF | C183: 46132 | D183: 3000 | E183: 588 | F183: =K182 -> 3000 | G183: 3000 | H183: =MAX(0,H184+E184-Q184) -> 19646 | I183: =MAX(0,E183+H183-F183) -> 17234 | J183: =MIN(Q183,I183,MAX(0,E183+G183-F183)) -> 588 | K183: =MIN(G183,MAX(0,F183+J183-E183)) -> 3000 | L183: =MAX(0,E183-F183-J183) -> 0 | M183: =MAX(0,F183+J183-E183) -> 3000 | N183: =IFERROR(SUMIFS($J$2:$J$217,$B$2:$B$217,B183,$C$2:$C$217,C183)/D183,0) -> 0.196 | P183: =SUMIFS($J$2:J182,$B$2:B182,B183,$C$2:C182,C183) -> 0 | Q183: =MAX(0,D183-P183) -> 3000 | R183: =MAX(0,MIN(E183,F183+J183)) -> 588
A184: F | B184: 789EF | C184: 46139 | D184: 3000 | E184: 4028 | F184: =K183 -> 3000 | G184: 3000 | H184: =MAX(0,H185+E185-Q185) -> 18146 | I184: =MAX(0,E184+H184-F184) -> 19174 | J184: =MIN(Q184,I184,MAX(0,E184+G184-F184)) -> 2528 | K184: =MIN(G184,MAX(0,F184+J184-E184)) -> 1500 | L184: =MAX(0,E184-F184-J184) -> 0 | M184: =MAX(0,F184+J184-E184) -> 1500 | N184: =IFERROR(SUMIFS($J$2:$J$217,$B$2:$B$217,B184,$C$2:$C$217,C184)/D184,0) -> 1 | P184: =SUMIFS($J$2:J183,$B$2:B183,B184,$C$2:C183,C184) -> 472 | Q184: =MAX(0,D184-P184) -> 2528 | R184: =MAX(0,MIN(E184,F184+J184)) -> 4028
A185: F | B185: 789EF | C185: 46146 | D185: 3000 | E185: 4200 | F185: =K184 -> 1500 | G185: 3000 | H185: =MAX(0,H186+E186-Q186) -> 16646 | I185: =MAX(0,E185+H185-F185) -> 19346 | J185: =MIN(Q185,I185,MAX(0,E185+G185-F185)) -> 2700 | K185: =MIN(G185,MAX(0,F185+J185-E185)) -> 0 | L185: =MAX(0,E185-F185-J185) -> 0 | M185: =MAX(0,F185+J185-E185) -> 0 | N185: =IFERROR(SUMIFS($J$2:$J$217,$B$2:$B$217,B185,$C$2:$C$217,C185)/D185,0) -> 1 | P185: =SUMIFS($J$2:J184,$B$2:B184,B185,$C$2:C184,C185) -> 300 | Q185: =MAX(0,D185-P185) -> 2700 | R185: =MAX(0,MIN(E185,F185+J185)) -> 4200
A186: F | B186: 789EF | C186: 46153 | D186: 3000 | E186: 3802 | F186: =K185 -> 0 | G186: 3000 | H186: =MAX(0,H187+E187-Q187) -> 15146 | I186: =MAX(0,E186+H186-F186) -> 18948 | J186: =MIN(Q186,I186,MAX(0,E186+G186-F186)) -> 2302 | K186: =MIN(G186,MAX(0,F186+J186-E186)) -> 0 | L186: =MAX(0,E186-F186-J186) -> 1500 | M186: =MAX(0,F186+J186-E186) -> 0 | N186: =IFERROR(SUMIFS($J$2:$J$217,$B$2:$B$217,B186,$C$2:$C$217,C186)/D186,0) -> 1 | P186: =SUMIFS($J$2:J185,$B$2:B185,B186,$C$2:C185,C186) -> 698 | Q186: =MAX(0,D186-P186) -> 2302 | R186: =MAX(0,MIN(E186,F186+J186)) -> 2302
A187: F | B187: 789EF | C187: 46160 | D187: 3000 | E187: 4500 | F187: =K186 -> 0 | G187: 3000 | H187: =MAX(0,H188+E188-Q188) -> 13646 | I187: =MAX(0,E187+H187-F187) -> 18146 | J187: =MIN(Q187,I187,MAX(0,E187+G187-F187)) -> 3000 | K187: =MIN(G187,MAX(0,F187+J187-E187)) -> 0 | L187: =MAX(0,E187-F187-J187) -> 1500 | M187: =MAX(0,F187+J187-E187) -> 0 | N187: =IFERROR(SUMIFS($J$2:$J$217,$B$2:$B$217,B187,$C$2:$C$217,C187)/D187,0) -> 1 | P187: =SUMIFS($J$2:J186,$B$2:B186,B187,$C$2:C186,C187) -> 0 | Q187: =MAX(0,D187-P187) -> 3000 | R187: =MAX(0,MIN(E187,F187+J187)) -> 3000
A188: F | B188: 789EF | C188: 46167 | D188: 3000 | E188: 4200 | F188: =K187 -> 0 | G188: 3000 | H188: =MAX(0,H189+E189-Q189) -> 12146 | I188: =MAX(0,E188+H188-F188) -> 16346 | J188: =MIN(Q188,I188,MAX(0,E188+G188-F188)) -> 2700 | K188: =MIN(G188,MAX(0,F188+J188-E188)) -> 0 | L188: =MAX(0,E188-F188-J188) -> 1500 | M188: =MAX(0,F188+J188-E188) -> 0 | N188: =IFERROR(SUMIFS($J$2:$J$217,$B$2:$B$217,B188,$C$2:$C$217,C188)/D188,0) -> 1 | P188: =SUMIFS($J$2:J187,$B$2:B187,B188,$C$2:C187,C188) -> 300 | Q188: =MAX(0,D188-P188) -> 2700 | R188: =MAX(0,MIN(E188,F188+J188)) -> 2700
A189: F | B189: 789EF | C189: 46174 | D189: 3000 | E189: 4500 | F189: =K188 -> 0 | G189: 3000 | H189: =MAX(0,H190+E190-Q190) -> 10646 | I189: =MAX(0,E189+H189-F189) -> 15146 | J189: =MIN(Q189,I189,MAX(0,E189+G189-F189)) -> 3000 | K189: =MIN(G189,MAX(0,F189+J189-E189)) -> 0 | L189: =MAX(0,E189-F189-J189) -> 1500 | M189: =MAX(0,F189+J189-E189) -> 0 | N189: =IFERROR(SUMIFS($J$2:$J$217,$B$2:$B$217,B189,$C$2:$C$217,C189)/D189,0) -> 1 | P189: =SUMIFS($J$2:J188,$B$2:B188,B189,$C$2:C188,C189) -> 0 | Q189: =MAX(0,D189-P189) -> 3000 | R189: =MAX(0,MIN(E189,F189+J189)) -> 3000
A190: F | B190: 789EF | C190: 46181 | D190: 3000 | E190: 4500 | F190: =K189 -> 0 | G190: 3000 | H190: =MAX(0,H191+E191-Q191) -> 9146 | I190: =MAX(0,E190+H190-F190) -> 13646 | J190: =MIN(Q190,I190,MAX(0,E190+G190-F190)) -> 3000 | K190: =MIN(G190,MAX(0,F190+J190-E190)) -> 0 | L190: =MAX(0,E190-F190-J190) -> 1500 | M190: =MAX(0,F190+J190-E190) -> 0 | N190: =IFERROR(SUMIFS($J$2:$J$217,$B$2:$B$217,B190,$C$2:$C$217,C190)/D190,0) -> 1 | P190: =SUMIFS($J$2:J189,$B$2:B189,B190,$C$2:C189,C190) -> 0 | Q190: =MAX(0,D190-P190) -> 3000 | R190: =MAX(0,MIN(E190,F190+J190)) -> 3000
A191: F | B191: 789EF | C191: 46188 | D191: 3000 | E191: 2200 | F191: =K190 -> 0 | G191: 3000 | H191: =MAX(0,H192+E192-Q192) -> 9646 | I191: =MAX(0,E191+H191-F191) -> 11846 | J191: =MIN(Q191,I191,MAX(0,E191+G191-F191)) -> 2700 | K191: =MIN(G191,MAX(0,F191+J191-E191)) -> 500 | L191: =MAX(0,E191-F191-J191) -> 0 | M191: =MAX(0,F191+J191-E191) -> 500 | N191: =IFERROR(SUMIFS($J$2:$J$217,$B$2:$B$217,B191,$C$2:$C$217,C191)/D191,0) -> 1 | P191: =SUMIFS($J$2:J190,$B$2:B190,B191,$C$2:C190,C191) -> 300 | Q191: =MAX(0,D191-P191) -> 2700 | R191: =MAX(0,MIN(E191,F191+J191)) -> 2200
A192: F | B192: 789EF | C192: 46195 | D192: 3000 | E192: 5000 | F192: =K191 -> 500 | G192: 3000 | H192: =MAX(0,H193+E193-Q193) -> 7646 | I192: =MAX(0,E192+H192-F192) -> 12146 | J192: =MIN(Q192,I192,MAX(0,E192+G192-F192)) -> 3000 | K192: =MIN(G192,MAX(0,F192+J192-E192)) -> 0 | L192: =MAX(0,E192-F192-J192) -> 1500 | M192: =MAX(0,F192+J192-E192) -> 0 | N192: =IFERROR(SUMIFS($J$2:$J$217,$B$2:$B$217,B192,$C$2:$C$217,C192)/D192,0) -> 1 | P192: =SUMIFS($J$2:J191,$B$2:B191,B192,$C$2:C191,C192) -> 0 | Q192: =MAX(0,D192-P192) -> 3000 | R192: =MAX(0,MIN(E192,F192+J192)) -> 3500
A193: F | B193: 789EF | C193: 46202 | D193: 3000 | E193: 4300 | F193: =K192 -> 0 | G193: 3000 | H193: =MAX(0,H194+E194-Q194) -> 5646 | I193: =MAX(0,E193+H193-F193) -> 9946 | J193: =MIN(Q193,I193,MAX(0,E193+G193-F193)) -> 2300 | K193: =MIN(G193,MAX(0,F193+J193-E193)) -> 0 | L193: =MAX(0,E193-F193-J193) -> 2000 | M193: =MAX(0,F193+J193-E193) -> 0 | N193: =IFERROR(SUMIFS($J$2:$J$217,$B$2:$B$217,B193,$C$2:$C$217,C193)/D193,0) -> 1 | P193: =SUMIFS($J$2:J192,$B$2:B192,B193,$C$2:C192,C193) -> 700 | Q193: =MAX(0,D193-P193) -> 2300 | R193: =MAX(0,MIN(E193,F193+J193)) -> 2300
A194: F | B194: 789EF | C194: 46209 | D194: 3000 | E194: 4700 | F194: =K193 -> 0 | G194: 3000 | H194: =MAX(0,H195+E195-Q195) -> 3646 | I194: =MAX(0,E194+H194-F194) -> 8346 | J194: =MIN(Q194,I194,MAX(0,E194+G194-F194)) -> 2700 | K194: =MIN(G194,MAX(0,F194+J194-E194)) -> 0 | L194: =MAX(0,E194-F194-J194) -> 2000 | M194: =MAX(0,F194+J194-E194) -> 0 | N194: =IFERROR(SUMIFS($J$2:$J$217,$B$2:$B$217,B194,$C$2:$C$217,C194)/D194,0) -> 1 | P194: =SUMIFS($J$2:J193,$B$2:B193,B194,$C$2:C193,C194) -> 300 | Q194: =MAX(0,D194-P194) -> 2700 | R194: =MAX(0,MIN(E194,F194+J194)) -> 2700
... A216: F | B216: 789EF | C216: 46363 | D216: 3000 | E216: 1930 | F216: =K215 -> 0 | G216: 3000 | H216: =MAX(0,H217+E217-Q217) -> 0 | I216: =MAX(0,E216+H216-F216) -> 1930 | J216: =MIN(Q216,I216,MAX(0,E216+G216-F216)) -> 1930 | K216: =MIN(G216,MAX(0,F216+J216-E216)) -> 0 | L216: =MAX(0,E216-F216-J216) -> 0 | M216: =MAX(0,F216+J216-E216) -> 0 | N216: =IFERROR(SUMIFS($J$2:$J$217,$B$2:$B$217,B216,$C$2:$C$217,C216)/D216,0) -> 0.64333333 | P216: =SUMIFS($J$2:J215,$B$2:B215,B216,$C$2:C215,C216) -> 0 | Q216: =MAX(0,D216-P216) -> 3000 | R216: =MAX(0,MIN(E216,F216+J216)) -> 1930
A217: F | B217: 789EF | C217: 46370 | D217: 3000 | E217: 1928 | F217: =K216 -> 0 | G217: 3000 | H217: =0 -> 0 | I217: =MAX(0,E217+H217-F217) -> 1928 | J217: =MIN(Q217,I217,MAX(0,E217+G217-F217)) -> 1928 | K217: =MIN(G217,MAX(0,F217+J217-E217)) -> 0 | L217: =MAX(0,E217-F217-J217) -> 0 | M217: =MAX(0,F217+J217-E217) -> 0 | N217: =IFERROR(SUMIFS($J$2:$J$217,$B$2:$B$217,B217,$C$2:$C$217,C217)/D217,0) -> 0.64266667 | P217: =SUMIFS($J$2:J216,$B$2:B216,B217,$C$2:C216,C217) -> 0 | Q217: =MAX(0,D217-P217) -> 3000 | R217: =MAX(0,MIN(E217,F217+J217)) -> 1928

Sheet MPS_Scenario
A1: SKU | B1: Fixture | C1: Week | D1: Weekly Capacity | E1: Total Demand | F1: Beginning FG Inv | G1: Storage Cap | H1: Carryover Needed | I1: Net Required | J1: Planned Production | K1: Ending FG Inv | L1: Shortage | M1: ATP | N1: Capacity Load % | O1: Planner Note | P1: Shared Planned Before SKU | Q1: Remaining Shared Fixture Cap | R1: Fulfilled Demand | U1: =SUM(L:L) -> 95363
A2: A | B2: 123AB | C2: 46125 | D2: 15000 | E2: 0 | F2: =0 -> 0 | G2: 15000 | H2: =MAX(0,H3+E3-Q3) -> 0 | I2: =MAX(0,E2+H2-F2) -> 0 | J2: =IF(COUNTIFS(Scenario_Weekly_Plan!$A:$A,$A2,Scenario_Weekly_Plan!$B:$B,$C2)>0,SUMIFS(Scenario_Weekly_Plan!$C:$C,Scenario_Weekly_Plan!$A:$A,$A2,Scenario_Weekly_Plan!$B:$B,$C2),MIN(Q2,I2,MAX(0,E2+G2-F2))) -> 0 | K2: =MIN(G2,MAX(0,F2+J2-E2)) -> 0 | L2: =MAX(0,E2-F2-J2) -> 0 | M2: =MAX(0,F2+J2-E2) -> 0 | N2: =IFERROR(SUMIFS($J$2:$J$217,$B$2:$B$217,B2,$C$2:$C$217,C2)/D2,0) -> 0.66666667 | O2: =IF(COUNTIFS(Scenario_Weekly_Plan!$A:$A,$A2,Scenario_Weekly_Plan!$B:$B,$C2)>0,"Scenario PP imported",MPS!O2) -> Scenario PP imported | P2: =0 -> 0 | Q2: =MAX(0,D2-P2) -> 15000 | R2: =MAX(0,MIN(E2,F2+J2)) -> 0 | U2: =SUM(E:E) -> 680312
A3: A | B3: 123AB | C3: 46132 | D3: 15000 | E3: 0 | F3: =K2 -> 0 | G3: 15000 | H3: =MAX(0,H4+E4-Q4) -> 0 | I3: =MAX(0,E3+H3-F3) -> 0 | J3: =IF(COUNTIFS(Scenario_Weekly_Plan!$A:$A,$A3,Scenario_Weekly_Plan!$B:$B,$C3)>0,SUMIFS(Scenario_Weekly_Plan!$C:$C,Scenario_Weekly_Plan!$A:$A,$A3,Scenario_Weekly_Plan!$B:$B,$C3),MIN(Q3,I3,MAX(0,E3+G3-F3))) -> 5510 | K3: =MIN(G3,MAX(0,F3+J3-E3)) -> 5510 | L3: =MAX(0,E3-F3-J3) -> 0 | M3: =MAX(0,F3+J3-E3) -> 5510 | N3: =IFERROR(SUMIFS($J$2:$J$217,$B$2:$B$217,B3,$C$2:$C$217,C3)/D3,0) -> 1 | O3: =IF(COUNTIFS(Scenario_Weekly_Plan!$A:$A,$A3,Scenario_Weekly_Plan!$B:$B,$C3)>0,"Scenario PP imported",MPS!O3) -> Scenario PP imported | P3: =SUMIFS($J$2:J2,$B$2:B2,B3,$C$2:C2,C3) -> 0 | Q3: =MAX(0,D3-P3) -> 15000 | R3: =MAX(0,MIN(E3,F3+J3)) -> 0 | U3: =U1/U2 -> 0.14017539
A4: A | B4: 123AB | C4: 46139 | D4: 15000 | E4: 684 | F4: =K3 -> 5510 | G4: 15000 | H4: =MAX(0,H5+E5-Q5) -> 10000 | I4: =MAX(0,E4+H4-F4) -> 5174 | J4: =IF(COUNTIFS(Scenario_Weekly_Plan!$A:$A,$A4,Scenario_Weekly_Plan!$B:$B,$C4)>0,SUMIFS(Scenario_Weekly_Plan!$C:$C,Scenario_Weekly_Plan!$A:$A,$A4,Scenario_Weekly_Plan!$B:$B,$C4),MIN(Q4,I4,MAX(0,E4+G4-F4))) -> 7000 | K4: =MIN(G4,MAX(0,F4+J4-E4)) -> 11826 | L4: =MAX(0,E4-F4-J4) -> 0 | M4: =MAX(0,F4+J4-E4) -> 11826 | N4: =IFERROR(SUMIFS($J$2:$J$217,$B$2:$B$217,B4,$C$2:$C$217,C4)/D4,0) -> 1 | O4: =IF(COUNTIFS(Scenario_Weekly_Plan!$A:$A,$A4,Scenario_Weekly_Plan!$B:$B,$C4)>0,"Scenario PP imported",MPS!O4) -> Scenario PP imported | P4: =SUMIFS($J$2:J3,$B$2:B3,B4,$C$2:C3,C4) -> 0 | Q4: =MAX(0,D4-P4) -> 15000 | R4: =MAX(0,MIN(E4,F4+J4)) -> 684
A5: A | B5: 123AB | C5: 46146 | D5: 15000 | E5: 20000 | F5: =K4 -> 11826 | G5: 15000 | H5: =MAX(0,H6+E6-Q6) -> 5000 | I5: =MAX(0,E5+H5-F5) -> 13174 | J5: =IF(COUNTIFS(Scenario_Weekly_Plan!$A:$A,$A5,Scenario_Weekly_Plan!$B:$B,$C5)>0,SUMIFS(Scenario_Weekly_Plan!$C:$C,Scenario_Weekly_Plan!$A:$A,$A5,Scenario_Weekly_Plan!$B:$B,$C5),MIN(Q5,I5,MAX(0,E5+G5-F5))) -> 15000 | K5: =MIN(G5,MAX(0,F5+J5-E5)) -> 6826 | L5: =MAX(0,E5-F5-J5) -> 0 | M5: =MAX(0,F5+J5-E5) -> 6826 | N5: =IFERROR(SUMIFS($J$2:$J$217,$B$2:$B$217,B5,$C$2:$C$217,C5)/D5,0) -> 1 | O5: =IF(COUNTIFS(Scenario_Weekly_Plan!$A:$A,$A5,Scenario_Weekly_Plan!$B:$B,$C5)>0,"Scenario PP imported",MPS!O5) -> Scenario PP imported | P5: =SUMIFS($J$2:J4,$B$2:B4,B5,$C$2:C4,C5) -> 0 | Q5: =MAX(0,D5-P5) -> 15000 | R5: =MAX(0,MIN(E5,F5+J5)) -> 20000
A6: A | B6: 123AB | C6: 46153 | D6: 15000 | E6: 20000 | F6: =K5 -> 6826 | G6: 15000 | H6: =MAX(0,H7+E7-Q7) -> 0 | I6: =MAX(0,E6+H6-F6) -> 13174 | J6: =IF(COUNTIFS(Scenario_Weekly_Plan!$A:$A,$A6,Scenario_Weekly_Plan!$B:$B,$C6)>0,SUMIFS(Scenario_Weekly_Plan!$C:$C,Scenario_Weekly_Plan!$A:$A,$A6,Scenario_Weekly_Plan!$B:$B,$C6),MIN(Q6,I6,MAX(0,E6+G6-F6))) -> 12500 | K6: =MIN(G6,MAX(0,F6+J6-E6)) -> 0 | L6: =MAX(0,E6-F6-J6) -> 674 | M6: =MAX(0,F6+J6-E6) -> 0 | N6: =IFERROR(SUMIFS($J$2:$J$217,$B$2:$B$217,B6,$C$2:$C$217,C6)/D6,0) -> 0.83333333 | O6: =IF(COUNTIFS(Scenario_Weekly_Plan!$A:$A,$A6,Scenario_Weekly_Plan!$B:$B,$C6)>0,"Scenario PP imported",MPS!O6) -> Scenario PP imported | P6: =SUMIFS($J$2:J5,$B$2:B5,B6,$C$2:C5,C6) -> 0 | Q6: =MAX(0,D6-P6) -> 15000 | R6: =MAX(0,MIN(E6,F6+J6)) -> 19326
A7: A | B7: 123AB | C7: 46160 | D7: 15000 | E7: 11000 | F7: =K6 -> 0 | G7: 15000 | H7: =MAX(0,H8+E8-Q8) -> 0 | I7: =MAX(0,E7+H7-F7) -> 11000 | J7: =IF(COUNTIFS(Scenario_Weekly_Plan!$A:$A,$A7,Scenario_Weekly_Plan!$B:$B,$C7)>0,SUMIFS(Scenario_Weekly_Plan!$C:$C,Scenario_Weekly_Plan!$A:$A,$A7,Scenario_Weekly_Plan!$B:$B,$C7),MIN(Q7,I7,MAX(0,E7+G7-F7))) -> 11000 | K7: =MIN(G7,MAX(0,F7+J7-E7)) -> 0 | L7: =MAX(0,E7-F7-J7) -> 0 | M7: =MAX(0,F7+J7-E7) -> 0 | N7: =IFERROR(SUMIFS($J$2:$J$217,$B$2:$B$217,B7,$C$2:$C$217,C7)/D7,0) -> 1 | O7: =IF(COUNTIFS(Scenario_Weekly_Plan!$A:$A,$A7,Scenario_Weekly_Plan!$B:$B,$C7)>0,"Scenario PP imported",MPS!O7) -> 0 | P7: =SUMIFS($J$2:J6,$B$2:B6,B7,$C$2:C6,C7) -> 0 | Q7: =MAX(0,D7-P7) -> 15000 | R7: =MAX(0,MIN(E7,F7+J7)) -> 11000
A8: A | B8: 123AB | C8: 46167 | D8: 15000 | E8: 13000 | F8: =K7 -> 0 | G8: 15000 | H8: =MAX(0,H9+E9-Q9) -> 0 | I8: =MAX(0,E8+H8-F8) -> 13000 | J8: =IF(COUNTIFS(Scenario_Weekly_Plan!$A:$A,$A8,Scenario_Weekly_Plan!$B:$B,$C8)>0,SUMIFS(Scenario_Weekly_Plan!$C:$C,Scenario_Weekly_Plan!$A:$A,$A8,Scenario_Weekly_Plan!$B:$B,$C8),MIN(Q8,I8,MAX(0,E8+G8-F8))) -> 13000 | K8: =MIN(G8,MAX(0,F8+J8-E8)) -> 0 | L8: =MAX(0,E8-F8-J8) -> 0 | M8: =MAX(0,F8+J8-E8) -> 0 | N8: =IFERROR(SUMIFS($J$2:$J$217,$B$2:$B$217,B8,$C$2:$C$217,C8)/D8,0) -> 1 | O8: =IF(COUNTIFS(Scenario_Weekly_Plan!$A:$A,$A8,Scenario_Weekly_Plan!$B:$B,$C8)>0,"Scenario PP imported",MPS!O8) -> 0 | P8: =SUMIFS($J$2:J7,$B$2:B7,B8,$C$2:C7,C8) -> 0 | Q8: =MAX(0,D8-P8) -> 15000 | R8: =MAX(0,MIN(E8,F8+J8)) -> 13000
A9: A | B9: 123AB | C9: 46174 | D9: 15000 | E9: 13773 | F9: =K8 -> 0 | G9: 15000 | H9: =MAX(0,H10+E10-Q10) -> 0 | I9: =MAX(0,E9+H9-F9) -> 13773 | J9: =IF(COUNTIFS(Scenario_Weekly_Plan!$A:$A,$A9,Scenario_Weekly_Plan!$B:$B,$C9)>0,SUMIFS(Scenario_Weekly_Plan!$C:$C,Scenario_Weekly_Plan!$A:$A,$A9,Scenario_Weekly_Plan!$B:$B,$C9),MIN(Q9,I9,MAX(0,E9+G9-F9))) -> 13773 | K9: =MIN(G9,MAX(0,F9+J9-E9)) -> 0 | L9: =MAX(0,E9-F9-J9) -> 0 | M9: =MAX(0,F9+J9-E9) -> 0 | N9: =IFERROR(SUMIFS($J$2:$J$217,$B$2:$B$217,B9,$C$2:$C$217,C9)/D9,0) -> 1 | O9: =IF(COUNTIFS(Scenario_Weekly_Plan!$A:$A,$A9,Scenario_Weekly_Plan!$B:$B,$C9)>0,"Scenario PP imported",MPS!O9) -> 0 | P9: =SUMIFS($J$2:J8,$B$2:B8,B9,$C$2:C8,C9) -> 0 | Q9: =MAX(0,D9-P9) -> 15000 | R9: =MAX(0,MIN(E9,F9+J9)) -> 13773
A10: A | B10: 123AB | C10: 46181 | D10: 15000 | E10: 7058 | F10: =K9 -> 0 | G10: 15000 | H10: =MAX(0,H11+E11-Q11) -> 0 | I10: =MAX(0,E10+H10-F10) -> 7058 | J10: =IF(COUNTIFS(Scenario_Weekly_Plan!$A:$A,$A10,Scenario_Weekly_Plan!$B:$B,$C10)>0,SUMIFS(Scenario_Weekly_Plan!$C:$C,Scenario_Weekly_Plan!$A:$A,$A10,Scenario_Weekly_Plan!$B:$B,$C10),MIN(Q10,I10,MAX(0,E10+G10-F10))) -> 7058 | K10: =MIN(G10,MAX(0,F10+J10-E10)) -> 0 | L10: =MAX(0,E10-F10-J10) -> 0 | M10: =MAX(0,F10+J10-E10) -> 0 | N10: =IFERROR(SUMIFS($J$2:$J$217,$B$2:$B$217,B10,$C$2:$C$217,C10)/D10,0) -> 0.82446667 | O10: =IF(COUNTIFS(Scenario_Weekly_Plan!$A:$A,$A10,Scenario_Weekly_Plan!$B:$B,$C10)>0,"Scenario PP imported",MPS!O10) -> 0 | P10: =SUMIFS($J$2:J9,$B$2:B9,B10,$C$2:C9,C10) -> 0 | Q10: =MAX(0,D10-P10) -> 15000 | R10: =MAX(0,MIN(E10,F10+J10)) -> 7058
A11: A | B11: 123AB | C11: 46188 | D11: 15000 | E11: 2040 | F11: =K10 -> 0 | G11: 15000 | H11: =MAX(0,H12+E12-Q12) -> 0 | I11: =MAX(0,E11+H11-F11) -> 2040 | J11: =IF(COUNTIFS(Scenario_Weekly_Plan!$A:$A,$A11,Scenario_Weekly_Plan!$B:$B,$C11)>0,SUMIFS(Scenario_Weekly_Plan!$C:$C,Scenario_Weekly_Plan!$A:$A,$A11,Scenario_Weekly_Plan!$B:$B,$C11),MIN(Q11,I11,MAX(0,E11+G11-F11))) -> 2040 | K11: =MIN(G11,MAX(0,F11+J11-E11)) -> 0 | L11: =MAX(0,E11-F11-J11) -> 0 | M11: =MAX(0,F11+J11-E11) -> 0 | N11: =IFERROR(SUMIFS($J$2:$J$217,$B$2:$B$217,B11,$C$2:$C$217,C11)/D11,0) -> 0.48993333 | O11: =IF(COUNTIFS(Scenario_Weekly_Plan!$A:$A,$A11,Scenario_Weekly_Plan!$B:$B,$C11)>0,"Scenario PP imported",MPS!O11) -> 0 | P11: =SUMIFS($J$2:J10,$B$2:B10,B11,$C$2:C10,C11) -> 0 | Q11: =MAX(0,D11-P11) -> 15000 | R11: =MAX(0,MIN(E11,F11+J11)) -> 2040
A12: A | B12: 123AB | C12: 46195 | D12: 15000 | E12: 3541 | F12: =K11 -> 0 | G12: 15000 | H12: =MAX(0,H13+E13-Q13) -> 0 | I12: =MAX(0,E12+H12-F12) -> 3541 | J12: =IF(COUNTIFS(Scenario_Weekly_Plan!$A:$A,$A12,Scenario_Weekly_Plan!$B:$B,$C12)>0,SUMIFS(Scenario_Weekly_Plan!$C:$C,Scenario_Weekly_Plan!$A:$A,$A12,Scenario_Weekly_Plan!$B:$B,$C12),MIN(Q12,I12,MAX(0,E12+G12-F12))) -> 3541 | K12: =MIN(G12,MAX(0,F12+J12-E12)) -> 0 | L12: =MAX(0,E12-F12-J12) -> 0 | M12: =MAX(0,F12+J12-E12) -> 0 | N12: =IFERROR(SUMIFS($J$2:$J$217,$B$2:$B$217,B12,$C$2:$C$217,C12)/D12,0) -> 0.44146667 | O12: =IF(COUNTIFS(Scenario_Weekly_Plan!$A:$A,$A12,Scenario_Weekly_Plan!$B:$B,$C12)>0,"Scenario PP imported",MPS!O12) -> 0 | P12: =SUMIFS($J$2:J11,$B$2:B11,B12,$C$2:C11,C12) -> 0 | Q12: =MAX(0,D12-P12) -> 15000 | R12: =MAX(0,MIN(E12,F12+J12)) -> 3541
A13: A | B13: 123AB | C13: 46202 | D13: 15000 | E13: 12041 | F13: =K12 -> 0 | G13: 15000 | H13: =MAX(0,H14+E14-Q14) -> 0 | I13: =MAX(0,E13+H13-F13) -> 12041 | J13: =IF(COUNTIFS(Scenario_Weekly_Plan!$A:$A,$A13,Scenario_Weekly_Plan!$B:$B,$C13)>0,SUMIFS(Scenario_Weekly_Plan!$C:$C,Scenario_Weekly_Plan!$A:$A,$A13,Scenario_Weekly_Plan!$B:$B,$C13),MIN(Q13,I13,MAX(0,E13+G13-F13))) -> 12041 | K13: =MIN(G13,MAX(0,F13+J13-E13)) -> 0 | L13: =MAX(0,E13-F13-J13) -> 0 | M13: =MAX(0,F13+J13-E13) -> 0 | N13: =IFERROR(SUMIFS($J$2:$J$217,$B$2:$B$217,B13,$C$2:$C$217,C13)/D13,0) -> 1 | O13: =IF(COUNTIFS(Scenario_Weekly_Plan!$A:$A,$A13,Scenario_Weekly_Plan!$B:$B,$C13)>0,"Scenario PP imported",MPS!O13) -> 0 | P13: =SUMIFS($J$2:J12,$B$2:B12,B13,$C$2:C12,C13) -> 0 | Q13: =MAX(0,D13-P13) -> 15000 | R13: =MAX(0,MIN(E13,F13+J13)) -> 12041
A14: A | B14: 123AB | C14: 46209 | D14: 15000 | E14: 12040 | F14: =K13 -> 0 | G14: 15000 | H14: =MAX(0,H15+E15-Q15) -> 0 | I14: =MAX(0,E14+H14-F14) -> 12040 | J14: =IF(COUNTIFS(Scenario_Weekly_Plan!$A:$A,$A14,Scenario_Weekly_Plan!$B:$B,$C14)>0,SUMIFS(Scenario_Weekly_Plan!$C:$C,Scenario_Weekly_Plan!$A:$A,$A14,Scenario_Weekly_Plan!$B:$B,$C14),MIN(Q14,I14,MAX(0,E14+G14-F14))) -> 12040 | K14: =MIN(G14,MAX(0,F14+J14-E14)) -> 0 | L14: =MAX(0,E14-F14-J14) -> 0 | M14: =MAX(0,F14+J14-E14) -> 0 | N14: =IFERROR(SUMIFS($J$2:$J$217,$B$2:$B$217,B14,$C$2:$C$217,C14)/D14,0) -> 1 | O14: =IF(COUNTIFS(Scenario_Weekly_Plan!$A:$A,$A14,Scenario_Weekly_Plan!$B:$B,$C14)>0,"Scenario PP imported",MPS!O14) -> 0 | P14: =SUMIFS($J$2:J13,$B$2:B13,B14,$C$2:C13,C14) -> 0 | Q14: =MAX(0,D14-P14) -> 15000 | R14: =MAX(0,MIN(E14,F14+J14)) -> 12040
A15: A | B15: 123AB | C15: 46216 | D15: 15000 | E15: 0 | F15: =K14 -> 0 | G15: 15000 | H15: =MAX(0,H16+E16-Q16) -> 9246 | I15: =MAX(0,E15+H15-F15) -> 9246 | J15: =IF(COUNTIFS(Scenario_Weekly_Plan!$A:$A,$A15,Scenario_Weekly_Plan!$B:$B,$C15)>0,SUMIFS(Scenario_Weekly_Plan!$C:$C,Scenario_Weekly_Plan!$A:$A,$A15,Scenario_Weekly_Plan!$B:$B,$C15),MIN(Q15,I15,MAX(0,E15+G15-F15))) -> 9246 | K15: =MIN(G15,MAX(0,F15+J15-E15)) -> 9246 | L15: =MAX(0,E15-F15-J15) -> 0 | M15: =MAX(0,F15+J15-E15) -> 9246 | N15: =IFERROR(SUMIFS($J$2:$J$217,$B$2:$B$217,B15,$C$2:$C$217,C15)/D15,0) -> 0.8164 | O15: =IF(COUNTIFS(Scenario_Weekly_Plan!$A:$A,$A15,Scenario_Weekly_Plan!$B:$B,$C15)>0,"Scenario PP imported",MPS!O15) -> 0 | P15: =SUMIFS($J$2:J14,$B$2:B14,B15,$C$2:C14,C15) -> 0 | Q15: =MAX(0,D15-P15) -> 15000 | R15: =MAX(0,MIN(E15,F15+J15)) -> 0
... A36: A | B36: 123AB | C36: 46363 | D36: 15000 | E36: 8326 | F36: =K35 -> 0 | G36: 15000 | H36: =MAX(0,H37+E37-Q37) -> 0 | I36: =MAX(0,E36+H36-F36) -> 8326 | J36: =IF(COUNTIFS(Scenario_Weekly_Plan!$A:$A,$A36,Scenario_Weekly_Plan!$B:$B,$C36)>0,SUMIFS(Scenario_Weekly_Plan!$C:$C,Scenario_Weekly_Plan!$A:$A,$A36,Scenario_Weekly_Plan!$B:$B,$C36),MIN(Q36,I36,MAX(0,E36+G36-F36))) -> 8326 | K36: =MIN(G36,MAX(0,F36+J36-E36)) -> 0 | L36: =MAX(0,E36-F36-J36) -> 0 | M36: =MAX(0,F36+J36-E36) -> 0 | N36: =IFERROR(SUMIFS($J$2:$J$217,$B$2:$B$217,B36,$C$2:$C$217,C36)/D36,0) -> 0.97173333 | O36: =IF(COUNTIFS(Scenario_Weekly_Plan!$A:$A,$A36,Scenario_Weekly_Plan!$B:$B,$C36)>0,"Scenario PP imported",MPS!O36) -> 0 | P36: =SUMIFS($J$2:J35,$B$2:B35,B36,$C$2:C35,C36) -> 0 | Q36: =MAX(0,D36-P36) -> 15000 | R36: =MAX(0,MIN(E36,F36+J36)) -> 8326
A37: A | B37: 123AB | C37: 46370 | D37: 15000 | E37: 8325 | F37: =K36 -> 0 | G37: 15000 | H37: =0 -> 0 | I37: =MAX(0,E37+H37-F37) -> 8325 | J37: =IF(COUNTIFS(Scenario_Weekly_Plan!$A:$A,$A37,Scenario_Weekly_Plan!$B:$B,$C37)>0,SUMIFS(Scenario_Weekly_Plan!$C:$C,Scenario_Weekly_Plan!$A:$A,$A37,Scenario_Weekly_Plan!$B:$B,$C37),MIN(Q37,I37,MAX(0,E37+G37-F37))) -> 8325 | K37: =MIN(G37,MAX(0,F37+J37-E37)) -> 0 | L37: =MAX(0,E37-F37-J37) -> 0 | M37: =MAX(0,F37+J37-E37) -> 0 | N37: =IFERROR(SUMIFS($J$2:$J$217,$B$2:$B$217,B37,$C$2:$C$217,C37)/D37,0) -> 0.97166667 | O37: =IF(COUNTIFS(Scenario_Weekly_Plan!$A:$A,$A37,Scenario_Weekly_Plan!$B:$B,$C37)>0,"Scenario PP imported",MPS!O37) -> 0 | P37: =SUMIFS($J$2:J36,$B$2:B36,B37,$C$2:C36,C37) -> 0 | Q37: =MAX(0,D37-P37) -> 15000 | R37: =MAX(0,MIN(E37,F37+J37)) -> 8325
A38: B | B38: 123AB | C38: 46125 | D38: 15000 | E38: 0 | F38: =0 -> 0 | G38: 15000 | H38: =MAX(0,H39+E39-Q39) -> 12077 | I38: =MAX(0,E38+H38-F38) -> 12077 | J38: =IF(COUNTIFS(Scenario_Weekly_Plan!$A:$A,$A38,Scenario_Weekly_Plan!$B:$B,$C38)>0,SUMIFS(Scenario_Weekly_Plan!$C:$C,Scenario_Weekly_Plan!$A:$A,$A38,Scenario_Weekly_Plan!$B:$B,$C38),MIN(Q38,I38,MAX(0,E38+G38-F38))) -> 10000 | K38: =MIN(G38,MAX(0,F38+J38-E38)) -> 10000 | L38: =MAX(0,E38-F38-J38) -> 0 | M38: =MAX(0,F38+J38-E38) -> 10000 | N38: =IFERROR(SUMIFS($J$2:$J$217,$B$2:$B$217,B38,$C$2:$C$217,C38)/D38,0) -> 0.66666667 | O38: =IF(COUNTIFS(Scenario_Weekly_Plan!$A:$A,$A38,Scenario_Weekly_Plan!$B:$B,$C38)>0,"Scenario PP imported",MPS!O38) -> Scenario PP imported | P38: =SUMIFS($J$2:J37,$B$2:B37,B38,$C$2:C37,C38) -> 0 | Q38: =MAX(0,D38-P38) -> 15000 | R38: =MAX(0,MIN(E38,F38+J38)) -> 0
A39: B | B39: 123AB | C39: 46132 | D39: 15000 | E39: 0 | F39: =K38 -> 10000 | G39: 15000 | H39: =MAX(0,H40+E40-Q40) -> 21567 | I39: =MAX(0,E39+H39-F39) -> 11567 | J39: =IF(COUNTIFS(Scenario_Weekly_Plan!$A:$A,$A39,Scenario_Weekly_Plan!$B:$B,$C39)>0,SUMIFS(Scenario_Weekly_Plan!$C:$C,Scenario_Weekly_Plan!$A:$A,$A39,Scenario_Weekly_Plan!$B:$B,$C39),MIN(Q39,I39,MAX(0,E39+G39-F39))) -> 9490 | K39: =MIN(G39,MAX(0,F39+J39-E39)) -> 15000 | L39: =MAX(0,E39-F39-J39) -> 0 | M39: =MAX(0,F39+J39-E39) -> 19490 | N39: =IFERROR(SUMIFS($J$2:$J$217,$B$2:$B$217,B39,$C$2:$C$217,C39)/D39,0) -> 1 | O39: =IF(COUNTIFS(Scenario_Weekly_Plan!$A:$A,$A39,Scenario_Weekly_Plan!$B:$B,$C39)>0,"Scenario PP imported",MPS!O39) -> Scenario PP imported | P39: =SUMIFS($J$2:J38,$B$2:B38,B39,$C$2:C38,C39) -> 5510 | Q39: =MAX(0,D39-P39) -> 9490 | R39: =MAX(0,MIN(E39,F39+J39)) -> 0
A40: B | B40: 123AB | C40: 46139 | D40: 15000 | E40: 0 | F40: =K39 -> 15000 | G40: 15000 | H40: =MAX(0,H41+E41-Q41) -> 29567 | I40: =MAX(0,E40+H40-F40) -> 14567 | J40: =IF(COUNTIFS(Scenario_Weekly_Plan!$A:$A,$A40,Scenario_Weekly_Plan!$B:$B,$C40)>0,SUMIFS(Scenario_Weekly_Plan!$C:$C,Scenario_Weekly_Plan!$A:$A,$A40,Scenario_Weekly_Plan!$B:$B,$C40),MIN(Q40,I40,MAX(0,E40+G40-F40))) -> 8000 | K40: =MIN(G40,MAX(0,F40+J40-E40)) -> 15000 | L40: =MAX(0,E40-F40-J40) -> 0 | M40: =MAX(0,F40+J40-E40) -> 23000 | N40: =IFERROR(SUMIFS($J$2:$J$217,$B$2:$B$217,B40,$C$2:$C$217,C40)/D40,0) -> 1 | O40: =IF(COUNTIFS(Scenario_Weekly_Plan!$A:$A,$A40,Scenario_Weekly_Plan!$B:$B,$C40)>0,"Scenario PP imported",MPS!O40) -> Scenario PP imported | P40: =SUMIFS($J$2:J39,$B$2:B39,B40,$C$2:C39,C40) -> 7000 | Q40: =MAX(0,D40-P40) -> 8000 | R40: =MAX(0,MIN(E40,F40+J40)) -> 0
A41: B | B41: 123AB | C41: 46146 | D41: 15000 | E41: 5502 | F41: =K40 -> 15000 | G41: 15000 | H41: =MAX(0,H42+E42-Q42) -> 24065 | I41: =MAX(0,E41+H41-F41) -> 14567 | J41: =IF(COUNTIFS(Scenario_Weekly_Plan!$A:$A,$A41,Scenario_Weekly_Plan!$B:$B,$C41)>0,SUMIFS(Scenario_Weekly_Plan!$C:$C,Scenario_Weekly_Plan!$A:$A,$A41,Scenario_Weekly_Plan!$B:$B,$C41),MIN(Q41,I41,MAX(0,E41+G41-F41))) -> 0 | K41: =MIN(G41,MAX(0,F41+J41-E41)) -> 9498 | L41: =MAX(0,E41-F41-J41) -> 0 | M41: =MAX(0,F41+J41-E41) -> 9498 | N41: =IFERROR(SUMIFS($J$2:$J$217,$B$2:$B$217,B41,$C$2:$C$217,C41)/D41,0) -> 1 | O41: =IF(COUNTIFS(Scenario_Weekly_Plan!$A:$A,$A41,Scenario_Weekly_Plan!$B:$B,$C41)>0,"Scenario PP imported",MPS!O41) -> Scenario PP imported | P41: =SUMIFS($J$2:J40,$B$2:B40,B41,$C$2:C40,C41) -> 15000 | Q41: =MAX(0,D41-P41) -> 0 | R41: =MAX(0,MIN(E41,F41+J41)) -> 5502
A42: B | B42: 123AB | C42: 46153 | D42: 15000 | E42: 15658 | F42: =K41 -> 9498 | G42: 15000 | H42: =MAX(0,H43+E43-Q43) -> 10907 | I42: =MAX(0,E42+H42-F42) -> 17067 | J42: =IF(COUNTIFS(Scenario_Weekly_Plan!$A:$A,$A42,Scenario_Weekly_Plan!$B:$B,$C42)>0,SUMIFS(Scenario_Weekly_Plan!$C:$C,Scenario_Weekly_Plan!$A:$A,$A42,Scenario_Weekly_Plan!$B:$B,$C42),MIN(Q42,I42,MAX(0,E42+G42-F42))) -> 0 | K42: =MIN(G42,MAX(0,F42+J42-E42)) -> 0 | L42: =MAX(0,E42-F42-J42) -> 6160 | M42: =MAX(0,F42+J42-E42) -> 0 | N42: =IFERROR(SUMIFS($J$2:$J$217,$B$2:$B$217,B42,$C$2:$C$217,C42)/D42,0) -> 0.83333333 | O42: =IF(COUNTIFS(Scenario_Weekly_Plan!$A:$A,$A42,Scenario_Weekly_Plan!$B:$B,$C42)>0,"Scenario PP imported",MPS!O42) -> Scenario PP imported | P42: =SUMIFS($J$2:J41,$B$2:B41,B42,$C$2:C41,C42) -> 12500 | Q42: =MAX(0,D42-P42) -> 2500 | R42: =MAX(0,MIN(E42,F42+J42)) -> 9498
A43: B | B43: 123AB | C43: 46160 | D43: 15000 | E43: 8865 | F43: =K42 -> 0 | G43: 15000 | H43: =MAX(0,H44+E44-Q44) -> 6042 | I43: =MAX(0,E43+H43-F43) -> 14907 | J43: =IF(COUNTIFS(Scenario_Weekly_Plan!$A:$A,$A43,Scenario_Weekly_Plan!$B:$B,$C43)>0,SUMIFS(Scenario_Weekly_Plan!$C:$C,Scenario_Weekly_Plan!$A:$A,$A43,Scenario_Weekly_Plan!$B:$B,$C43),MIN(Q43,I43,MAX(0,E43+G43-F43))) -> 4000 | K43: =MIN(G43,MAX(0,F43+J43-E43)) -> 0 | L43: =MAX(0,E43-F43-J43) -> 4865 | M43: =MAX(0,F43+J43-E43) -> 0 | N43: =IFERROR(SUMIFS($J$2:$J$217,$B$2:$B$217,B43,$C$2:$C$217,C43)/D43,0) -> 1 | O43: =IF(COUNTIFS(Scenario_Weekly_Plan!$A:$A,$A43,Scenario_Weekly_Plan!$B:$B,$C43)>0,"Scenario PP imported",MPS!O43) -> 0 | P43: =SUMIFS($J$2:J42,$B$2:B42,B43,$C$2:C42,C43) -> 11000 | Q43: =MAX(0,D43-P43) -> 4000 | R43: =MAX(0,MIN(E43,F43+J43)) -> 4000
A44: B | B44: 123AB | C44: 46167 | D44: 15000 | E44: 2146 | F44: =K43 -> 0 | G44: 15000 | H44: =MAX(0,H45+E45-Q45) -> 5896 | I44: =MAX(0,E44+H44-F44) -> 8042 | J44: =IF(COUNTIFS(Scenario_Weekly_Plan!$A:$A,$A44,Scenario_Weekly_Plan!$B:$B,$C44)>0,SUMIFS(Scenario_Weekly_Plan!$C:$C,Scenario_Weekly_Plan!$A:$A,$A44,Scenario_Weekly_Plan!$B:$B,$C44),MIN(Q44,I44,MAX(0,E44+G44-F44))) -> 2000 | K44: =MIN(G44,MAX(0,F44+J44-E44)) -> 0 | L44: =MAX(0,E44-F44-J44) -> 146 | M44: =MAX(0,F44+J44-E44) -> 0 | N44: =IFERROR(SUMIFS($J$2:$J$217,$B$2:$B$217,B44,$C$2:$C$217,C44)/D44,0) -> 1 | O44: =IF(COUNTIFS(Scenario_Weekly_Plan!$A:$A,$A44,Scenario_Weekly_Plan!$B:$B,$C44)>0,"Scenario PP imported",MPS!O44) -> 0 | P44: =SUMIFS($J$2:J43,$B$2:B43,B44,$C$2:C43,C44) -> 13000 | Q44: =MAX(0,D44-P44) -> 2000 | R44: =MAX(0,MIN(E44,F44+J44)) -> 2000
A45: B | B45: 123AB | C45: 46174 | D45: 15000 | E45: 7123 | F45: =K44 -> 0 | G45: 15000 | H45: =MAX(0,H46+E46-Q46) -> 0 | I45: =MAX(0,E45+H45-F45) -> 7123 | J45: =IF(COUNTIFS(Scenario_Weekly_Plan!$A:$A,$A45,Scenario_Weekly_Plan!$B:$B,$C45)>0,SUMIFS(Scenario_Weekly_Plan!$C:$C,Scenario_Weekly_Plan!$A:$A,$A45,Scenario_Weekly_Plan!$B:$B,$C45),MIN(Q45,I45,MAX(0,E45+G45-F45))) -> 1227 | K45: =MIN(G45,MAX(0,F45+J45-E45)) -> 0 | L45: =MAX(0,E45-F45-J45) -> 5896 | M45: =MAX(0,F45+J45-E45) -> 0 | N45: =IFERROR(SUMIFS($J$2:$J$217,$B$2:$B$217,B45,$C$2:$C$217,C45)/D45,0) -> 1 | O45: =IF(COUNTIFS(Scenario_Weekly_Plan!$A:$A,$A45,Scenario_Weekly_Plan!$B:$B,$C45)>0,"Scenario PP imported",MPS!O45) -> 0 | P45: =SUMIFS($J$2:J44,$B$2:B44,B45,$C$2:C44,C45) -> 13773 | Q45: =MAX(0,D45-P45) -> 1227 | R45: =MAX(0,MIN(E45,F45+J45)) -> 1227
A46: B | B46: 123AB | C46: 46181 | D46: 15000 | E46: 5309 | F46: =K45 -> 0 | G46: 15000 | H46: =MAX(0,H47+E47-Q47) -> 0 | I46: =MAX(0,E46+H46-F46) -> 5309 | J46: =IF(COUNTIFS(Scenario_Weekly_Plan!$A:$A,$A46,Scenario_Weekly_Plan!$B:$B,$C46)>0,SUMIFS(Scenario_Weekly_Plan!$C:$C,Scenario_Weekly_Plan!$A:$A,$A46,Scenario_Weekly_Plan!$B:$B,$C46),MIN(Q46,I46,MAX(0,E46+G46-F46))) -> 5309 | K46: =MIN(G46,MAX(0,F46+J46-E46)) -> 0 | L46: =MAX(0,E46-F46-J46) -> 0 | M46: =MAX(0,F46+J46-E46) -> 0 | N46: =IFERROR(SUMIFS($J$2:$J$217,$B$2:$B$217,B46,$C$2:$C$217,C46)/D46,0) -> 0.82446667 | O46: =IF(COUNTIFS(Scenario_Weekly_Plan!$A:$A,$A46,Scenario_Weekly_Plan!$B:$B,$C46)>0,"Scenario PP imported",MPS!O46) -> 0 | P46: =SUMIFS($J$2:J45,$B$2:B45,B46,$C$2:C45,C46) -> 7058 | Q46: =MAX(0,D46-P46) -> 7942 | R46: =MAX(0,MIN(E46,F46+J46)) -> 5309
A47: B | B47: 123AB | C47: 46188 | D47: 15000 | E47: 5309 | F47: =K46 -> 0 | G47: 15000 | H47: =MAX(0,H48+E48-Q48) -> 0 | I47: =MAX(0,E47+H47-F47) -> 5309 | J47: =IF(COUNTIFS(Scenario_Weekly_Plan!$A:$A,$A47,Scenario_Weekly_Plan!$B:$B,$C47)>0,SUMIFS(Scenario_Weekly_Plan!$C:$C,Scenario_Weekly_Plan!$A:$A,$A47,Scenario_Weekly_Plan!$B:$B,$C47),MIN(Q47,I47,MAX(0,E47+G47-F47))) -> 5309 | K47: =MIN(G47,MAX(0,F47+J47-E47)) -> 0 | L47: =MAX(0,E47-F47-J47) -> 0 | M47: =MAX(0,F47+J47-E47) -> 0 | N47: =IFERROR(SUMIFS($J$2:$J$217,$B$2:$B$217,B47,$C$2:$C$217,C47)/D47,0) -> 0.48993333 | O47: =IF(COUNTIFS(Scenario_Weekly_Plan!$A:$A,$A47,Scenario_Weekly_Plan!$B:$B,$C47)>0,"Scenario PP imported",MPS!O47) -> 0 | P47: =SUMIFS($J$2:J46,$B$2:B46,B47,$C$2:C46,C47) -> 2040 | Q47: =MAX(0,D47-P47) -> 12960 | R47: =MAX(0,MIN(E47,F47+J47)) -> 5309
A48: B | B48: 123AB | C48: 46195 | D48: 15000 | E48: 3000 | F48: =K47 -> 0 | G48: 15000 | H48: =MAX(0,H49+E49-Q49) -> 81 | I48: =MAX(0,E48+H48-F48) -> 3081 | J48: =IF(COUNTIFS(Scenario_Weekly_Plan!$A:$A,$A48,Scenario_Weekly_Plan!$B:$B,$C48)>0,SUMIFS(Scenario_Weekly_Plan!$C:$C,Scenario_Weekly_Plan!$A:$A,$A48,Scenario_Weekly_Plan!$B:$B,$C48),MIN(Q48,I48,MAX(0,E48+G48-F48))) -> 3081 | K48: =MIN(G48,MAX(0,F48+J48-E48)) -> 81 | L48: =MAX(0,E48-F48-J48) -> 0 | M48: =MAX(0,F48+J48-E48) -> 81 | N48: =IFERROR(SUMIFS($J$2:$J$217,$B$2:$B$217,B48,$C$2:$C$217,C48)/D48,0) -> 0.44146667 | O48: =IF(COUNTIFS(Scenario_Weekly_Plan!$A:$A,$A48,Scenario_Weekly_Plan!$B:$B,$C48)>0,"Scenario PP imported",MPS!O48) -> 0 | P48: =SUMIFS($J$2:J47,$B$2:B47,B48,$C$2:C47,C48) -> 3541 | Q48: =MAX(0,D48-P48) -> 11459 | R48: =MAX(0,MIN(E48,F48+J48)) -> 3000
A49: B | B49: 123AB | C49: 46202 | D49: 15000 | E49: 3000 | F49: =K48 -> 81 | G49: 15000 | H49: =MAX(0,H50+E50-Q50) -> 40 | I49: =MAX(0,E49+H49-F49) -> 2959 | J49: =IF(COUNTIFS(Scenario_Weekly_Plan!$A:$A,$A49,Scenario_Weekly_Plan!$B:$B,$C49)>0,SUMIFS(Scenario_Weekly_Plan!$C:$C,Scenario_Weekly_Plan!$A:$A,$A49,Scenario_Weekly_Plan!$B:$B,$C49),MIN(Q49,I49,MAX(0,E49+G49-F49))) -> 2959 | K49: =MIN(G49,MAX(0,F49+J49-E49)) -> 40 | L49: =MAX(0,E49-F49-J49) -> 0 | M49: =MAX(0,F49+J49-E49) -> 40 | N49: =IFERROR(SUMIFS($J$2:$J$217,$B$2:$B$217,B49,$C$2:$C$217,C49)/D49,0) -> 1 | O49: =IF(COUNTIFS(Scenario_Weekly_Plan!$A:$A,$A49,Scenario_Weekly_Plan!$B:$B,$C49)>0,"Scenario PP imported",MPS!O49) -> 0 | P49: =SUMIFS($J$2:J48,$B$2:B48,B49,$C$2:C48,C49) -> 12041 | Q49: =MAX(0,D49-P49) -> 2959 | R49: =MAX(0,MIN(E49,F49+J49)) -> 3000
A50: B | B50: 123AB | C50: 46209 | D50: 15000 | E50: 3000 | F50: =K49 -> 40 | G50: 15000 | H50: =MAX(0,H51+E51-Q51) -> 0 | I50: =MAX(0,E50+H50-F50) -> 2960 | J50: =IF(COUNTIFS(Scenario_Weekly_Plan!$A:$A,$A50,Scenario_Weekly_Plan!$B:$B,$C50)>0,SUMIFS(Scenario_Weekly_Plan!$C:$C,Scenario_Weekly_Plan!$A:$A,$A50,Scenario_Weekly_Plan!$B:$B,$C50),MIN(Q50,I50,MAX(0,E50+G50-F50))) -> 2960 | K50: =MIN(G50,MAX(0,F50+J50-E50)) -> 0 | L50: =MAX(0,E50-F50-J50) -> 0 | M50: =MAX(0,F50+J50-E50) -> 0 | N50: =IFERROR(SUMIFS($J$2:$J$217,$B$2:$B$217,B50,$C$2:$C$217,C50)/D50,0) -> 1 | O50: =IF(COUNTIFS(Scenario_Weekly_Plan!$A:$A,$A50,Scenario_Weekly_Plan!$B:$B,$C50)>0,"Scenario PP imported",MPS!O50) -> 0 | P50: =SUMIFS($J$2:J49,$B$2:B49,B50,$C$2:C49,C50) -> 12040 | Q50: =MAX(0,D50-P50) -> 2960 | R50: =MAX(0,MIN(E50,F50+J50)) -> 3000
... A72: B | B72: 123AB | C72: 46363 | D72: 15000 | E72: 6250 | F72: =K71 -> 0 | G72: 15000 | H72: =MAX(0,H73+E73-Q73) -> 0 | I72: =MAX(0,E72+H72-F72) -> 6250 | J72: =IF(COUNTIFS(Scenario_Weekly_Plan!$A:$A,$A72,Scenario_Weekly_Plan!$B:$B,$C72)>0,SUMIFS(Scenario_Weekly_Plan!$C:$C,Scenario_Weekly_Plan!$A:$A,$A72,Scenario_Weekly_Plan!$B:$B,$C72),MIN(Q72,I72,MAX(0,E72+G72-F72))) -> 6250 | K72: =MIN(G72,MAX(0,F72+J72-E72)) -> 0 | L72: =MAX(0,E72-F72-J72) -> 0 | M72: =MAX(0,F72+J72-E72) -> 0 | N72: =IFERROR(SUMIFS($J$2:$J$217,$B$2:$B$217,B72,$C$2:$C$217,C72)/D72,0) -> 0.97173333 | O72: =IF(COUNTIFS(Scenario_Weekly_Plan!$A:$A,$A72,Scenario_Weekly_Plan!$B:$B,$C72)>0,"Scenario PP imported",MPS!O72) -> 0 | P72: =SUMIFS($J$2:J71,$B$2:B71,B72,$C$2:C71,C72) -> 8326 | Q72: =MAX(0,D72-P72) -> 6674 | R72: =MAX(0,MIN(E72,F72+J72)) -> 6250
A73: B | B73: 123AB | C73: 46370 | D73: 15000 | E73: 6250 | F73: =K72 -> 0 | G73: 15000 | H73: =0 -> 0 | I73: =MAX(0,E73+H73-F73) -> 6250 | J73: =IF(COUNTIFS(Scenario_Weekly_Plan!$A:$A,$A73,Scenario_Weekly_Plan!$B:$B,$C73)>0,SUMIFS(Scenario_Weekly_Plan!$C:$C,Scenario_Weekly_Plan!$A:$A,$A73,Scenario_Weekly_Plan!$B:$B,$C73),MIN(Q73,I73,MAX(0,E73+G73-F73))) -> 6250 | K73: =MIN(G73,MAX(0,F73+J73-E73)) -> 0 | L73: =MAX(0,E73-F73-J73) -> 0 | M73: =MAX(0,F73+J73-E73) -> 0 | N73: =IFERROR(SUMIFS($J$2:$J$217,$B$2:$B$217,B73,$C$2:$C$217,C73)/D73,0) -> 0.97166667 | O73: =IF(COUNTIFS(Scenario_Weekly_Plan!$A:$A,$A73,Scenario_Weekly_Plan!$B:$B,$C73)>0,"Scenario PP imported",MPS!O73) -> 0 | P73: =SUMIFS($J$2:J72,$B$2:B72,B73,$C$2:C72,C73) -> 8325 | Q73: =MAX(0,D73-P73) -> 6675 | R73: =MAX(0,MIN(E73,F73+J73)) -> 6250
A74: C | B74: 456CD | C74: 46125 | D74: 5000 | E74: 0 | F74: =0 -> 0 | G74: 5000 | H74: =MAX(0,H75+E75-Q75) -> 11175 | I74: =MAX(0,E74+H74-F74) -> 11175 | J74: =IF(COUNTIFS(Scenario_Weekly_Plan!$A:$A,$A74,Scenario_Weekly_Plan!$B:$B,$C74)>0,SUMIFS(Scenario_Weekly_Plan!$C:$C,Scenario_Weekly_Plan!$A:$A,$A74,Scenario_Weekly_Plan!$B:$B,$C74),MIN(Q74,I74,MAX(0,E74+G74-F74))) -> 3332 | K74: =MIN(G74,MAX(0,F74+J74-E74)) -> 3332 | L74: =MAX(0,E74-F74-J74) -> 0 | M74: =MAX(0,F74+J74-E74) -> 3332 | N74: =IFERROR(SUMIFS($J$2:$J$217,$B$2:$B$217,B74,$C$2:$C$217,C74)/D74,0) -> 0.6664 | O74: =IF(COUNTIFS(Scenario_Weekly_Plan!$A:$A,$A74,Scenario_Weekly_Plan!$B:$B,$C74)>0,"Scenario PP imported",MPS!O74) -> Scenario PP imported | P74: =SUMIFS($J$2:J73,$B$2:B73,B74,$C$2:C73,C74) -> 0 | Q74: =MAX(0,D74-P74) -> 5000 | R74: =MAX(0,MIN(E74,F74+J74)) -> 0
A75: C | B75: 456CD | C75: 46132 | D75: 5000 | E75: 0 | F75: =K74 -> 3332 | G75: 5000 | H75: =MAX(0,H76+E76-Q76) -> 16175 | I75: =MAX(0,E75+H75-F75) -> 12843 | J75: =IF(COUNTIFS(Scenario_Weekly_Plan!$A:$A,$A75,Scenario_Weekly_Plan!$B:$B,$C75)>0,SUMIFS(Scenario_Weekly_Plan!$C:$C,Scenario_Weekly_Plan!$A:$A,$A75,Scenario_Weekly_Plan!$B:$B,$C75),MIN(Q75,I75,MAX(0,E75+G75-F75))) -> 4998 | K75: =MIN(G75,MAX(0,F75+J75-E75)) -> 5000 | L75: =MAX(0,E75-F75-J75) -> 0 | M75: =MAX(0,F75+J75-E75) -> 8330 | N75: =IFERROR(SUMIFS($J$2:$J$217,$B$2:$B$217,B75,$C$2:$C$217,C75)/D75,0) -> 0.9996 | O75: =IF(COUNTIFS(Scenario_Weekly_Plan!$A:$A,$A75,Scenario_Weekly_Plan!$B:$B,$C75)>0,"Scenario PP imported",MPS!O75) -> Scenario PP imported | P75: =SUMIFS($J$2:J74,$B$2:B74,B75,$C$2:C74,C75) -> 0 | Q75: =MAX(0,D75-P75) -> 5000 | R75: =MAX(0,MIN(E75,F75+J75)) -> 0
A76: C | B76: 456CD | C76: 46139 | D76: 5000 | E76: 0 | F76: =K75 -> 5000 | G76: 5000 | H76: =MAX(0,H77+E77-Q77) -> 21175 | I76: =MAX(0,E76+H76-F76) -> 16175 | J76: =IF(COUNTIFS(Scenario_Weekly_Plan!$A:$A,$A76,Scenario_Weekly_Plan!$B:$B,$C76)>0,SUMIFS(Scenario_Weekly_Plan!$C:$C,Scenario_Weekly_Plan!$A:$A,$A76,Scenario_Weekly_Plan!$B:$B,$C76),MIN(Q76,I76,MAX(0,E76+G76-F76))) -> 4998 | K76: =MIN(G76,MAX(0,F76+J76-E76)) -> 5000 | L76: =MAX(0,E76-F76-J76) -> 0 | M76: =MAX(0,F76+J76-E76) -> 9998 | N76: =IFERROR(SUMIFS($J$2:$J$217,$B$2:$B$217,B76,$C$2:$C$217,C76)/D76,0) -> 0.9996 | O76: =IF(COUNTIFS(Scenario_Weekly_Plan!$A:$A,$A76,Scenario_Weekly_Plan!$B:$B,$C76)>0,"Scenario PP imported",MPS!O76) -> Scenario PP imported | P76: =SUMIFS($J$2:J75,$B$2:B75,B76,$C$2:C75,C76) -> 0 | Q76: =MAX(0,D76-P76) -> 5000 | R76: =MAX(0,MIN(E76,F76+J76)) -> 0
A77: C | B77: 456CD | C77: 46146 | D77: 5000 | E77: 4320 | F77: =K76 -> 5000 | G77: 5000 | H77: =MAX(0,H78+E78-Q78) -> 21855 | I77: =MAX(0,E77+H77-F77) -> 21175 | J77: =IF(COUNTIFS(Scenario_Weekly_Plan!$A:$A,$A77,Scenario_Weekly_Plan!$B:$B,$C77)>0,SUMIFS(Scenario_Weekly_Plan!$C:$C,Scenario_Weekly_Plan!$A:$A,$A77,Scenario_Weekly_Plan!$B:$B,$C77),MIN(Q77,I77,MAX(0,E77+G77-F77))) -> 4998 | K77: =MIN(G77,MAX(0,F77+J77-E77)) -> 5000 | L77: =MAX(0,E77-F77-J77) -> 0 | M77: =MAX(0,F77+J77-E77) -> 5678 | N77: =IFERROR(SUMIFS($J$2:$J$217,$B$2:$B$217,B77,$C$2:$C$217,C77)/D77,0) -> 0.9996 | O77: =IF(COUNTIFS(Scenario_Weekly_Plan!$A:$A,$A77,Scenario_Weekly_Plan!$B:$B,$C77)>0,"Scenario PP imported",MPS!O77) -> Scenario PP imported | P77: =SUMIFS($J$2:J76,$B$2:B76,B77,$C$2:C76,C77) -> 0 | Q77: =MAX(0,D77-P77) -> 5000 | R77: =MAX(0,MIN(E77,F77+J77)) -> 4320
A78: C | B78: 456CD | C78: 46153 | D78: 5000 | E78: 8370 | F78: =K77 -> 5000 | G78: 5000 | H78: =MAX(0,H79+E79-Q79) -> 18485 | I78: =MAX(0,E78+H78-F78) -> 21855 | J78: =IF(COUNTIFS(Scenario_Weekly_Plan!$A:$A,$A78,Scenario_Weekly_Plan!$B:$B,$C78)>0,SUMIFS(Scenario_Weekly_Plan!$C:$C,Scenario_Weekly_Plan!$A:$A,$A78,Scenario_Weekly_Plan!$B:$B,$C78),MIN(Q78,I78,MAX(0,E78+G78-F78))) -> 4165 | K78: =MIN(G78,MAX(0,F78+J78-E78)) -> 795 | L78: =MAX(0,E78-F78-J78) -> 0 | M78: =MAX(0,F78+J78-E78) -> 795 | N78: =IFERROR(SUMIFS($J$2:$J$217,$B$2:$B$217,B78,$C$2:$C$217,C78)/D78,0) -> 0.833 | O78: =IF(COUNTIFS(Scenario_Weekly_Plan!$A:$A,$A78,Scenario_Weekly_Plan!$B:$B,$C78)>0,"Scenario PP imported",MPS!O78) -> Scenario PP imported | P78: =SUMIFS($J$2:J77,$B$2:B77,B78,$C$2:C77,C78) -> 0 | Q78: =MAX(0,D78-P78) -> 5000 | R78: =MAX(0,MIN(E78,F78+J78)) -> 8370
A79: C | B79: 456CD | C79: 46160 | D79: 5000 | E79: 11782 | F79: =K78 -> 795 | G79: 5000 | H79: =MAX(0,H80+E80-Q80) -> 11703 | I79: =MAX(0,E79+H79-F79) -> 22690 | J79: =IF(COUNTIFS(Scenario_Weekly_Plan!$A:$A,$A79,Scenario_Weekly_Plan!$B:$B,$C79)>0,SUMIFS(Scenario_Weekly_Plan!$C:$C,Scenario_Weekly_Plan!$A:$A,$A79,Scenario_Weekly_Plan!$B:$B,$C79),MIN(Q79,I79,MAX(0,E79+G79-F79))) -> 5000 | K79: =MIN(G79,MAX(0,F79+J79-E79)) -> 0 | L79: =MAX(0,E79-F79-J79) -> 5987 | M79: =MAX(0,F79+J79-E79) -> 0 | N79: =IFERROR(SUMIFS($J$2:$J$217,$B$2:$B$217,B79,$C$2:$C$217,C79)/D79,0) -> 1 | O79: =IF(COUNTIFS(Scenario_Weekly_Plan!$A:$A,$A79,Scenario_Weekly_Plan!$B:$B,$C79)>0,"Scenario PP imported",MPS!O79) -> 0 | P79: =SUMIFS($J$2:J78,$B$2:B78,B79,$C$2:C78,C79) -> 0 | Q79: =MAX(0,D79-P79) -> 5000 | R79: =MAX(0,MIN(E79,F79+J79)) -> 5795
A80: C | B80: 456CD | C80: 46167 | D80: 5000 | E80: 10524 | F80: =K79 -> 0 | G80: 5000 | H80: =MAX(0,H81+E81-Q81) -> 6179 | I80: =MAX(0,E80+H80-F80) -> 16703 | J80: =IF(COUNTIFS(Scenario_Weekly_Plan!$A:$A,$A80,Scenario_Weekly_Plan!$B:$B,$C80)>0,SUMIFS(Scenario_Weekly_Plan!$C:$C,Scenario_Weekly_Plan!$A:$A,$A80,Scenario_Weekly_Plan!$B:$B,$C80),MIN(Q80,I80,MAX(0,E80+G80-F80))) -> 5000 | K80: =MIN(G80,MAX(0,F80+J80-E80)) -> 0 | L80: =MAX(0,E80-F80-J80) -> 5524 | M80: =MAX(0,F80+J80-E80) -> 0 | N80: =IFERROR(SUMIFS($J$2:$J$217,$B$2:$B$217,B80,$C$2:$C$217,C80)/D80,0) -> 1 | O80: =IF(COUNTIFS(Scenario_Weekly_Plan!$A:$A,$A80,Scenario_Weekly_Plan!$B:$B,$C80)>0,"Scenario PP imported",MPS!O80) -> 0 | P80: =SUMIFS($J$2:J79,$B$2:B79,B80,$C$2:C79,C80) -> 0 | Q80: =MAX(0,D80-P80) -> 5000 | R80: =MAX(0,MIN(E80,F80+J80)) -> 5000
A81: C | B81: 456CD | C81: 46174 | D81: 5000 | E81: 3240 | F81: =K80 -> 0 | G81: 5000 | H81: =MAX(0,H82+E82-Q82) -> 7939 | I81: =MAX(0,E81+H81-F81) -> 11179 | J81: =IF(COUNTIFS(Scenario_Weekly_Plan!$A:$A,$A81,Scenario_Weekly_Plan!$B:$B,$C81)>0,SUMIFS(Scenario_Weekly_Plan!$C:$C,Scenario_Weekly_Plan!$A:$A,$A81,Scenario_Weekly_Plan!$B:$B,$C81),MIN(Q81,I81,MAX(0,E81+G81-F81))) -> 5000 | K81: =MIN(G81,MAX(0,F81+J81-E81)) -> 1760 | L81: =MAX(0,E81-F81-J81) -> 0 | M81: =MAX(0,F81+J81-E81) -> 1760 | N81: =IFERROR(SUMIFS($J$2:$J$217,$B$2:$B$217,B81,$C$2:$C$217,C81)/D81,0) -> 1 | O81: =IF(COUNTIFS(Scenario_Weekly_Plan!$A:$A,$A81,Scenario_Weekly_Plan!$B:$B,$C81)>0,"Scenario PP imported",MPS!O81) -> 0 | P81: =SUMIFS($J$2:J80,$B$2:B80,B81,$C$2:C80,C81) -> 0 | Q81: =MAX(0,D81-P81) -> 5000 | R81: =MAX(0,MIN(E81,F81+J81)) -> 3240
A82: C | B82: 456CD | C82: 46181 | D82: 5000 | E82: 6442 | F82: =K81 -> 1760 | G82: 5000 | H82: =MAX(0,H83+E83-Q83) -> 6497 | I82: =MAX(0,E82+H82-F82) -> 11179 | J82: =IF(COUNTIFS(Scenario_Weekly_Plan!$A:$A,$A82,Scenario_Weekly_Plan!$B:$B,$C82)>0,SUMIFS(Scenario_Weekly_Plan!$C:$C,Scenario_Weekly_Plan!$A:$A,$A82,Scenario_Weekly_Plan!$B:$B,$C82),MIN(Q82,I82,MAX(0,E82+G82-F82))) -> 5000 | K82: =MIN(G82,MAX(0,F82+J82-E82)) -> 318 | L82: =MAX(0,E82-F82-J82) -> 0 | M82: =MAX(0,F82+J82-E82) -> 318 | N82: =IFERROR(SUMIFS($J$2:$J$217,$B$2:$B$217,B82,$C$2:$C$217,C82)/D82,0) -> 1 | O82: =IF(COUNTIFS(Scenario_Weekly_Plan!$A:$A,$A82,Scenario_Weekly_Plan!$B:$B,$C82)>0,"Scenario PP imported",MPS!O82) -> 0 | P82: =SUMIFS($J$2:J81,$B$2:B81,B82,$C$2:C81,C82) -> 0 | Q82: =MAX(0,D82-P82) -> 5000 | R82: =MAX(0,MIN(E82,F82+J82)) -> 6442
A83: C | B83: 456CD | C83: 46188 | D83: 5000 | E83: 8802 | F83: =K82 -> 318 | G83: 5000 | H83: =MAX(0,H84+E84-Q84) -> 2695 | I83: =MAX(0,E83+H83-F83) -> 11179 | J83: =IF(COUNTIFS(Scenario_Weekly_Plan!$A:$A,$A83,Scenario_Weekly_Plan!$B:$B,$C83)>0,SUMIFS(Scenario_Weekly_Plan!$C:$C,Scenario_Weekly_Plan!$A:$A,$A83,Scenario_Weekly_Plan!$B:$B,$C83),MIN(Q83,I83,MAX(0,E83+G83-F83))) -> 5000 | K83: =MIN(G83,MAX(0,F83+J83-E83)) -> 0 | L83: =MAX(0,E83-F83-J83) -> 3484 | M83: =MAX(0,F83+J83-E83) -> 0 | N83: =IFERROR(SUMIFS($J$2:$J$217,$B$2:$B$217,B83,$C$2:$C$217,C83)/D83,0) -> 1 | O83: =IF(COUNTIFS(Scenario_Weekly_Plan!$A:$A,$A83,Scenario_Weekly_Plan!$B:$B,$C83)>0,"Scenario PP imported",MPS!O83) -> 0 | P83: =SUMIFS($J$2:J82,$B$2:B82,B83,$C$2:C82,C83) -> 0 | Q83: =MAX(0,D83-P83) -> 5000 | R83: =MAX(0,MIN(E83,F83+J83)) -> 5318
A84: C | B84: 456CD | C84: 46195 | D84: 5000 | E84: 7695 | F84: =K83 -> 0 | G84: 5000 | H84: =MAX(0,H85+E85-Q85) -> 0 | I84: =MAX(0,E84+H84-F84) -> 7695 | J84: =IF(COUNTIFS(Scenario_Weekly_Plan!$A:$A,$A84,Scenario_Weekly_Plan!$B:$B,$C84)>0,SUMIFS(Scenario_Weekly_Plan!$C:$C,Scenario_Weekly_Plan!$A:$A,$A84,Scenario_Weekly_Plan!$B:$B,$C84),MIN(Q84,I84,MAX(0,E84+G84-F84))) -> 5000 | K84: =MIN(G84,MAX(0,F84+J84-E84)) -> 0 | L84: =MAX(0,E84-F84-J84) -> 2695 | M84: =MAX(0,F84+J84-E84) -> 0 | N84: =IFERROR(SUMIFS($J$2:$J$217,$B$2:$B$217,B84,$C$2:$C$217,C84)/D84,0) -> 1 | O84: =IF(COUNTIFS(Scenario_Weekly_Plan!$A:$A,$A84,Scenario_Weekly_Plan!$B:$B,$C84)>0,"Scenario PP imported",MPS!O84) -> 0 | P84: =SUMIFS($J$2:J83,$B$2:B83,B84,$C$2:C83,C84) -> 0 | Q84: =MAX(0,D84-P84) -> 5000 | R84: =MAX(0,MIN(E84,F84+J84)) -> 5000
A85: C | B85: 456CD | C85: 46202 | D85: 5000 | E85: 2500 | F85: =K84 -> 0 | G85: 5000 | H85: =MAX(0,H86+E86-Q86) -> 0 | I85: =MAX(0,E85+H85-F85) -> 2500 | J85: =IF(COUNTIFS(Scenario_Weekly_Plan!$A:$A,$A85,Scenario_Weekly_Plan!$B:$B,$C85)>0,SUMIFS(Scenario_Weekly_Plan!$C:$C,Scenario_Weekly_Plan!$A:$A,$A85,Scenario_Weekly_Plan!$B:$B,$C85),MIN(Q85,I85,MAX(0,E85+G85-F85))) -> 2500 | K85: =MIN(G85,MAX(0,F85+J85-E85)) -> 0 | L85: =MAX(0,E85-F85-J85) -> 0 | M85: =MAX(0,F85+J85-E85) -> 0 | N85: =IFERROR(SUMIFS($J$2:$J$217,$B$2:$B$217,B85,$C$2:$C$217,C85)/D85,0) -> 0.6 | O85: =IF(COUNTIFS(Scenario_Weekly_Plan!$A:$A,$A85,Scenario_Weekly_Plan!$B:$B,$C85)>0,"Scenario PP imported",MPS!O85) -> 0 | P85: =SUMIFS($J$2:J84,$B$2:B84,B85,$C$2:C84,C85) -> 0 | Q85: =MAX(0,D85-P85) -> 5000 | R85: =MAX(0,MIN(E85,F85+J85)) -> 2500
A86: C | B86: 456CD | C86: 46209 | D86: 5000 | E86: 2500 | F86: =K85 -> 0 | G86: 5000 | H86: =MAX(0,H87+E87-Q87) -> 0 | I86: =MAX(0,E86+H86-F86) -> 2500 | J86: =IF(COUNTIFS(Scenario_Weekly_Plan!$A:$A,$A86,Scenario_Weekly_Plan!$B:$B,$C86)>0,SUMIFS(Scenario_Weekly_Plan!$C:$C,Scenario_Weekly_Plan!$A:$A,$A86,Scenario_Weekly_Plan!$B:$B,$C86),MIN(Q86,I86,MAX(0,E86+G86-F86))) -> 2500 | K86: =MIN(G86,MAX(0,F86+J86-E86)) -> 0 | L86: =MAX(0,E86-F86-J86) -> 0 | M86: =MAX(0,F86+J86-E86) -> 0 | N86: =IFERROR(SUMIFS($J$2:$J$217,$B$2:$B$217,B86,$C$2:$C$217,C86)/D86,0) -> 0.6 | O86: =IF(COUNTIFS(Scenario_Weekly_Plan!$A:$A,$A86,Scenario_Weekly_Plan!$B:$B,$C86)>0,"Scenario PP imported",MPS!O86) -> 0 | P86: =SUMIFS($J$2:J85,$B$2:B85,B86,$C$2:C85,C86) -> 0 | Q86: =MAX(0,D86-P86) -> 5000 | R86: =MAX(0,MIN(E86,F86+J86)) -> 2500
... A108: C | B108: 456CD | C108: 46363 | D108: 5000 | E108: 3000 | F108: =K107 -> 0 | G108: 5000 | H108: =MAX(0,H109+E109-Q109) -> 0 | I108: =MAX(0,E108+H108-F108) -> 3000 | J108: =IF(COUNTIFS(Scenario_Weekly_Plan!$A:$A,$A108,Scenario_Weekly_Plan!$B:$B,$C108)>0,SUMIFS(Scenario_Weekly_Plan!$C:$C,Scenario_Weekly_Plan!$A:$A,$A108,Scenario_Weekly_Plan!$B:$B,$C108),MIN(Q108,I108,MAX(0,E108+G108-F108))) -> 3000 | K108: =MIN(G108,MAX(0,F108+J108-E108)) -> 0 | L108: =MAX(0,E108-F108-J108) -> 0 | M108: =MAX(0,F108+J108-E108) -> 0 | N108: =IFERROR(SUMIFS($J$2:$J$217,$B$2:$B$217,B108,$C$2:$C$217,C108)/D108,0) -> 0.85 | O108: =IF(COUNTIFS(Scenario_Weekly_Plan!$A:$A,$A108,Scenario_Weekly_Plan!$B:$B,$C108)>0,"Scenario PP imported",MPS!O108) -> 0 | P108: =SUMIFS($J$2:J107,$B$2:B107,B108,$C$2:C107,C108) -> 0 | Q108: =MAX(0,D108-P108) -> 5000 | R108: =MAX(0,MIN(E108,F108+J108)) -> 3000
A109: C | B109: 456CD | C109: 46370 | D109: 5000 | E109: 3000 | F109: =K108 -> 0 | G109: 5000 | H109: =0 -> 0 | I109: =MAX(0,E109+H109-F109) -> 3000 | J109: =IF(COUNTIFS(Scenario_Weekly_Plan!$A:$A,$A109,Scenario_Weekly_Plan!$B:$B,$C109)>0,SUMIFS(Scenario_Weekly_Plan!$C:$C,Scenario_Weekly_Plan!$A:$A,$A109,Scenario_Weekly_Plan!$B:$B,$C109),MIN(Q109,I109,MAX(0,E109+G109-F109))) -> 3000 | K109: =MIN(G109,MAX(0,F109+J109-E109)) -> 0 | L109: =MAX(0,E109-F109-J109) -> 0 | M109: =MAX(0,F109+J109-E109) -> 0 | N109: =IFERROR(SUMIFS($J$2:$J$217,$B$2:$B$217,B109,$C$2:$C$217,C109)/D109,0) -> 0.85 | O109: =IF(COUNTIFS(Scenario_Weekly_Plan!$A:$A,$A109,Scenario_Weekly_Plan!$B:$B,$C109)>0,"Scenario PP imported",MPS!O109) -> 0 | P109: =SUMIFS($J$2:J108,$B$2:B108,B109,$C$2:C108,C109) -> 0 | Q109: =MAX(0,D109-P109) -> 5000 | R109: =MAX(0,MIN(E109,F109+J109)) -> 3000
A110: D | B110: 456CD | C110: 46125 | D110: 5000 | E110: 0 | F110: =0 -> 0 | G110: 5000 | H110: =MAX(0,H111+E111-Q111) -> 32949 | I110: =MAX(0,E110+H110-F110) -> 32949 | J110: =IF(COUNTIFS(Scenario_Weekly_Plan!$A:$A,$A110,Scenario_Weekly_Plan!$B:$B,$C110)>0,SUMIFS(Scenario_Weekly_Plan!$C:$C,Scenario_Weekly_Plan!$A:$A,$A110,Scenario_Weekly_Plan!$B:$B,$C110),MIN(Q110,I110,MAX(0,E110+G110-F110))) -> 0 | K110: =MIN(G110,MAX(0,F110+J110-E110)) -> 0 | L110: =MAX(0,E110-F110-J110) -> 0 | M110: =MAX(0,F110+J110-E110) -> 0 | N110: =IFERROR(SUMIFS($J$2:$J$217,$B$2:$B$217,B110,$C$2:$C$217,C110)/D110,0) -> 0.6664 | O110: =IF(COUNTIFS(Scenario_Weekly_Plan!$A:$A,$A110,Scenario_Weekly_Plan!$B:$B,$C110)>0,"Scenario PP imported",MPS!O110) -> Scenario PP imported | P110: =SUMIFS($J$2:J109,$B$2:B109,B110,$C$2:C109,C110) -> 3332 | Q110: =MAX(0,D110-P110) -> 1668 | R110: =MAX(0,MIN(E110,F110+J110)) -> 0
A111: D | B111: 456CD | C111: 46132 | D111: 5000 | E111: 0 | F111: =K110 -> 0 | G111: 5000 | H111: =MAX(0,H112+E112-Q112) -> 32951 | I111: =MAX(0,E111+H111-F111) -> 32951 | J111: =IF(COUNTIFS(Scenario_Weekly_Plan!$A:$A,$A111,Scenario_Weekly_Plan!$B:$B,$C111)>0,SUMIFS(Scenario_Weekly_Plan!$C:$C,Scenario_Weekly_Plan!$A:$A,$A111,Scenario_Weekly_Plan!$B:$B,$C111),MIN(Q111,I111,MAX(0,E111+G111-F111))) -> 0 | K111: =MIN(G111,MAX(0,F111+J111-E111)) -> 0 | L111: =MAX(0,E111-F111-J111) -> 0 | M111: =MAX(0,F111+J111-E111) -> 0 | N111: =IFERROR(SUMIFS($J$2:$J$217,$B$2:$B$217,B111,$C$2:$C$217,C111)/D111,0) -> 0.9996 | O111: =IF(COUNTIFS(Scenario_Weekly_Plan!$A:$A,$A111,Scenario_Weekly_Plan!$B:$B,$C111)>0,"Scenario PP imported",MPS!O111) -> Scenario PP imported | P111: =SUMIFS($J$2:J110,$B$2:B110,B111,$C$2:C110,C111) -> 4998 | Q111: =MAX(0,D111-P111) -> 2 | R111: =MAX(0,MIN(E111,F111+J111)) -> 0
A112: D | B112: 456CD | C112: 46139 | D112: 5000 | E112: 0 | F112: =K111 -> 0 | G112: 5000 | H112: =MAX(0,H113+E113-Q113) -> 32953 | I112: =MAX(0,E112+H112-F112) -> 32953 | J112: =IF(COUNTIFS(Scenario_Weekly_Plan!$A:$A,$A112,Scenario_Weekly_Plan!$B:$B,$C112)>0,SUMIFS(Scenario_Weekly_Plan!$C:$C,Scenario_Weekly_Plan!$A:$A,$A112,Scenario_Weekly_Plan!$B:$B,$C112),MIN(Q112,I112,MAX(0,E112+G112-F112))) -> 0 | K112: =MIN(G112,MAX(0,F112+J112-E112)) -> 0 | L112: =MAX(0,E112-F112-J112) -> 0 | M112: =MAX(0,F112+J112-E112) -> 0 | N112: =IFERROR(SUMIFS($J$2:$J$217,$B$2:$B$217,B112,$C$2:$C$217,C112)/D112,0) -> 0.9996 | O112: =IF(COUNTIFS(Scenario_Weekly_Plan!$A:$A,$A112,Scenario_Weekly_Plan!$B:$B,$C112)>0,"Scenario PP imported",MPS!O112) -> Scenario PP imported | P112: =SUMIFS($J$2:J111,$B$2:B111,B112,$C$2:C111,C112) -> 4998 | Q112: =MAX(0,D112-P112) -> 2 | R112: =MAX(0,MIN(E112,F112+J112)) -> 0
A113: D | B113: 456CD | C113: 46146 | D113: 5000 | E113: 2430 | F113: =K112 -> 0 | G113: 5000 | H113: =MAX(0,H114+E114-Q114) -> 30525 | I113: =MAX(0,E113+H113-F113) -> 32955 | J113: =IF(COUNTIFS(Scenario_Weekly_Plan!$A:$A,$A113,Scenario_Weekly_Plan!$B:$B,$C113)>0,SUMIFS(Scenario_Weekly_Plan!$C:$C,Scenario_Weekly_Plan!$A:$A,$A113,Scenario_Weekly_Plan!$B:$B,$C113),MIN(Q113,I113,MAX(0,E113+G113-F113))) -> 0 | K113: =MIN(G113,MAX(0,F113+J113-E113)) -> 0 | L113: =MAX(0,E113-F113-J113) -> 2430 | M113: =MAX(0,F113+J113-E113) -> 0 | N113: =IFERROR(SUMIFS($J$2:$J$217,$B$2:$B$217,B113,$C$2:$C$217,C113)/D113,0) -> 0.9996 | O113: =IF(COUNTIFS(Scenario_Weekly_Plan!$A:$A,$A113,Scenario_Weekly_Plan!$B:$B,$C113)>0,"Scenario PP imported",MPS!O113) -> Scenario PP imported | P113: =SUMIFS($J$2:J112,$B$2:B112,B113,$C$2:C112,C113) -> 4998 | Q113: =MAX(0,D113-P113) -> 2 | R113: =MAX(0,MIN(E113,F113+J113)) -> 0
A114: D | B114: 456CD | C114: 46153 | D114: 5000 | E114: 9990 | F114: =K113 -> 0 | G114: 5000 | H114: =MAX(0,H115+E115-Q115) -> 21370 | I114: =MAX(0,E114+H114-F114) -> 31360 | J114: =IF(COUNTIFS(Scenario_Weekly_Plan!$A:$A,$A114,Scenario_Weekly_Plan!$B:$B,$C114)>0,SUMIFS(Scenario_Weekly_Plan!$C:$C,Scenario_Weekly_Plan!$A:$A,$A114,Scenario_Weekly_Plan!$B:$B,$C114),MIN(Q114,I114,MAX(0,E114+G114-F114))) -> 0 | K114: =MIN(G114,MAX(0,F114+J114-E114)) -> 0 | L114: =MAX(0,E114-F114-J114) -> 9990 | M114: =MAX(0,F114+J114-E114) -> 0 | N114: =IFERROR(SUMIFS($J$2:$J$217,$B$2:$B$217,B114,$C$2:$C$217,C114)/D114,0) -> 0.833 | O114: =IF(COUNTIFS(Scenario_Weekly_Plan!$A:$A,$A114,Scenario_Weekly_Plan!$B:$B,$C114)>0,"Scenario PP imported",MPS!O114) -> Scenario PP imported | P114: =SUMIFS($J$2:J113,$B$2:B113,B114,$C$2:C113,C114) -> 4165 | Q114: =MAX(0,D114-P114) -> 835 | R114: =MAX(0,MIN(E114,F114+J114)) -> 0
A115: D | B115: 456CD | C115: 46160 | D115: 5000 | E115: 5840 | F115: =K114 -> 0 | G115: 5000 | H115: =MAX(0,H116+E116-Q116) -> 15530 | I115: =MAX(0,E115+H115-F115) -> 21370 | J115: =IF(COUNTIFS(Scenario_Weekly_Plan!$A:$A,$A115,Scenario_Weekly_Plan!$B:$B,$C115)>0,SUMIFS(Scenario_Weekly_Plan!$C:$C,Scenario_Weekly_Plan!$A:$A,$A115,Scenario_Weekly_Plan!$B:$B,$C115),MIN(Q115,I115,MAX(0,E115+G115-F115))) -> 0 | K115: =MIN(G115,MAX(0,F115+J115-E115)) -> 0 | L115: =MAX(0,E115-F115-J115) -> 5840 | M115: =MAX(0,F115+J115-E115) -> 0 | N115: =IFERROR(SUMIFS($J$2:$J$217,$B$2:$B$217,B115,$C$2:$C$217,C115)/D115,0) -> 1 | O115: =IF(COUNTIFS(Scenario_Weekly_Plan!$A:$A,$A115,Scenario_Weekly_Plan!$B:$B,$C115)>0,"Scenario PP imported",MPS!O115) -> 0 | P115: =SUMIFS($J$2:J114,$B$2:B114,B115,$C$2:C114,C115) -> 5000 | Q115: =MAX(0,D115-P115) -> 0 | R115: =MAX(0,MIN(E115,F115+J115)) -> 0
A116: D | B116: 456CD | C116: 46167 | D116: 5000 | E116: 8100 | F116: =K115 -> 0 | G116: 5000 | H116: =MAX(0,H117+E117-Q117) -> 7430 | I116: =MAX(0,E116+H116-F116) -> 15530 | J116: =IF(COUNTIFS(Scenario_Weekly_Plan!$A:$A,$A116,Scenario_Weekly_Plan!$B:$B,$C116)>0,SUMIFS(Scenario_Weekly_Plan!$C:$C,Scenario_Weekly_Plan!$A:$A,$A116,Scenario_Weekly_Plan!$B:$B,$C116),MIN(Q116,I116,MAX(0,E116+G116-F116))) -> 0 | K116: =MIN(G116,MAX(0,F116+J116-E116)) -> 0 | L116: =MAX(0,E116-F116-J116) -> 8100 | M116: =MAX(0,F116+J116-E116) -> 0 | N116: =IFERROR(SUMIFS($J$2:$J$217,$B$2:$B$217,B116,$C$2:$C$217,C116)/D116,0) -> 1 | O116: =IF(COUNTIFS(Scenario_Weekly_Plan!$A:$A,$A116,Scenario_Weekly_Plan!$B:$B,$C116)>0,"Scenario PP imported",MPS!O116) -> 0 | P116: =SUMIFS($J$2:J115,$B$2:B115,B116,$C$2:C115,C116) -> 5000 | Q116: =MAX(0,D116-P116) -> 0 | R116: =MAX(0,MIN(E116,F116+J116)) -> 0
A117: D | B117: 456CD | C117: 46174 | D117: 5000 | E117: 1001 | F117: =K116 -> 0 | G117: 5000 | H117: =MAX(0,H118+E118-Q118) -> 6429 | I117: =MAX(0,E117+H117-F117) -> 7430 | J117: =IF(COUNTIFS(Scenario_Weekly_Plan!$A:$A,$A117,Scenario_Weekly_Plan!$B:$B,$C117)>0,SUMIFS(Scenario_Weekly_Plan!$C:$C,Scenario_Weekly_Plan!$A:$A,$A117,Scenario_Weekly_Plan!$B:$B,$C117),MIN(Q117,I117,MAX(0,E117+G117-F117))) -> 0 | K117: =MIN(G117,MAX(0,F117+J117-E117)) -> 0 | L117: =MAX(0,E117-F117-J117) -> 1001 | M117: =MAX(0,F117+J117-E117) -> 0 | N117: =IFERROR(SUMIFS($J$2:$J$217,$B$2:$B$217,B117,$C$2:$C$217,C117)/D117,0) -> 1 | O117: =IF(COUNTIFS(Scenario_Weekly_Plan!$A:$A,$A117,Scenario_Weekly_Plan!$B:$B,$C117)>0,"Scenario PP imported",MPS!O117) -> 0 | P117: =SUMIFS($J$2:J116,$B$2:B116,B117,$C$2:C116,C117) -> 5000 | Q117: =MAX(0,D117-P117) -> 0 | R117: =MAX(0,MIN(E117,F117+J117)) -> 0
A118: D | B118: 456CD | C118: 46181 | D118: 5000 | E118: 2471 | F118: =K117 -> 0 | G118: 5000 | H118: =MAX(0,H119+E119-Q119) -> 3958 | I118: =MAX(0,E118+H118-F118) -> 6429 | J118: =IF(COUNTIFS(Scenario_Weekly_Plan!$A:$A,$A118,Scenario_Weekly_Plan!$B:$B,$C118)>0,SUMIFS(Scenario_Weekly_Plan!$C:$C,Scenario_Weekly_Plan!$A:$A,$A118,Scenario_Weekly_Plan!$B:$B,$C118),MIN(Q118,I118,MAX(0,E118+G118-F118))) -> 0 | K118: =MIN(G118,MAX(0,F118+J118-E118)) -> 0 | L118: =MAX(0,E118-F118-J118) -> 2471 | M118: =MAX(0,F118+J118-E118) -> 0 | N118: =IFERROR(SUMIFS($J$2:$J$217,$B$2:$B$217,B118,$C$2:$C$217,C118)/D118,0) -> 1 | O118: =IF(COUNTIFS(Scenario_Weekly_Plan!$A:$A,$A118,Scenario_Weekly_Plan!$B:$B,$C118)>0,"Scenario PP imported",MPS!O118) -> 0 | P118: =SUMIFS($J$2:J117,$B$2:B117,B118,$C$2:C117,C118) -> 5000 | Q118: =MAX(0,D118-P118) -> 0 | R118: =MAX(0,MIN(E118,F118+J118)) -> 0
A119: D | B119: 456CD | C119: 46188 | D119: 5000 | E119: 3458 | F119: =K118 -> 0 | G119: 5000 | H119: =MAX(0,H120+E120-Q120) -> 500 | I119: =MAX(0,E119+H119-F119) -> 3958 | J119: =IF(COUNTIFS(Scenario_Weekly_Plan!$A:$A,$A119,Scenario_Weekly_Plan!$B:$B,$C119)>0,SUMIFS(Scenario_Weekly_Plan!$C:$C,Scenario_Weekly_Plan!$A:$A,$A119,Scenario_Weekly_Plan!$B:$B,$C119),MIN(Q119,I119,MAX(0,E119+G119-F119))) -> 0 | K119: =MIN(G119,MAX(0,F119+J119-E119)) -> 0 | L119: =MAX(0,E119-F119-J119) -> 3458 | M119: =MAX(0,F119+J119-E119) -> 0 | N119: =IFERROR(SUMIFS($J$2:$J$217,$B$2:$B$217,B119,$C$2:$C$217,C119)/D119,0) -> 1 | O119: =IF(COUNTIFS(Scenario_Weekly_Plan!$A:$A,$A119,Scenario_Weekly_Plan!$B:$B,$C119)>0,"Scenario PP imported",MPS!O119) -> 0 | P119: =SUMIFS($J$2:J118,$B$2:B118,B119,$C$2:C118,C119) -> 5000 | Q119: =MAX(0,D119-P119) -> 0 | R119: =MAX(0,MIN(E119,F119+J119)) -> 0
A120: D | B120: 456CD | C120: 46195 | D120: 5000 | E120: 500 | F120: =K119 -> 0 | G120: 5000 | H120: =MAX(0,H121+E121-Q121) -> 0 | I120: =MAX(0,E120+H120-F120) -> 500 | J120: =IF(COUNTIFS(Scenario_Weekly_Plan!$A:$A,$A120,Scenario_Weekly_Plan!$B:$B,$C120)>0,SUMIFS(Scenario_Weekly_Plan!$C:$C,Scenario_Weekly_Plan!$A:$A,$A120,Scenario_Weekly_Plan!$B:$B,$C120),MIN(Q120,I120,MAX(0,E120+G120-F120))) -> 0 | K120: =MIN(G120,MAX(0,F120+J120-E120)) -> 0 | L120: =MAX(0,E120-F120-J120) -> 500 | M120: =MAX(0,F120+J120-E120) -> 0 | N120: =IFERROR(SUMIFS($J$2:$J$217,$B$2:$B$217,B120,$C$2:$C$217,C120)/D120,0) -> 1 | O120: =IF(COUNTIFS(Scenario_Weekly_Plan!$A:$A,$A120,Scenario_Weekly_Plan!$B:$B,$C120)>0,"Scenario PP imported",MPS!O120) -> 0 | P120: =SUMIFS($J$2:J119,$B$2:B119,B120,$C$2:C119,C120) -> 5000 | Q120: =MAX(0,D120-P120) -> 0 | R120: =MAX(0,MIN(E120,F120+J120)) -> 0
A121: D | B121: 456CD | C121: 46202 | D121: 5000 | E121: 500 | F121: =K120 -> 0 | G121: 5000 | H121: =MAX(0,H122+E122-Q122) -> 0 | I121: =MAX(0,E121+H121-F121) -> 500 | J121: =IF(COUNTIFS(Scenario_Weekly_Plan!$A:$A,$A121,Scenario_Weekly_Plan!$B:$B,$C121)>0,SUMIFS(Scenario_Weekly_Plan!$C:$C,Scenario_Weekly_Plan!$A:$A,$A121,Scenario_Weekly_Plan!$B:$B,$C121),MIN(Q121,I121,MAX(0,E121+G121-F121))) -> 500 | K121: =MIN(G121,MAX(0,F121+J121-E121)) -> 0 | L121: =MAX(0,E121-F121-J121) -> 0 | M121: =MAX(0,F121+J121-E121) -> 0 | N121: =IFERROR(SUMIFS($J$2:$J$217,$B$2:$B$217,B121,$C$2:$C$217,C121)/D121,0) -> 0.6 | O121: =IF(COUNTIFS(Scenario_Weekly_Plan!$A:$A,$A121,Scenario_Weekly_Plan!$B:$B,$C121)>0,"Scenario PP imported",MPS!O121) -> 0 | P121: =SUMIFS($J$2:J120,$B$2:B120,B121,$C$2:C120,C121) -> 2500 | Q121: =MAX(0,D121-P121) -> 2500 | R121: =MAX(0,MIN(E121,F121+J121)) -> 500
A122: D | B122: 456CD | C122: 46209 | D122: 5000 | E122: 500 | F122: =K121 -> 0 | G122: 5000 | H122: =MAX(0,H123+E123-Q123) -> 0 | I122: =MAX(0,E122+H122-F122) -> 500 | J122: =IF(COUNTIFS(Scenario_Weekly_Plan!$A:$A,$A122,Scenario_Weekly_Plan!$B:$B,$C122)>0,SUMIFS(Scenario_Weekly_Plan!$C:$C,Scenario_Weekly_Plan!$A:$A,$A122,Scenario_Weekly_Plan!$B:$B,$C122),MIN(Q122,I122,MAX(0,E122+G122-F122))) -> 500 | K122: =MIN(G122,MAX(0,F122+J122-E122)) -> 0 | L122: =MAX(0,E122-F122-J122) -> 0 | M122: =MAX(0,F122+J122-E122) -> 0 | N122: =IFERROR(SUMIFS($J$2:$J$217,$B$2:$B$217,B122,$C$2:$C$217,C122)/D122,0) -> 0.6 | O122: =IF(COUNTIFS(Scenario_Weekly_Plan!$A:$A,$A122,Scenario_Weekly_Plan!$B:$B,$C122)>0,"Scenario PP imported",MPS!O122) -> 0 | P122: =SUMIFS($J$2:J121,$B$2:B121,B122,$C$2:C121,C122) -> 2500 | Q122: =MAX(0,D122-P122) -> 2500 | R122: =MAX(0,MIN(E122,F122+J122)) -> 500
... A144: D | B144: 456CD | C144: 46363 | D144: 5000 | E144: 1250 | F144: =K143 -> 0 | G144: 5000 | H144: =MAX(0,H145+E145-Q145) -> 0 | I144: =MAX(0,E144+H144-F144) -> 1250 | J144: =IF(COUNTIFS(Scenario_Weekly_Plan!$A:$A,$A144,Scenario_Weekly_Plan!$B:$B,$C144)>0,SUMIFS(Scenario_Weekly_Plan!$C:$C,Scenario_Weekly_Plan!$A:$A,$A144,Scenario_Weekly_Plan!$B:$B,$C144),MIN(Q144,I144,MAX(0,E144+G144-F144))) -> 1250 | K144: =MIN(G144,MAX(0,F144+J144-E144)) -> 0 | L144: =MAX(0,E144-F144-J144) -> 0 | M144: =MAX(0,F144+J144-E144) -> 0 | N144: =IFERROR(SUMIFS($J$2:$J$217,$B$2:$B$217,B144,$C$2:$C$217,C144)/D144,0) -> 0.85 | O144: =IF(COUNTIFS(Scenario_Weekly_Plan!$A:$A,$A144,Scenario_Weekly_Plan!$B:$B,$C144)>0,"Scenario PP imported",MPS!O144) -> 0 | P144: =SUMIFS($J$2:J143,$B$2:B143,B144,$C$2:C143,C144) -> 3000 | Q144: =MAX(0,D144-P144) -> 2000 | R144: =MAX(0,MIN(E144,F144+J144)) -> 1250
A145: D | B145: 456CD | C145: 46370 | D145: 5000 | E145: 1250 | F145: =K144 -> 0 | G145: 5000 | H145: =0 -> 0 | I145: =MAX(0,E145+H145-F145) -> 1250 | J145: =IF(COUNTIFS(Scenario_Weekly_Plan!$A:$A,$A145,Scenario_Weekly_Plan!$B:$B,$C145)>0,SUMIFS(Scenario_Weekly_Plan!$C:$C,Scenario_Weekly_Plan!$A:$A,$A145,Scenario_Weekly_Plan!$B:$B,$C145),MIN(Q145,I145,MAX(0,E145+G145-F145))) -> 1250 | K145: =MIN(G145,MAX(0,F145+J145-E145)) -> 0 | L145: =MAX(0,E145-F145-J145) -> 0 | M145: =MAX(0,F145+J145-E145) -> 0 | N145: =IFERROR(SUMIFS($J$2:$J$217,$B$2:$B$217,B145,$C$2:$C$217,C145)/D145,0) -> 0.85 | O145: =IF(COUNTIFS(Scenario_Weekly_Plan!$A:$A,$A145,Scenario_Weekly_Plan!$B:$B,$C145)>0,"Scenario PP imported",MPS!O145) -> 0 | P145: =SUMIFS($J$2:J144,$B$2:B144,B145,$C$2:C144,C145) -> 3000 | Q145: =MAX(0,D145-P145) -> 2000 | R145: =MAX(0,MIN(E145,F145+J145)) -> 1250
A146: E | B146: 789EF | C146: 46125 | D146: 3000 | E146: 0 | F146: =0 -> 0 | G146: 3000 | H146: =MAX(0,H147+E147-Q147) -> 0 | I146: =MAX(0,E146+H146-F146) -> 0 | J146: =IF(COUNTIFS(Scenario_Weekly_Plan!$A:$A,$A146,Scenario_Weekly_Plan!$B:$B,$C146)>0,SUMIFS(Scenario_Weekly_Plan!$C:$C,Scenario_Weekly_Plan!$A:$A,$A146,Scenario_Weekly_Plan!$B:$B,$C146),MIN(Q146,I146,MAX(0,E146+G146-F146))) -> 0 | K146: =MIN(G146,MAX(0,F146+J146-E146)) -> 0 | L146: =MAX(0,E146-F146-J146) -> 0 | M146: =MAX(0,F146+J146-E146) -> 0 | N146: =IFERROR(SUMIFS($J$2:$J$217,$B$2:$B$217,B146,$C$2:$C$217,C146)/D146,0) -> 0.66666667 | O146: =IF(COUNTIFS(Scenario_Weekly_Plan!$A:$A,$A146,Scenario_Weekly_Plan!$B:$B,$C146)>0,"Scenario PP imported",MPS!O146) -> Scenario PP imported | P146: =SUMIFS($J$2:J145,$B$2:B145,B146,$C$2:C145,C146) -> 0 | Q146: =MAX(0,D146-P146) -> 3000 | R146: =MAX(0,MIN(E146,F146+J146)) -> 0
A147: E | B147: 789EF | C147: 46132 | D147: 3000 | E147: 0 | F147: =K146 -> 0 | G147: 3000 | H147: =MAX(0,H148+E148-Q148) -> 0 | I147: =MAX(0,E147+H147-F147) -> 0 | J147: =IF(COUNTIFS(Scenario_Weekly_Plan!$A:$A,$A147,Scenario_Weekly_Plan!$B:$B,$C147)>0,SUMIFS(Scenario_Weekly_Plan!$C:$C,Scenario_Weekly_Plan!$A:$A,$A147,Scenario_Weekly_Plan!$B:$B,$C147),MIN(Q147,I147,MAX(0,E147+G147-F147))) -> 500 | K147: =MIN(G147,MAX(0,F147+J147-E147)) -> 500 | L147: =MAX(0,E147-F147-J147) -> 0 | M147: =MAX(0,F147+J147-E147) -> 500 | N147: =IFERROR(SUMIFS($J$2:$J$217,$B$2:$B$217,B147,$C$2:$C$217,C147)/D147,0) -> 1 | O147: =IF(COUNTIFS(Scenario_Weekly_Plan!$A:$A,$A147,Scenario_Weekly_Plan!$B:$B,$C147)>0,"Scenario PP imported",MPS!O147) -> Scenario PP imported | P147: =SUMIFS($J$2:J146,$B$2:B146,B147,$C$2:C146,C147) -> 0 | Q147: =MAX(0,D147-P147) -> 3000 | R147: =MAX(0,MIN(E147,F147+J147)) -> 0
A148: E | B148: 789EF | C148: 46139 | D148: 3000 | E148: 472 | F148: =K147 -> 500 | G148: 3000 | H148: =MAX(0,H149+E149-Q149) -> 0 | I148: =MAX(0,E148+H148-F148) -> 0 | J148: =IF(COUNTIFS(Scenario_Weekly_Plan!$A:$A,$A148,Scenario_Weekly_Plan!$B:$B,$C148)>0,SUMIFS(Scenario_Weekly_Plan!$C:$C,Scenario_Weekly_Plan!$A:$A,$A148,Scenario_Weekly_Plan!$B:$B,$C148),MIN(Q148,I148,MAX(0,E148+G148-F148))) -> 970 | K148: =MIN(G148,MAX(0,F148+J148-E148)) -> 998 | L148: =MAX(0,E148-F148-J148) -> 0 | M148: =MAX(0,F148+J148-E148) -> 998 | N148: =IFERROR(SUMIFS($J$2:$J$217,$B$2:$B$217,B148,$C$2:$C$217,C148)/D148,0) -> 1 | O148: =IF(COUNTIFS(Scenario_Weekly_Plan!$A:$A,$A148,Scenario_Weekly_Plan!$B:$B,$C148)>0,"Scenario PP imported",MPS!O148) -> Scenario PP imported | P148: =SUMIFS($J$2:J147,$B$2:B147,B148,$C$2:C147,C148) -> 0 | Q148: =MAX(0,D148-P148) -> 3000 | R148: =MAX(0,MIN(E148,F148+J148)) -> 472
A149: E | B149: 789EF | C149: 46146 | D149: 3000 | E149: 300 | F149: =K148 -> 998 | G149: 3000 | H149: =MAX(0,H150+E150-Q150) -> 0 | I149: =MAX(0,E149+H149-F149) -> 0 | J149: =IF(COUNTIFS(Scenario_Weekly_Plan!$A:$A,$A149,Scenario_Weekly_Plan!$B:$B,$C149)>0,SUMIFS(Scenario_Weekly_Plan!$C:$C,Scenario_Weekly_Plan!$A:$A,$A149,Scenario_Weekly_Plan!$B:$B,$C149),MIN(Q149,I149,MAX(0,E149+G149-F149))) -> 0 | K149: =MIN(G149,MAX(0,F149+J149-E149)) -> 698 | L149: =MAX(0,E149-F149-J149) -> 0 | M149: =MAX(0,F149+J149-E149) -> 698 | N149: =IFERROR(SUMIFS($J$2:$J$217,$B$2:$B$217,B149,$C$2:$C$217,C149)/D149,0) -> 1 | O149: =IF(COUNTIFS(Scenario_Weekly_Plan!$A:$A,$A149,Scenario_Weekly_Plan!$B:$B,$C149)>0,"Scenario PP imported",MPS!O149) -> Scenario PP imported | P149: =SUMIFS($J$2:J148,$B$2:B148,B149,$C$2:C148,C149) -> 0 | Q149: =MAX(0,D149-P149) -> 3000 | R149: =MAX(0,MIN(E149,F149+J149)) -> 300
A150: E | B150: 789EF | C150: 46153 | D150: 3000 | E150: 698 | F150: =K149 -> 698 | G150: 3000 | H150: =MAX(0,H151+E151-Q151) -> 0 | I150: =MAX(0,E150+H150-F150) -> 0 | J150: =IF(COUNTIFS(Scenario_Weekly_Plan!$A:$A,$A150,Scenario_Weekly_Plan!$B:$B,$C150)>0,SUMIFS(Scenario_Weekly_Plan!$C:$C,Scenario_Weekly_Plan!$A:$A,$A150,Scenario_Weekly_Plan!$B:$B,$C150),MIN(Q150,I150,MAX(0,E150+G150-F150))) -> 0 | K150: =MIN(G150,MAX(0,F150+J150-E150)) -> 0 | L150: =MAX(0,E150-F150-J150) -> 0 | M150: =MAX(0,F150+J150-E150) -> 0 | N150: =IFERROR(SUMIFS($J$2:$J$217,$B$2:$B$217,B150,$C$2:$C$217,C150)/D150,0) -> 0.83333333 | O150: =IF(COUNTIFS(Scenario_Weekly_Plan!$A:$A,$A150,Scenario_Weekly_Plan!$B:$B,$C150)>0,"Scenario PP imported",MPS!O150) -> Scenario PP imported | P150: =SUMIFS($J$2:J149,$B$2:B149,B150,$C$2:C149,C150) -> 0 | Q150: =MAX(0,D150-P150) -> 3000 | R150: =MAX(0,MIN(E150,F150+J150)) -> 698
A151: E | B151: 789EF | C151: 46160 | D151: 3000 | E151: 0 | F151: =K150 -> 0 | G151: 3000 | H151: =MAX(0,H152+E152-Q152) -> 0 | I151: =MAX(0,E151+H151-F151) -> 0 | J151: =IF(COUNTIFS(Scenario_Weekly_Plan!$A:$A,$A151,Scenario_Weekly_Plan!$B:$B,$C151)>0,SUMIFS(Scenario_Weekly_Plan!$C:$C,Scenario_Weekly_Plan!$A:$A,$A151,Scenario_Weekly_Plan!$B:$B,$C151),MIN(Q151,I151,MAX(0,E151+G151-F151))) -> 0 | K151: =MIN(G151,MAX(0,F151+J151-E151)) -> 0 | L151: =MAX(0,E151-F151-J151) -> 0 | M151: =MAX(0,F151+J151-E151) -> 0 | N151: =IFERROR(SUMIFS($J$2:$J$217,$B$2:$B$217,B151,$C$2:$C$217,C151)/D151,0) -> 1 | O151: =IF(COUNTIFS(Scenario_Weekly_Plan!$A:$A,$A151,Scenario_Weekly_Plan!$B:$B,$C151)>0,"Scenario PP imported",MPS!O151) -> 0 | P151: =SUMIFS($J$2:J150,$B$2:B150,B151,$C$2:C150,C151) -> 0 | Q151: =MAX(0,D151-P151) -> 3000 | R151: =MAX(0,MIN(E151,F151+J151)) -> 0
A152: E | B152: 789EF | C152: 46167 | D152: 3000 | E152: 300 | F152: =K151 -> 0 | G152: 3000 | H152: =MAX(0,H153+E153-Q153) -> 0 | I152: =MAX(0,E152+H152-F152) -> 300 | J152: =IF(COUNTIFS(Scenario_Weekly_Plan!$A:$A,$A152,Scenario_Weekly_Plan!$B:$B,$C152)>0,SUMIFS(Scenario_Weekly_Plan!$C:$C,Scenario_Weekly_Plan!$A:$A,$A152,Scenario_Weekly_Plan!$B:$B,$C152),MIN(Q152,I152,MAX(0,E152+G152-F152))) -> 300 | K152: =MIN(G152,MAX(0,F152+J152-E152)) -> 0 | L152: =MAX(0,E152-F152-J152) -> 0 | M152: =MAX(0,F152+J152-E152) -> 0 | N152: =IFERROR(SUMIFS($J$2:$J$217,$B$2:$B$217,B152,$C$2:$C$217,C152)/D152,0) -> 1 | O152: =IF(COUNTIFS(Scenario_Weekly_Plan!$A:$A,$A152,Scenario_Weekly_Plan!$B:$B,$C152)>0,"Scenario PP imported",MPS!O152) -> 0 | P152: =SUMIFS($J$2:J151,$B$2:B151,B152,$C$2:C151,C152) -> 0 | Q152: =MAX(0,D152-P152) -> 3000 | R152: =MAX(0,MIN(E152,F152+J152)) -> 300
A153: E | B153: 789EF | C153: 46174 | D153: 3000 | E153: 0 | F153: =K152 -> 0 | G153: 3000 | H153: =MAX(0,H154+E154-Q154) -> 0 | I153: =MAX(0,E153+H153-F153) -> 0 | J153: =IF(COUNTIFS(Scenario_Weekly_Plan!$A:$A,$A153,Scenario_Weekly_Plan!$B:$B,$C153)>0,SUMIFS(Scenario_Weekly_Plan!$C:$C,Scenario_Weekly_Plan!$A:$A,$A153,Scenario_Weekly_Plan!$B:$B,$C153),MIN(Q153,I153,MAX(0,E153+G153-F153))) -> 0 | K153: =MIN(G153,MAX(0,F153+J153-E153)) -> 0 | L153: =MAX(0,E153-F153-J153) -> 0 | M153: =MAX(0,F153+J153-E153) -> 0 | N153: =IFERROR(SUMIFS($J$2:$J$217,$B$2:$B$217,B153,$C$2:$C$217,C153)/D153,0) -> 1 | O153: =IF(COUNTIFS(Scenario_Weekly_Plan!$A:$A,$A153,Scenario_Weekly_Plan!$B:$B,$C153)>0,"Scenario PP imported",MPS!O153) -> 0 | P153: =SUMIFS($J$2:J152,$B$2:B152,B153,$C$2:C152,C153) -> 0 | Q153: =MAX(0,D153-P153) -> 3000 | R153: =MAX(0,MIN(E153,F153+J153)) -> 0
A154: E | B154: 789EF | C154: 46181 | D154: 3000 | E154: 0 | F154: =K153 -> 0 | G154: 3000 | H154: =MAX(0,H155+E155-Q155) -> 0 | I154: =MAX(0,E154+H154-F154) -> 0 | J154: =IF(COUNTIFS(Scenario_Weekly_Plan!$A:$A,$A154,Scenario_Weekly_Plan!$B:$B,$C154)>0,SUMIFS(Scenario_Weekly_Plan!$C:$C,Scenario_Weekly_Plan!$A:$A,$A154,Scenario_Weekly_Plan!$B:$B,$C154),MIN(Q154,I154,MAX(0,E154+G154-F154))) -> 0 | K154: =MIN(G154,MAX(0,F154+J154-E154)) -> 0 | L154: =MAX(0,E154-F154-J154) -> 0 | M154: =MAX(0,F154+J154-E154) -> 0 | N154: =IFERROR(SUMIFS($J$2:$J$217,$B$2:$B$217,B154,$C$2:$C$217,C154)/D154,0) -> 1 | O154: =IF(COUNTIFS(Scenario_Weekly_Plan!$A:$A,$A154,Scenario_Weekly_Plan!$B:$B,$C154)>0,"Scenario PP imported",MPS!O154) -> 0 | P154: =SUMIFS($J$2:J153,$B$2:B153,B154,$C$2:C153,C154) -> 0 | Q154: =MAX(0,D154-P154) -> 3000 | R154: =MAX(0,MIN(E154,F154+J154)) -> 0
A155: E | B155: 789EF | C155: 46188 | D155: 3000 | E155: 300 | F155: =K154 -> 0 | G155: 3000 | H155: =MAX(0,H156+E156-Q156) -> 0 | I155: =MAX(0,E155+H155-F155) -> 300 | J155: =IF(COUNTIFS(Scenario_Weekly_Plan!$A:$A,$A155,Scenario_Weekly_Plan!$B:$B,$C155)>0,SUMIFS(Scenario_Weekly_Plan!$C:$C,Scenario_Weekly_Plan!$A:$A,$A155,Scenario_Weekly_Plan!$B:$B,$C155),MIN(Q155,I155,MAX(0,E155+G155-F155))) -> 300 | K155: =MIN(G155,MAX(0,F155+J155-E155)) -> 0 | L155: =MAX(0,E155-F155-J155) -> 0 | M155: =MAX(0,F155+J155-E155) -> 0 | N155: =IFERROR(SUMIFS($J$2:$J$217,$B$2:$B$217,B155,$C$2:$C$217,C155)/D155,0) -> 1 | O155: =IF(COUNTIFS(Scenario_Weekly_Plan!$A:$A,$A155,Scenario_Weekly_Plan!$B:$B,$C155)>0,"Scenario PP imported",MPS!O155) -> 0 | P155: =SUMIFS($J$2:J154,$B$2:B154,B155,$C$2:C154,C155) -> 0 | Q155: =MAX(0,D155-P155) -> 3000 | R155: =MAX(0,MIN(E155,F155+J155)) -> 300
A156: E | B156: 789EF | C156: 46195 | D156: 3000 | E156: 0 | F156: =K155 -> 0 | G156: 3000 | H156: =MAX(0,H157+E157-Q157) -> 0 | I156: =MAX(0,E156+H156-F156) -> 0 | J156: =IF(COUNTIFS(Scenario_Weekly_Plan!$A:$A,$A156,Scenario_Weekly_Plan!$B:$B,$C156)>0,SUMIFS(Scenario_Weekly_Plan!$C:$C,Scenario_Weekly_Plan!$A:$A,$A156,Scenario_Weekly_Plan!$B:$B,$C156),MIN(Q156,I156,MAX(0,E156+G156-F156))) -> 0 | K156: =MIN(G156,MAX(0,F156+J156-E156)) -> 0 | L156: =MAX(0,E156-F156-J156) -> 0 | M156: =MAX(0,F156+J156-E156) -> 0 | N156: =IFERROR(SUMIFS($J$2:$J$217,$B$2:$B$217,B156,$C$2:$C$217,C156)/D156,0) -> 1 | O156: =IF(COUNTIFS(Scenario_Weekly_Plan!$A:$A,$A156,Scenario_Weekly_Plan!$B:$B,$C156)>0,"Scenario PP imported",MPS!O156) -> 0 | P156: =SUMIFS($J$2:J155,$B$2:B155,B156,$C$2:C155,C156) -> 0 | Q156: =MAX(0,D156-P156) -> 3000 | R156: =MAX(0,MIN(E156,F156+J156)) -> 0
A157: E | B157: 789EF | C157: 46202 | D157: 3000 | E157: 700 | F157: =K156 -> 0 | G157: 3000 | H157: =MAX(0,H158+E158-Q158) -> 0 | I157: =MAX(0,E157+H157-F157) -> 700 | J157: =IF(COUNTIFS(Scenario_Weekly_Plan!$A:$A,$A157,Scenario_Weekly_Plan!$B:$B,$C157)>0,SUMIFS(Scenario_Weekly_Plan!$C:$C,Scenario_Weekly_Plan!$A:$A,$A157,Scenario_Weekly_Plan!$B:$B,$C157),MIN(Q157,I157,MAX(0,E157+G157-F157))) -> 700 | K157: =MIN(G157,MAX(0,F157+J157-E157)) -> 0 | L157: =MAX(0,E157-F157-J157) -> 0 | M157: =MAX(0,F157+J157-E157) -> 0 | N157: =IFERROR(SUMIFS($J$2:$J$217,$B$2:$B$217,B157,$C$2:$C$217,C157)/D157,0) -> 1 | O157: =IF(COUNTIFS(Scenario_Weekly_Plan!$A:$A,$A157,Scenario_Weekly_Plan!$B:$B,$C157)>0,"Scenario PP imported",MPS!O157) -> 0 | P157: =SUMIFS($J$2:J156,$B$2:B156,B157,$C$2:C156,C157) -> 0 | Q157: =MAX(0,D157-P157) -> 3000 | R157: =MAX(0,MIN(E157,F157+J157)) -> 700
A158: E | B158: 789EF | C158: 46209 | D158: 3000 | E158: 300 | F158: =K157 -> 0 | G158: 3000 | H158: =MAX(0,H159+E159-Q159) -> 0 | I158: =MAX(0,E158+H158-F158) -> 300 | J158: =IF(COUNTIFS(Scenario_Weekly_Plan!$A:$A,$A158,Scenario_Weekly_Plan!$B:$B,$C158)>0,SUMIFS(Scenario_Weekly_Plan!$C:$C,Scenario_Weekly_Plan!$A:$A,$A158,Scenario_Weekly_Plan!$B:$B,$C158),MIN(Q158,I158,MAX(0,E158+G158-F158))) -> 300 | K158: =MIN(G158,MAX(0,F158+J158-E158)) -> 0 | L158: =MAX(0,E158-F158-J158) -> 0 | M158: =MAX(0,F158+J158-E158) -> 0 | N158: =IFERROR(SUMIFS($J$2:$J$217,$B$2:$B$217,B158,$C$2:$C$217,C158)/D158,0) -> 1 | O158: =IF(COUNTIFS(Scenario_Weekly_Plan!$A:$A,$A158,Scenario_Weekly_Plan!$B:$B,$C158)>0,"Scenario PP imported",MPS!O158) -> 0 | P158: =SUMIFS($J$2:J157,$B$2:B157,B158,$C$2:C157,C158) -> 0 | Q158: =MAX(0,D158-P158) -> 3000 | R158: =MAX(0,MIN(E158,F158+J158)) -> 300
... A180: E | B180: 789EF | C180: 46363 | D180: 3000 | E180: 0 | F180: =K179 -> 0 | G180: 3000 | H180: =MAX(0,H181+E181-Q181) -> 0 | I180: =MAX(0,E180+H180-F180) -> 0 | J180: =IF(COUNTIFS(Scenario_Weekly_Plan!$A:$A,$A180,Scenario_Weekly_Plan!$B:$B,$C180)>0,SUMIFS(Scenario_Weekly_Plan!$C:$C,Scenario_Weekly_Plan!$A:$A,$A180,Scenario_Weekly_Plan!$B:$B,$C180),MIN(Q180,I180,MAX(0,E180+G180-F180))) -> 0 | K180: =MIN(G180,MAX(0,F180+J180-E180)) -> 0 | L180: =MAX(0,E180-F180-J180) -> 0 | M180: =MAX(0,F180+J180-E180) -> 0 | N180: =IFERROR(SUMIFS($J$2:$J$217,$B$2:$B$217,B180,$C$2:$C$217,C180)/D180,0) -> 0.64333333 | O180: =IF(COUNTIFS(Scenario_Weekly_Plan!$A:$A,$A180,Scenario_Weekly_Plan!$B:$B,$C180)>0,"Scenario PP imported",MPS!O180) -> 0 | P180: =SUMIFS($J$2:J179,$B$2:B179,B180,$C$2:C179,C180) -> 0 | Q180: =MAX(0,D180-P180) -> 3000 | R180: =MAX(0,MIN(E180,F180+J180)) -> 0
A181: E | B181: 789EF | C181: 46370 | D181: 3000 | E181: 0 | F181: =K180 -> 0 | G181: 3000 | H181: =0 -> 0 | I181: =MAX(0,E181+H181-F181) -> 0 | J181: =IF(COUNTIFS(Scenario_Weekly_Plan!$A:$A,$A181,Scenario_Weekly_Plan!$B:$B,$C181)>0,SUMIFS(Scenario_Weekly_Plan!$C:$C,Scenario_Weekly_Plan!$A:$A,$A181,Scenario_Weekly_Plan!$B:$B,$C181),MIN(Q181,I181,MAX(0,E181+G181-F181))) -> 0 | K181: =MIN(G181,MAX(0,F181+J181-E181)) -> 0 | L181: =MAX(0,E181-F181-J181) -> 0 | M181: =MAX(0,F181+J181-E181) -> 0 | N181: =IFERROR(SUMIFS($J$2:$J$217,$B$2:$B$217,B181,$C$2:$C$217,C181)/D181,0) -> 0.64266667 | O181: =IF(COUNTIFS(Scenario_Weekly_Plan!$A:$A,$A181,Scenario_Weekly_Plan!$B:$B,$C181)>0,"Scenario PP imported",MPS!O181) -> 0 | P181: =SUMIFS($J$2:J180,$B$2:B180,B181,$C$2:C180,C181) -> 0 | Q181: =MAX(0,D181-P181) -> 3000 | R181: =MAX(0,MIN(E181,F181+J181)) -> 0
A182: F | B182: 789EF | C182: 46125 | D182: 3000 | E182: 0 | F182: =0 -> 0 | G182: 3000 | H182: =MAX(0,H183+E183-Q183) -> 17234 | I182: =MAX(0,E182+H182-F182) -> 17234 | J182: =IF(COUNTIFS(Scenario_Weekly_Plan!$A:$A,$A182,Scenario_Weekly_Plan!$B:$B,$C182)>0,SUMIFS(Scenario_Weekly_Plan!$C:$C,Scenario_Weekly_Plan!$A:$A,$A182,Scenario_Weekly_Plan!$B:$B,$C182),MIN(Q182,I182,MAX(0,E182+G182-F182))) -> 2000 | K182: =MIN(G182,MAX(0,F182+J182-E182)) -> 2000 | L182: =MAX(0,E182-F182-J182) -> 0 | M182: =MAX(0,F182+J182-E182) -> 2000 | N182: =IFERROR(SUMIFS($J$2:$J$217,$B$2:$B$217,B182,$C$2:$C$217,C182)/D182,0) -> 0.66666667 | O182: =IF(COUNTIFS(Scenario_Weekly_Plan!$A:$A,$A182,Scenario_Weekly_Plan!$B:$B,$C182)>0,"Scenario PP imported",MPS!O182) -> Scenario PP imported | P182: =SUMIFS($J$2:J181,$B$2:B181,B182,$C$2:C181,C182) -> 0 | Q182: =MAX(0,D182-P182) -> 3000 | R182: =MAX(0,MIN(E182,F182+J182)) -> 0
A183: F | B183: 789EF | C183: 46132 | D183: 3000 | E183: 588 | F183: =K182 -> 2000 | G183: 3000 | H183: =MAX(0,H184+E184-Q184) -> 19146 | I183: =MAX(0,E183+H183-F183) -> 17734 | J183: =IF(COUNTIFS(Scenario_Weekly_Plan!$A:$A,$A183,Scenario_Weekly_Plan!$B:$B,$C183)>0,SUMIFS(Scenario_Weekly_Plan!$C:$C,Scenario_Weekly_Plan!$A:$A,$A183,Scenario_Weekly_Plan!$B:$B,$C183),MIN(Q183,I183,MAX(0,E183+G183-F183))) -> 2500 | K183: =MIN(G183,MAX(0,F183+J183-E183)) -> 3000 | L183: =MAX(0,E183-F183-J183) -> 0 | M183: =MAX(0,F183+J183-E183) -> 3912 | N183: =IFERROR(SUMIFS($J$2:$J$217,$B$2:$B$217,B183,$C$2:$C$217,C183)/D183,0) -> 1 | O183: =IF(COUNTIFS(Scenario_Weekly_Plan!$A:$A,$A183,Scenario_Weekly_Plan!$B:$B,$C183)>0,"Scenario PP imported",MPS!O183) -> Scenario PP imported | P183: =SUMIFS($J$2:J182,$B$2:B182,B183,$C$2:C182,C183) -> 500 | Q183: =MAX(0,D183-P183) -> 2500 | R183: =MAX(0,MIN(E183,F183+J183)) -> 588
A184: F | B184: 789EF | C184: 46139 | D184: 3000 | E184: 4028 | F184: =K183 -> 3000 | G184: 3000 | H184: =MAX(0,H185+E185-Q185) -> 17148 | I184: =MAX(0,E184+H184-F184) -> 18176 | J184: =IF(COUNTIFS(Scenario_Weekly_Plan!$A:$A,$A184,Scenario_Weekly_Plan!$B:$B,$C184)>0,SUMIFS(Scenario_Weekly_Plan!$C:$C,Scenario_Weekly_Plan!$A:$A,$A184,Scenario_Weekly_Plan!$B:$B,$C184),MIN(Q184,I184,MAX(0,E184+G184-F184))) -> 2030 | K184: =MIN(G184,MAX(0,F184+J184-E184)) -> 1002 | L184: =MAX(0,E184-F184-J184) -> 0 | M184: =MAX(0,F184+J184-E184) -> 1002 | N184: =IFERROR(SUMIFS($J$2:$J$217,$B$2:$B$217,B184,$C$2:$C$217,C184)/D184,0) -> 1 | O184: =IF(COUNTIFS(Scenario_Weekly_Plan!$A:$A,$A184,Scenario_Weekly_Plan!$B:$B,$C184)>0,"Scenario PP imported",MPS!O184) -> Scenario PP imported | P184: =SUMIFS($J$2:J183,$B$2:B183,B184,$C$2:C183,C184) -> 970 | Q184: =MAX(0,D184-P184) -> 2030 | R184: =MAX(0,MIN(E184,F184+J184)) -> 4028
A185: F | B185: 789EF | C185: 46146 | D185: 3000 | E185: 4200 | F185: =K184 -> 1002 | G185: 3000 | H185: =MAX(0,H186+E186-Q186) -> 15948 | I185: =MAX(0,E185+H185-F185) -> 19146 | J185: =IF(COUNTIFS(Scenario_Weekly_Plan!$A:$A,$A185,Scenario_Weekly_Plan!$B:$B,$C185)>0,SUMIFS(Scenario_Weekly_Plan!$C:$C,Scenario_Weekly_Plan!$A:$A,$A185,Scenario_Weekly_Plan!$B:$B,$C185),MIN(Q185,I185,MAX(0,E185+G185-F185))) -> 3000 | K185: =MIN(G185,MAX(0,F185+J185-E185)) -> 0 | L185: =MAX(0,E185-F185-J185) -> 198 | M185: =MAX(0,F185+J185-E185) -> 0 | N185: =IFERROR(SUMIFS($J$2:$J$217,$B$2:$B$217,B185,$C$2:$C$217,C185)/D185,0) -> 1 | O185: =IF(COUNTIFS(Scenario_Weekly_Plan!$A:$A,$A185,Scenario_Weekly_Plan!$B:$B,$C185)>0,"Scenario PP imported",MPS!O185) -> Scenario PP imported | P185: =SUMIFS($J$2:J184,$B$2:B184,B185,$C$2:C184,C185) -> 0 | Q185: =MAX(0,D185-P185) -> 3000 | R185: =MAX(0,MIN(E185,F185+J185)) -> 4002
A186: F | B186: 789EF | C186: 46153 | D186: 3000 | E186: 3802 | F186: =K185 -> 0 | G186: 3000 | H186: =MAX(0,H187+E187-Q187) -> 15146 | I186: =MAX(0,E186+H186-F186) -> 18948 | J186: =IF(COUNTIFS(Scenario_Weekly_Plan!$A:$A,$A186,Scenario_Weekly_Plan!$B:$B,$C186)>0,SUMIFS(Scenario_Weekly_Plan!$C:$C,Scenario_Weekly_Plan!$A:$A,$A186,Scenario_Weekly_Plan!$B:$B,$C186),MIN(Q186,I186,MAX(0,E186+G186-F186))) -> 2500 | K186: =MIN(G186,MAX(0,F186+J186-E186)) -> 0 | L186: =MAX(0,E186-F186-J186) -> 1302 | M186: =MAX(0,F186+J186-E186) -> 0 | N186: =IFERROR(SUMIFS($J$2:$J$217,$B$2:$B$217,B186,$C$2:$C$217,C186)/D186,0) -> 0.83333333 | O186: =IF(COUNTIFS(Scenario_Weekly_Plan!$A:$A,$A186,Scenario_Weekly_Plan!$B:$B,$C186)>0,"Scenario PP imported",MPS!O186) -> Scenario PP imported | P186: =SUMIFS($J$2:J185,$B$2:B185,B186,$C$2:C185,C186) -> 0 | Q186: =MAX(0,D186-P186) -> 3000 | R186: =MAX(0,MIN(E186,F186+J186)) -> 2500
A187: F | B187: 789EF | C187: 46160 | D187: 3000 | E187: 4500 | F187: =K186 -> 0 | G187: 3000 | H187: =MAX(0,H188+E188-Q188) -> 13646 | I187: =MAX(0,E187+H187-F187) -> 18146 | J187: =IF(COUNTIFS(Scenario_Weekly_Plan!$A:$A,$A187,Scenario_Weekly_Plan!$B:$B,$C187)>0,SUMIFS(Scenario_Weekly_Plan!$C:$C,Scenario_Weekly_Plan!$A:$A,$A187,Scenario_Weekly_Plan!$B:$B,$C187),MIN(Q187,I187,MAX(0,E187+G187-F187))) -> 3000 | K187: =MIN(G187,MAX(0,F187+J187-E187)) -> 0 | L187: =MAX(0,E187-F187-J187) -> 1500 | M187: =MAX(0,F187+J187-E187) -> 0 | N187: =IFERROR(SUMIFS($J$2:$J$217,$B$2:$B$217,B187,$C$2:$C$217,C187)/D187,0) -> 1 | O187: =IF(COUNTIFS(Scenario_Weekly_Plan!$A:$A,$A187,Scenario_Weekly_Plan!$B:$B,$C187)>0,"Scenario PP imported",MPS!O187) -> 0 | P187: =SUMIFS($J$2:J186,$B$2:B186,B187,$C$2:C186,C187) -> 0 | Q187: =MAX(0,D187-P187) -> 3000 | R187: =MAX(0,MIN(E187,F187+J187)) -> 3000
A188: F | B188: 789EF | C188: 46167 | D188: 3000 | E188: 4200 | F188: =K187 -> 0 | G188: 3000 | H188: =MAX(0,H189+E189-Q189) -> 12146 | I188: =MAX(0,E188+H188-F188) -> 16346 | J188: =IF(COUNTIFS(Scenario_Weekly_Plan!$A:$A,$A188,Scenario_Weekly_Plan!$B:$B,$C188)>0,SUMIFS(Scenario_Weekly_Plan!$C:$C,Scenario_Weekly_Plan!$A:$A,$A188,Scenario_Weekly_Plan!$B:$B,$C188),MIN(Q188,I188,MAX(0,E188+G188-F188))) -> 2700 | K188: =MIN(G188,MAX(0,F188+J188-E188)) -> 0 | L188: =MAX(0,E188-F188-J188) -> 1500 | M188: =MAX(0,F188+J188-E188) -> 0 | N188: =IFERROR(SUMIFS($J$2:$J$217,$B$2:$B$217,B188,$C$2:$C$217,C188)/D188,0) -> 1 | O188: =IF(COUNTIFS(Scenario_Weekly_Plan!$A:$A,$A188,Scenario_Weekly_Plan!$B:$B,$C188)>0,"Scenario PP imported",MPS!O188) -> 0 | P188: =SUMIFS($J$2:J187,$B$2:B187,B188,$C$2:C187,C188) -> 300 | Q188: =MAX(0,D188-P188) -> 2700 | R188: =MAX(0,MIN(E188,F188+J188)) -> 2700
A189: F | B189: 789EF | C189: 46174 | D189: 3000 | E189: 4500 | F189: =K188 -> 0 | G189: 3000 | H189: =MAX(0,H190+E190-Q190) -> 10646 | I189: =MAX(0,E189+H189-F189) -> 15146 | J189: =IF(COUNTIFS(Scenario_Weekly_Plan!$A:$A,$A189,Scenario_Weekly_Plan!$B:$B,$C189)>0,SUMIFS(Scenario_Weekly_Plan!$C:$C,Scenario_Weekly_Plan!$A:$A,$A189,Scenario_Weekly_Plan!$B:$B,$C189),MIN(Q189,I189,MAX(0,E189+G189-F189))) -> 3000 | K189: =MIN(G189,MAX(0,F189+J189-E189)) -> 0 | L189: =MAX(0,E189-F189-J189) -> 1500 | M189: =MAX(0,F189+J189-E189) -> 0 | N189: =IFERROR(SUMIFS($J$2:$J$217,$B$2:$B$217,B189,$C$2:$C$217,C189)/D189,0) -> 1 | O189: =IF(COUNTIFS(Scenario_Weekly_Plan!$A:$A,$A189,Scenario_Weekly_Plan!$B:$B,$C189)>0,"Scenario PP imported",MPS!O189) -> 0 | P189: =SUMIFS($J$2:J188,$B$2:B188,B189,$C$2:C188,C189) -> 0 | Q189: =MAX(0,D189-P189) -> 3000 | R189: =MAX(0,MIN(E189,F189+J189)) -> 3000
A190: F | B190: 789EF | C190: 46181 | D190: 3000 | E190: 4500 | F190: =K189 -> 0 | G190: 3000 | H190: =MAX(0,H191+E191-Q191) -> 9146 | I190: =MAX(0,E190+H190-F190) -> 13646 | J190: =IF(COUNTIFS(Scenario_Weekly_Plan!$A:$A,$A190,Scenario_Weekly_Plan!$B:$B,$C190)>0,SUMIFS(Scenario_Weekly_Plan!$C:$C,Scenario_Weekly_Plan!$A:$A,$A190,Scenario_Weekly_Plan!$B:$B,$C190),MIN(Q190,I190,MAX(0,E190+G190-F190))) -> 3000 | K190: =MIN(G190,MAX(0,F190+J190-E190)) -> 0 | L190: =MAX(0,E190-F190-J190) -> 1500 | M190: =MAX(0,F190+J190-E190) -> 0 | N190: =IFERROR(SUMIFS($J$2:$J$217,$B$2:$B$217,B190,$C$2:$C$217,C190)/D190,0) -> 1 | O190: =IF(COUNTIFS(Scenario_Weekly_Plan!$A:$A,$A190,Scenario_Weekly_Plan!$B:$B,$C190)>0,"Scenario PP imported",MPS!O190) -> 0 | P190: =SUMIFS($J$2:J189,$B$2:B189,B190,$C$2:C189,C190) -> 0 | Q190: =MAX(0,D190-P190) -> 3000 | R190: =MAX(0,MIN(E190,F190+J190)) -> 3000
A191: F | B191: 789EF | C191: 46188 | D191: 3000 | E191: 2200 | F191: =K190 -> 0 | G191: 3000 | H191: =MAX(0,H192+E192-Q192) -> 9646 | I191: =MAX(0,E191+H191-F191) -> 11846 | J191: =IF(COUNTIFS(Scenario_Weekly_Plan!$A:$A,$A191,Scenario_Weekly_Plan!$B:$B,$C191)>0,SUMIFS(Scenario_Weekly_Plan!$C:$C,Scenario_Weekly_Plan!$A:$A,$A191,Scenario_Weekly_Plan!$B:$B,$C191),MIN(Q191,I191,MAX(0,E191+G191-F191))) -> 2700 | K191: =MIN(G191,MAX(0,F191+J191-E191)) -> 500 | L191: =MAX(0,E191-F191-J191) -> 0 | M191: =MAX(0,F191+J191-E191) -> 500 | N191: =IFERROR(SUMIFS($J$2:$J$217,$B$2:$B$217,B191,$C$2:$C$217,C191)/D191,0) -> 1 | O191: =IF(COUNTIFS(Scenario_Weekly_Plan!$A:$A,$A191,Scenario_Weekly_Plan!$B:$B,$C191)>0,"Scenario PP imported",MPS!O191) -> 0 | P191: =SUMIFS($J$2:J190,$B$2:B190,B191,$C$2:C190,C191) -> 300 | Q191: =MAX(0,D191-P191) -> 2700 | R191: =MAX(0,MIN(E191,F191+J191)) -> 2200
A192: F | B192: 789EF | C192: 46195 | D192: 3000 | E192: 5000 | F192: =K191 -> 500 | G192: 3000 | H192: =MAX(0,H193+E193-Q193) -> 7646 | I192: =MAX(0,E192+H192-F192) -> 12146 | J192: =IF(COUNTIFS(Scenario_Weekly_Plan!$A:$A,$A192,Scenario_Weekly_Plan!$B:$B,$C192)>0,SUMIFS(Scenario_Weekly_Plan!$C:$C,Scenario_Weekly_Plan!$A:$A,$A192,Scenario_Weekly_Plan!$B:$B,$C192),MIN(Q192,I192,MAX(0,E192+G192-F192))) -> 3000 | K192: =MIN(G192,MAX(0,F192+J192-E192)) -> 0 | L192: =MAX(0,E192-F192-J192) -> 1500 | M192: =MAX(0,F192+J192-E192) -> 0 | N192: =IFERROR(SUMIFS($J$2:$J$217,$B$2:$B$217,B192,$C$2:$C$217,C192)/D192,0) -> 1 | O192: =IF(COUNTIFS(Scenario_Weekly_Plan!$A:$A,$A192,Scenario_Weekly_Plan!$B:$B,$C192)>0,"Scenario PP imported",MPS!O192) -> 0 | P192: =SUMIFS($J$2:J191,$B$2:B191,B192,$C$2:C191,C192) -> 0 | Q192: =MAX(0,D192-P192) -> 3000 | R192: =MAX(0,MIN(E192,F192+J192)) -> 3500
A193: F | B193: 789EF | C193: 46202 | D193: 3000 | E193: 4300 | F193: =K192 -> 0 | G193: 3000 | H193: =MAX(0,H194+E194-Q194) -> 5646 | I193: =MAX(0,E193+H193-F193) -> 9946 | J193: =IF(COUNTIFS(Scenario_Weekly_Plan!$A:$A,$A193,Scenario_Weekly_Plan!$B:$B,$C193)>0,SUMIFS(Scenario_Weekly_Plan!$C:$C,Scenario_Weekly_Plan!$A:$A,$A193,Scenario_Weekly_Plan!$B:$B,$C193),MIN(Q193,I193,MAX(0,E193+G193-F193))) -> 2300 | K193: =MIN(G193,MAX(0,F193+J193-E193)) -> 0 | L193: =MAX(0,E193-F193-J193) -> 2000 | M193: =MAX(0,F193+J193-E193) -> 0 | N193: =IFERROR(SUMIFS($J$2:$J$217,$B$2:$B$217,B193,$C$2:$C$217,C193)/D193,0) -> 1 | O193: =IF(COUNTIFS(Scenario_Weekly_Plan!$A:$A,$A193,Scenario_Weekly_Plan!$B:$B,$C193)>0,"Scenario PP imported",MPS!O193) -> 0 | P193: =SUMIFS($J$2:J192,$B$2:B192,B193,$C$2:C192,C193) -> 700 | Q193: =MAX(0,D193-P193) -> 2300 | R193: =MAX(0,MIN(E193,F193+J193)) -> 2300
A194: F | B194: 789EF | C194: 46209 | D194: 3000 | E194: 4700 | F194: =K193 -> 0 | G194: 3000 | H194: =MAX(0,H195+E195-Q195) -> 3646 | I194: =MAX(0,E194+H194-F194) -> 8346 | J194: =IF(COUNTIFS(Scenario_Weekly_Plan!$A:$A,$A194,Scenario_Weekly_Plan!$B:$B,$C194)>0,SUMIFS(Scenario_Weekly_Plan!$C:$C,Scenario_Weekly_Plan!$A:$A,$A194,Scenario_Weekly_Plan!$B:$B,$C194),MIN(Q194,I194,MAX(0,E194+G194-F194))) -> 2700 | K194: =MIN(G194,MAX(0,F194+J194-E194)) -> 0 | L194: =MAX(0,E194-F194-J194) -> 2000 | M194: =MAX(0,F194+J194-E194) -> 0 | N194: =IFERROR(SUMIFS($J$2:$J$217,$B$2:$B$217,B194,$C$2:$C$217,C194)/D194,0) -> 1 | O194: =IF(COUNTIFS(Scenario_Weekly_Plan!$A:$A,$A194,Scenario_Weekly_Plan!$B:$B,$C194)>0,"Scenario PP imported",MPS!O194) -> 0 | P194: =SUMIFS($J$2:J193,$B$2:B193,B194,$C$2:C193,C194) -> 300 | Q194: =MAX(0,D194-P194) -> 2700 | R194: =MAX(0,MIN(E194,F194+J194)) -> 2700
... A216: F | B216: 789EF | C216: 46363 | D216: 3000 | E216: 1930 | F216: =K215 -> 0 | G216: 3000 | H216: =MAX(0,H217+E217-Q217) -> 0 | I216: =MAX(0,E216+H216-F216) -> 1930 | J216: =IF(COUNTIFS(Scenario_Weekly_Plan!$A:$A,$A216,Scenario_Weekly_Plan!$B:$B,$C216)>0,SUMIFS(Scenario_Weekly_Plan!$C:$C,Scenario_Weekly_Plan!$A:$A,$A216,Scenario_Weekly_Plan!$B:$B,$C216),MIN(Q216,I216,MAX(0,E216+G216-F216))) -> 1930 | K216: =MIN(G216,MAX(0,F216+J216-E216)) -> 0 | L216: =MAX(0,E216-F216-J216) -> 0 | M216: =MAX(0,F216+J216-E216) -> 0 | N216: =IFERROR(SUMIFS($J$2:$J$217,$B$2:$B$217,B216,$C$2:$C$217,C216)/D216,0) -> 0.64333333 | O216: =IF(COUNTIFS(Scenario_Weekly_Plan!$A:$A,$A216,Scenario_Weekly_Plan!$B:$B,$C216)>0,"Scenario PP imported",MPS!O216) -> 0 | P216: =SUMIFS($J$2:J215,$B$2:B215,B216,$C$2:C215,C216) -> 0 | Q216: =MAX(0,D216-P216) -> 3000 | R216: =MAX(0,MIN(E216,F216+J216)) -> 1930
A217: F | B217: 789EF | C217: 46370 | D217: 3000 | E217: 1928 | F217: =K216 -> 0 | G217: 3000 | H217: =0 -> 0 | I217: =MAX(0,E217+H217-F217) -> 1928 | J217: =IF(COUNTIFS(Scenario_Weekly_Plan!$A:$A,$A217,Scenario_Weekly_Plan!$B:$B,$C217)>0,SUMIFS(Scenario_Weekly_Plan!$C:$C,Scenario_Weekly_Plan!$A:$A,$A217,Scenario_Weekly_Plan!$B:$B,$C217),MIN(Q217,I217,MAX(0,E217+G217-F217))) -> 1928 | K217: =MIN(G217,MAX(0,F217+J217-E217)) -> 0 | L217: =MAX(0,E217-F217-J217) -> 0 | M217: =MAX(0,F217+J217-E217) -> 0 | N217: =IFERROR(SUMIFS($J$2:$J$217,$B$2:$B$217,B217,$C$2:$C$217,C217)/D217,0) -> 0.64266667 | O217: =IF(COUNTIFS(Scenario_Weekly_Plan!$A:$A,$A217,Scenario_Weekly_Plan!$B:$B,$C217)>0,"Scenario PP imported",MPS!O217) -> 0 | P217: =SUMIFS($J$2:J216,$B$2:B216,B217,$C$2:C216,C217) -> 0 | Q217: =MAX(0,D217-P217) -> 3000 | R217: =MAX(0,MIN(E217,F217+J217)) -> 1928

Sheet BOM_demand
A1: Week | B1: A | C1: B | D1: C | E1: D | F1: E | G1: F | H1: RM01 | I1: RM02 | J1: RM03 | K1: RM04 | L1: RM05 | M1: RM06 | N1: RM07 | O1: RM08 | P1: RM09 | Q1: RM10 | R1: RM11 | S1: RM12 | T1: RM13 | U1: RM14 | V1: RM15 | X1: BOM usage helper | Y1: A | Z1: B | AA1: C | AB1: D | AC1: E | AD1: F
A2: 46125 | B2: =IF($A2="","",SUMIFS(MPS!$J:$J,MPS!$A:$A,B$1,MPS!$C:$C,$A2)) -> 0 | C2: =IF($A2="","",SUMIFS(MPS!$J:$J,MPS!$A:$A,C$1,MPS!$C:$C,$A2)) -> 12751 | D2: =IF($A2="","",SUMIFS(MPS!$J:$J,MPS!$A:$A,D$1,MPS!$C:$C,$A2)) -> 5000 | E2: =IF($A2="","",SUMIFS(MPS!$J:$J,MPS!$A:$A,E$1,MPS!$C:$C,$A2)) -> 0 | F2: =IF($A2="","",SUMIFS(MPS!$J:$J,MPS!$A:$A,F$1,MPS!$C:$C,$A2)) -> 0 | G2: =IF($A2="","",SUMIFS(MPS!$J:$J,MPS!$A:$A,G$1,MPS!$C:$C,$A2)) -> 3000 | H2: =IF($A2="","",SUMPRODUCT($B2:$G2,INDEX($Y$2:$AD$16,MATCH(H$1,$X$2:$X$16,0),0))) -> 20751 | I2: =IF($A2="","",SUMPRODUCT($B2:$G2,INDEX($Y$2:$AD$16,MATCH(I$1,$X$2:$X$16,0),0))) -> 6062.75 | J2: =IF($A2="","",SUMPRODUCT($B2:$G2,INDEX($Y$2:$AD$16,MATCH(J$1,$X$2:$X$16,0),0))) -> 20751 | K2: =IF($A2="","",SUMPRODUCT($B2:$G2,INDEX($Y$2:$AD$16,MATCH(K$1,$X$2:$X$16,0),0))) -> 0 | L2: =IF($A2="","",SUMPRODUCT($B2:$G2,INDEX($Y$2:$AD$16,MATCH(L$1,$X$2:$X$16,0),0))) -> 0 | M2: =IF($A2="","",SUMPRODUCT($B2:$G2,INDEX($Y$2:$AD$16,MATCH(M$1,$X$2:$X$16,0),0))) -> 31877.5 | N2: =IF($A2="","",SUMPRODUCT($B2:$G2,INDEX($Y$2:$AD$16,MATCH(N$1,$X$2:$X$16,0),0))) -> 19126.5 | O2: =IF($A2="","",SUMPRODUCT($B2:$G2,INDEX($Y$2:$AD$16,MATCH(O$1,$X$2:$X$16,0),0))) -> 15000 | ... V2: =IF($A2="","",SUMPRODUCT($B2:$G2,INDEX($Y$2:$AD$16,MATCH(V$1,$X$2:$X$16,0),0))) -> 6000 | X2: RM01 | Y2: 1 | Z2: 1 | AA2: 1 | AB2: 1 | AC2: 1 | AD2: 1
A3: 46132 | B3: =IF($A3="","",SUMIFS(MPS!$J:$J,MPS!$A:$A,B$1,MPS!$C:$C,$A3)) -> 0 | C3: =IF($A3="","",SUMIFS(MPS!$J:$J,MPS!$A:$A,C$1,MPS!$C:$C,$A3)) -> 2249 | D3: =IF($A3="","",SUMIFS(MPS!$J:$J,MPS!$A:$A,D$1,MPS!$C:$C,$A3)) -> 0 | E3: =IF($A3="","",SUMIFS(MPS!$J:$J,MPS!$A:$A,E$1,MPS!$C:$C,$A3)) -> 5000 | F3: =IF($A3="","",SUMIFS(MPS!$J:$J,MPS!$A:$A,F$1,MPS!$C:$C,$A3)) -> 0 | G3: =IF($A3="","",SUMIFS(MPS!$J:$J,MPS!$A:$A,G$1,MPS!$C:$C,$A3)) -> 588 | H3: =IF($A3="","",SUMPRODUCT($B3:$G3,INDEX($Y$2:$AD$16,MATCH(H$1,$X$2:$X$16,0),0))) -> 7837 | I3: =IF($A3="","",SUMPRODUCT($B3:$G3,INDEX($Y$2:$AD$16,MATCH(I$1,$X$2:$X$16,0),0))) -> 1885.75 | J3: =IF($A3="","",SUMPRODUCT($B3:$G3,INDEX($Y$2:$AD$16,MATCH(J$1,$X$2:$X$16,0),0))) -> 7837 | K3: =IF($A3="","",SUMPRODUCT($B3:$G3,INDEX($Y$2:$AD$16,MATCH(K$1,$X$2:$X$16,0),0))) -> 0 | L3: =IF($A3="","",SUMPRODUCT($B3:$G3,INDEX($Y$2:$AD$16,MATCH(L$1,$X$2:$X$16,0),0))) -> 0 | M3: =IF($A3="","",SUMPRODUCT($B3:$G3,INDEX($Y$2:$AD$16,MATCH(M$1,$X$2:$X$16,0),0))) -> 5622.5 | N3: =IF($A3="","",SUMPRODUCT($B3:$G3,INDEX($Y$2:$AD$16,MATCH(N$1,$X$2:$X$16,0),0))) -> 3373.5 | O3: =IF($A3="","",SUMPRODUCT($B3:$G3,INDEX($Y$2:$AD$16,MATCH(O$1,$X$2:$X$16,0),0))) -> 0 | ... V3: =IF($A3="","",SUMPRODUCT($B3:$G3,INDEX($Y$2:$AD$16,MATCH(V$1,$X$2:$X$16,0),0))) -> 1176 | X3: RM02 | Y3: 0.25 | Z3: 0.25 | AA3: 0.5 | AB3: 0.25 | AC3: 0.5 | AD3: 0.125
A4: 46139 | B4: =IF($A4="","",SUMIFS(MPS!$J:$J,MPS!$A:$A,B$1,MPS!$C:$C,$A4)) -> 10684 | C4: =IF($A4="","",SUMIFS(MPS!$J:$J,MPS!$A:$A,C$1,MPS!$C:$C,$A4)) -> 0 | D4: =IF($A4="","",SUMIFS(MPS!$J:$J,MPS!$A:$A,D$1,MPS!$C:$C,$A4)) -> 0 | E4: =IF($A4="","",SUMIFS(MPS!$J:$J,MPS!$A:$A,E$1,MPS!$C:$C,$A4)) -> 0 | F4: =IF($A4="","",SUMIFS(MPS!$J:$J,MPS!$A:$A,F$1,MPS!$C:$C,$A4)) -> 472 | G4: =IF($A4="","",SUMIFS(MPS!$J:$J,MPS!$A:$A,G$1,MPS!$C:$C,$A4)) -> 2528 | H4: =IF($A4="","",SUMPRODUCT($B4:$G4,INDEX($Y$2:$AD$16,MATCH(H$1,$X$2:$X$16,0),0))) -> 13684 | I4: =IF($A4="","",SUMPRODUCT($B4:$G4,INDEX($Y$2:$AD$16,MATCH(I$1,$X$2:$X$16,0),0))) -> 3223 | J4: =IF($A4="","",SUMPRODUCT($B4:$G4,INDEX($Y$2:$AD$16,MATCH(J$1,$X$2:$X$16,0),0))) -> 13684 | K4: =IF($A4="","",SUMPRODUCT($B4:$G4,INDEX($Y$2:$AD$16,MATCH(K$1,$X$2:$X$16,0),0))) -> 21368 | L4: =IF($A4="","",SUMPRODUCT($B4:$G4,INDEX($Y$2:$AD$16,MATCH(L$1,$X$2:$X$16,0),0))) -> 10684 | M4: =IF($A4="","",SUMPRODUCT($B4:$G4,INDEX($Y$2:$AD$16,MATCH(M$1,$X$2:$X$16,0),0))) -> 0 | N4: =IF($A4="","",SUMPRODUCT($B4:$G4,INDEX($Y$2:$AD$16,MATCH(N$1,$X$2:$X$16,0),0))) -> 0 | O4: =IF($A4="","",SUMPRODUCT($B4:$G4,INDEX($Y$2:$AD$16,MATCH(O$1,$X$2:$X$16,0),0))) -> 0 | ... V4: =IF($A4="","",SUMPRODUCT($B4:$G4,INDEX($Y$2:$AD$16,MATCH(V$1,$X$2:$X$16,0),0))) -> 5056 | X4: RM03 | Y4: 1 | Z4: 1 | AA4: 1 | AB4: 1 | AC4: 1 | AD4: 1
A5: 46146 | B5: =IF($A5="","",SUMIFS(MPS!$J:$J,MPS!$A:$A,B$1,MPS!$C:$C,$A5)) -> 15000 | C5: =IF($A5="","",SUMIFS(MPS!$J:$J,MPS!$A:$A,C$1,MPS!$C:$C,$A5)) -> 0 | D5: =IF($A5="","",SUMIFS(MPS!$J:$J,MPS!$A:$A,D$1,MPS!$C:$C,$A5)) -> 4320 | E5: =IF($A5="","",SUMIFS(MPS!$J:$J,MPS!$A:$A,E$1,MPS!$C:$C,$A5)) -> 680 | F5: =IF($A5="","",SUMIFS(MPS!$J:$J,MPS!$A:$A,F$1,MPS!$C:$C,$A5)) -> 300 | G5: =IF($A5="","",SUMIFS(MPS!$J:$J,MPS!$A:$A,G$1,MPS!$C:$C,$A5)) -> 2700 | H5: =IF($A5="","",SUMPRODUCT($B5:$G5,INDEX($Y$2:$AD$16,MATCH(H$1,$X$2:$X$16,0),0))) -> 23000 | I5: =IF($A5="","",SUMPRODUCT($B5:$G5,INDEX($Y$2:$AD$16,MATCH(I$1,$X$2:$X$16,0),0))) -> 6567.5 | J5: =IF($A5="","",SUMPRODUCT($B5:$G5,INDEX($Y$2:$AD$16,MATCH(J$1,$X$2:$X$16,0),0))) -> 23000 | K5: =IF($A5="","",SUMPRODUCT($B5:$G5,INDEX($Y$2:$AD$16,MATCH(K$1,$X$2:$X$16,0),0))) -> 30000 | L5: =IF($A5="","",SUMPRODUCT($B5:$G5,INDEX($Y$2:$AD$16,MATCH(L$1,$X$2:$X$16,0),0))) -> 15000 | M5: =IF($A5="","",SUMPRODUCT($B5:$G5,INDEX($Y$2:$AD$16,MATCH(M$1,$X$2:$X$16,0),0))) -> 0 | N5: =IF($A5="","",SUMPRODUCT($B5:$G5,INDEX($Y$2:$AD$16,MATCH(N$1,$X$2:$X$16,0),0))) -> 0 | O5: =IF($A5="","",SUMPRODUCT($B5:$G5,INDEX($Y$2:$AD$16,MATCH(O$1,$X$2:$X$16,0),0))) -> 12960 | ... V5: =IF($A5="","",SUMPRODUCT($B5:$G5,INDEX($Y$2:$AD$16,MATCH(V$1,$X$2:$X$16,0),0))) -> 5400 | X5: RM04 | Y5: 2 | Z5: 0 | AA5: 0 | AB5: 0 | AC5: 0 | AD5: 0
A6: 46153 | B6: =IF($A6="","",SUMIFS(MPS!$J:$J,MPS!$A:$A,B$1,MPS!$C:$C,$A6)) -> 15000 | C6: =IF($A6="","",SUMIFS(MPS!$J:$J,MPS!$A:$A,C$1,MPS!$C:$C,$A6)) -> 0 | D6: =IF($A6="","",SUMIFS(MPS!$J:$J,MPS!$A:$A,D$1,MPS!$C:$C,$A6)) -> 5000 | E6: =IF($A6="","",SUMIFS(MPS!$J:$J,MPS!$A:$A,E$1,MPS!$C:$C,$A6)) -> 0 | F6: =IF($A6="","",SUMIFS(MPS!$J:$J,MPS!$A:$A,F$1,MPS!$C:$C,$A6)) -> 698 | G6: =IF($A6="","",SUMIFS(MPS!$J:$J,MPS!$A:$A,G$1,MPS!$C:$C,$A6)) -> 2302 | H6: =IF($A6="","",SUMPRODUCT($B6:$G6,INDEX($Y$2:$AD$16,MATCH(H$1,$X$2:$X$16,0),0))) -> 23000 | I6: =IF($A6="","",SUMPRODUCT($B6:$G6,INDEX($Y$2:$AD$16,MATCH(I$1,$X$2:$X$16,0),0))) -> 6886.75 | J6: =IF($A6="","",SUMPRODUCT($B6:$G6,INDEX($Y$2:$AD$16,MATCH(J$1,$X$2:$X$16,0),0))) -> 23000 | K6: =IF($A6="","",SUMPRODUCT($B6:$G6,INDEX($Y$2:$AD$16,MATCH(K$1,$X$2:$X$16,0),0))) -> 30000 | L6: =IF($A6="","",SUMPRODUCT($B6:$G6,INDEX($Y$2:$AD$16,MATCH(L$1,$X$2:$X$16,0),0))) -> 15000 | M6: =IF($A6="","",SUMPRODUCT($B6:$G6,INDEX($Y$2:$AD$16,MATCH(M$1,$X$2:$X$16,0),0))) -> 0 | N6: =IF($A6="","",SUMPRODUCT($B6:$G6,INDEX($Y$2:$AD$16,MATCH(N$1,$X$2:$X$16,0),0))) -> 0 | O6: =IF($A6="","",SUMPRODUCT($B6:$G6,INDEX($Y$2:$AD$16,MATCH(O$1,$X$2:$X$16,0),0))) -> 15000 | ... V6: =IF($A6="","",SUMPRODUCT($B6:$G6,INDEX($Y$2:$AD$16,MATCH(V$1,$X$2:$X$16,0),0))) -> 4604 | X6: RM05 | Y6: 1 | Z6: 0 | AA6: 0 | AB6: 0 | AC6: 0 | AD6: 0
A7: 46160 | B7: =IF($A7="","",SUMIFS(MPS!$J:$J,MPS!$A:$A,B$1,MPS!$C:$C,$A7)) -> 11000 | C7: =IF($A7="","",SUMIFS(MPS!$J:$J,MPS!$A:$A,C$1,MPS!$C:$C,$A7)) -> 4000 | D7: =IF($A7="","",SUMIFS(MPS!$J:$J,MPS!$A:$A,D$1,MPS!$C:$C,$A7)) -> 5000 | E7: =IF($A7="","",SUMIFS(MPS!$J:$J,MPS!$A:$A,E$1,MPS!$C:$C,$A7)) -> 0 | F7: =IF($A7="","",SUMIFS(MPS!$J:$J,MPS!$A:$A,F$1,MPS!$C:$C,$A7)) -> 0 | G7: =IF($A7="","",SUMIFS(MPS!$J:$J,MPS!$A:$A,G$1,MPS!$C:$C,$A7)) -> 3000 | H7: =IF($A7="","",SUMPRODUCT($B7:$G7,INDEX($Y$2:$AD$16,MATCH(H$1,$X$2:$X$16,0),0))) -> 23000 | I7: =IF($A7="","",SUMPRODUCT($B7:$G7,INDEX($Y$2:$AD$16,MATCH(I$1,$X$2:$X$16,0),0))) -> 6625 | J7: =IF($A7="","",SUMPRODUCT($B7:$G7,INDEX($Y$2:$AD$16,MATCH(J$1,$X$2:$X$16,0),0))) -> 23000 | K7: =IF($A7="","",SUMPRODUCT($B7:$G7,INDEX($Y$2:$AD$16,MATCH(K$1,$X$2:$X$16,0),0))) -> 22000 | L7: =IF($A7="","",SUMPRODUCT($B7:$G7,INDEX($Y$2:$AD$16,MATCH(L$1,$X$2:$X$16,0),0))) -> 11000 | M7: =IF($A7="","",SUMPRODUCT($B7:$G7,INDEX($Y$2:$AD$16,MATCH(M$1,$X$2:$X$16,0),0))) -> 10000 | N7: =IF($A7="","",SUMPRODUCT($B7:$G7,INDEX($Y$2:$AD$16,MATCH(N$1,$X$2:$X$16,0),0))) -> 6000 | O7: =IF($A7="","",SUMPRODUCT($B7:$G7,INDEX($Y$2:$AD$16,MATCH(O$1,$X$2:$X$16,0),0))) -> 15000 | ... V7: =IF($A7="","",SUMPRODUCT($B7:$G7,INDEX($Y$2:$AD$16,MATCH(V$1,$X$2:$X$16,0),0))) -> 6000 | X7: RM06 | Y7: 0 | Z7: 2.5 | AA7: 0 | AB7: 0 | AC7: 0 | AD7: 0
A8: 46167 | B8: =IF($A8="","",SUMIFS(MPS!$J:$J,MPS!$A:$A,B$1,MPS!$C:$C,$A8)) -> 13000 | C8: =IF($A8="","",SUMIFS(MPS!$J:$J,MPS!$A:$A,C$1,MPS!$C:$C,$A8)) -> 2000 | D8: =IF($A8="","",SUMIFS(MPS!$J:$J,MPS!$A:$A,D$1,MPS!$C:$C,$A8)) -> 5000 | E8: =IF($A8="","",SUMIFS(MPS!$J:$J,MPS!$A:$A,E$1,MPS!$C:$C,$A8)) -> 0 | F8: =IF($A8="","",SUMIFS(MPS!$J:$J,MPS!$A:$A,F$1,MPS!$C:$C,$A8)) -> 300 | G8: =IF($A8="","",SUMIFS(MPS!$J:$J,MPS!$A:$A,G$1,MPS!$C:$C,$A8)) -> 2700 | H8: =IF($A8="","",SUMPRODUCT($B8:$G8,INDEX($Y$2:$AD$16,MATCH(H$1,$X$2:$X$16,0),0))) -> 23000 | I8: =IF($A8="","",SUMPRODUCT($B8:$G8,INDEX($Y$2:$AD$16,MATCH(I$1,$X$2:$X$16,0),0))) -> 6737.5 | J8: =IF($A8="","",SUMPRODUCT($B8:$G8,INDEX($Y$2:$AD$16,MATCH(J$1,$X$2:$X$16,0),0))) -> 23000 | K8: =IF($A8="","",SUMPRODUCT($B8:$G8,INDEX($Y$2:$AD$16,MATCH(K$1,$X$2:$X$16,0),0))) -> 26000 | L8: =IF($A8="","",SUMPRODUCT($B8:$G8,INDEX($Y$2:$AD$16,MATCH(L$1,$X$2:$X$16,0),0))) -> 13000 | M8: =IF($A8="","",SUMPRODUCT($B8:$G8,INDEX($Y$2:$AD$16,MATCH(M$1,$X$2:$X$16,0),0))) -> 5000 | N8: =IF($A8="","",SUMPRODUCT($B8:$G8,INDEX($Y$2:$AD$16,MATCH(N$1,$X$2:$X$16,0),0))) -> 3000 | O8: =IF($A8="","",SUMPRODUCT($B8:$G8,INDEX($Y$2:$AD$16,MATCH(O$1,$X$2:$X$16,0),0))) -> 15000 | ... V8: =IF($A8="","",SUMPRODUCT($B8:$G8,INDEX($Y$2:$AD$16,MATCH(V$1,$X$2:$X$16,0),0))) -> 5400 | X8: RM07 | Y8: 0 | Z8: 1.5 | AA8: 0 | AB8: 0 | AC8: 0 | AD8: 0
A9: 46174 | B9: =IF($A9="","",SUMIFS(MPS!$J:$J,MPS!$A:$A,B$1,MPS!$C:$C,$A9)) -> 13773 | C9: =IF($A9="","",SUMIFS(MPS!$J:$J,MPS!$A:$A,C$1,MPS!$C:$C,$A9)) -> 1227 | D9: =IF($A9="","",SUMIFS(MPS!$J:$J,MPS!$A:$A,D$1,MPS!$C:$C,$A9)) -> 5000 | E9: =IF($A9="","",SUMIFS(MPS!$J:$J,MPS!$A:$A,E$1,MPS!$C:$C,$A9)) -> 0 | F9: =IF($A9="","",SUMIFS(MPS!$J:$J,MPS!$A:$A,F$1,MPS!$C:$C,$A9)) -> 0 | G9: =IF($A9="","",SUMIFS(MPS!$J:$J,MPS!$A:$A,G$1,MPS!$C:$C,$A9)) -> 3000 | H9: =IF($A9="","",SUMPRODUCT($B9:$G9,INDEX($Y$2:$AD$16,MATCH(H$1,$X$2:$X$16,0),0))) -> 23000 | I9: =IF($A9="","",SUMPRODUCT($B9:$G9,INDEX($Y$2:$AD$16,MATCH(I$1,$X$2:$X$16,0),0))) -> 6625 | J9: =IF($A9="","",SUMPRODUCT($B9:$G9,INDEX($Y$2:$AD$16,MATCH(J$1,$X$2:$X$16,0),0))) -> 23000 | K9: =IF($A9="","",SUMPRODUCT($B9:$G9,INDEX($Y$2:$AD$16,MATCH(K$1,$X$2:$X$16,0),0))) -> 27546 | L9: =IF($A9="","",SUMPRODUCT($B9:$G9,INDEX($Y$2:$AD$16,MATCH(L$1,$X$2:$X$16,0),0))) -> 13773 | M9: =IF($A9="","",SUMPRODUCT($B9:$G9,INDEX($Y$2:$AD$16,MATCH(M$1,$X$2:$X$16,0),0))) -> 3067.5 | N9: =IF($A9="","",SUMPRODUCT($B9:$G9,INDEX($Y$2:$AD$16,MATCH(N$1,$X$2:$X$16,0),0))) -> 1840.5 | O9: =IF($A9="","",SUMPRODUCT($B9:$G9,INDEX($Y$2:$AD$16,MATCH(O$1,$X$2:$X$16,0),0))) -> 15000 | ... V9: =IF($A9="","",SUMPRODUCT($B9:$G9,INDEX($Y$2:$AD$16,MATCH(V$1,$X$2:$X$16,0),0))) -> 6000 | X9: RM08 | Y9: 0 | Z9: 0 | AA9: 3 | AB9: 0 | AC9: 0 | AD9: 0
A10: 46181 | B10: =IF($A10="","",SUMIFS(MPS!$J:$J,MPS!$A:$A,B$1,MPS!$C:$C,$A10)) -> 7058 | C10: =IF($A10="","",SUMIFS(MPS!$J:$J,MPS!$A:$A,C$1,MPS!$C:$C,$A10)) -> 5309 | D10: =IF($A10="","",SUMIFS(MPS!$J:$J,MPS!$A:$A,D$1,MPS!$C:$C,$A10)) -> 5000 | E10: =IF($A10="","",SUMIFS(MPS!$J:$J,MPS!$A:$A,E$1,MPS!$C:$C,$A10)) -> 0 | F10: =IF($A10="","",SUMIFS(MPS!$J:$J,MPS!$A:$A,F$1,MPS!$C:$C,$A10)) -> 0 | G10: =IF($A10="","",SUMIFS(MPS!$J:$J,MPS!$A:$A,G$1,MPS!$C:$C,$A10)) -> 3000 | H10: =IF($A10="","",SUMPRODUCT($B10:$G10,INDEX($Y$2:$AD$16,MATCH(H$1,$X$2:$X$16,0),0))) -> 20367 | I10: =IF($A10="","",SUMPRODUCT($B10:$G10,INDEX($Y$2:$AD$16,MATCH(I$1,$X$2:$X$16,0),0))) -> 5966.75 | J10: =IF($A10="","",SUMPRODUCT($B10:$G10,INDEX($Y$2:$AD$16,MATCH(J$1,$X$2:$X$16,0),0))) -> 20367 | K10: =IF($A10="","",SUMPRODUCT($B10:$G10,INDEX($Y$2:$AD$16,MATCH(K$1,$X$2:$X$16,0),0))) -> 14116 | L10: =IF($A10="","",SUMPRODUCT($B10:$G10,INDEX($Y$2:$AD$16,MATCH(L$1,$X$2:$X$16,0),0))) -> 7058 | M10: =IF($A10="","",SUMPRODUCT($B10:$G10,INDEX($Y$2:$AD$16,MATCH(M$1,$X$2:$X$16,0),0))) -> 13272.5 | N10: =IF($A10="","",SUMPRODUCT($B10:$G10,INDEX($Y$2:$AD$16,MATCH(N$1,$X$2:$X$16,0),0))) -> 7963.5 | O10: =IF($A10="","",SUMPRODUCT($B10:$G10,INDEX($Y$2:$AD$16,MATCH(O$1,$X$2:$X$16,0),0))) -> 15000 | ... V10: =IF($A10="","",SUMPRODUCT($B10:$G10,INDEX($Y$2:$AD$16,MATCH(V$1,$X$2:$X$16,0),0))) -> 6000 | X10: RM09 | Y10: 0 | Z10: 0 | AA10: 0.5 | AB10: 0 | AC10: 0 | AD10: 0
A11: 46188 | B11: =IF($A11="","",SUMIFS(MPS!$J:$J,MPS!$A:$A,B$1,MPS!$C:$C,$A11)) -> 2040 | C11: =IF($A11="","",SUMIFS(MPS!$J:$J,MPS!$A:$A,C$1,MPS!$C:$C,$A11)) -> 5309 | D11: =IF($A11="","",SUMIFS(MPS!$J:$J,MPS!$A:$A,D$1,MPS!$C:$C,$A11)) -> 5000 | E11: =IF($A11="","",SUMIFS(MPS!$J:$J,MPS!$A:$A,E$1,MPS!$C:$C,$A11)) -> 0 | F11: =IF($A11="","",SUMIFS(MPS!$J:$J,MPS!$A:$A,F$1,MPS!$C:$C,$A11)) -> 300 | G11: =IF($A11="","",SUMIFS(MPS!$J:$J,MPS!$A:$A,G$1,MPS!$C:$C,$A11)) -> 2700 | H11: =IF($A11="","",SUMPRODUCT($B11:$G11,INDEX($Y$2:$AD$16,MATCH(H$1,$X$2:$X$16,0),0))) -> 15349 | I11: =IF($A11="","",SUMPRODUCT($B11:$G11,INDEX($Y$2:$AD$16,MATCH(I$1,$X$2:$X$16,0),0))) -> 4824.75 | J11: =IF($A11="","",SUMPRODUCT($B11:$G11,INDEX($Y$2:$AD$16,MATCH(J$1,$X$2:$X$16,0),0))) -> 15349 | K11: =IF($A11="","",SUMPRODUCT($B11:$G11,INDEX($Y$2:$AD$16,MATCH(K$1,$X$2:$X$16,0),0))) -> 4080 | L11: =IF($A11="","",SUMPRODUCT($B11:$G11,INDEX($Y$2:$AD$16,MATCH(L$1,$X$2:$X$16,0),0))) -> 2040 | M11: =IF($A11="","",SUMPRODUCT($B11:$G11,INDEX($Y$2:$AD$16,MATCH(M$1,$X$2:$X$16,0),0))) -> 13272.5 | N11: =IF($A11="","",SUMPRODUCT($B11:$G11,INDEX($Y$2:$AD$16,MATCH(N$1,$X$2:$X$16,0),0))) -> 7963.5 | O11: =IF($A11="","",SUMPRODUCT($B11:$G11,INDEX($Y$2:$AD$16,MATCH(O$1,$X$2:$X$16,0),0))) -> 15000 | ... V11: =IF($A11="","",SUMPRODUCT($B11:$G11,INDEX($Y$2:$AD$16,MATCH(V$1,$X$2:$X$16,0),0))) -> 5400 | X11: RM10 | Y11: 0 | Z11: 0 | AA11: 0 | AB11: 2 | AC11: 0 | AD11: 0
A12: 46195 | B12: =IF($A12="","",SUMIFS(MPS!$J:$J,MPS!$A:$A,B$1,MPS!$C:$C,$A12)) -> 3541 | C12: =IF($A12="","",SUMIFS(MPS!$J:$J,MPS!$A:$A,C$1,MPS!$C:$C,$A12)) -> 3081 | D12: =IF($A12="","",SUMIFS(MPS!$J:$J,MPS!$A:$A,D$1,MPS!$C:$C,$A12)) -> 5000 | E12: =IF($A12="","",SUMIFS(MPS!$J:$J,MPS!$A:$A,E$1,MPS!$C:$C,$A12)) -> 0 | F12: =IF($A12="","",SUMIFS(MPS!$J:$J,MPS!$A:$A,F$1,MPS!$C:$C,$A12)) -> 0 | G12: =IF($A12="","",SUMIFS(MPS!$J:$J,MPS!$A:$A,G$1,MPS!$C:$C,$A12)) -> 3000 | H12: =IF($A12="","",SUMPRODUCT($B12:$G12,INDEX($Y$2:$AD$16,MATCH(H$1,$X$2:$X$16,0),0))) -> 14622 | I12: =IF($A12="","",SUMPRODUCT($B12:$G12,INDEX($Y$2:$AD$16,MATCH(I$1,$X$2:$X$16,0),0))) -> 4530.5 | J12: =IF($A12="","",SUMPRODUCT($B12:$G12,INDEX($Y$2:$AD$16,MATCH(J$1,$X$2:$X$16,0),0))) -> 14622 | K12: =IF($A12="","",SUMPRODUCT($B12:$G12,INDEX($Y$2:$AD$16,MATCH(K$1,$X$2:$X$16,0),0))) -> 7082 | L12: =IF($A12="","",SUMPRODUCT($B12:$G12,INDEX($Y$2:$AD$16,MATCH(L$1,$X$2:$X$16,0),0))) -> 3541 | M12: =IF($A12="","",SUMPRODUCT($B12:$G12,INDEX($Y$2:$AD$16,MATCH(M$1,$X$2:$X$16,0),0))) -> 7702.5 | N12: =IF($A12="","",SUMPRODUCT($B12:$G12,INDEX($Y$2:$AD$16,MATCH(N$1,$X$2:$X$16,0),0))) -> 4621.5 | O12: =IF($A12="","",SUMPRODUCT($B12:$G12,INDEX($Y$2:$AD$16,MATCH(O$1,$X$2:$X$16,0),0))) -> 15000 | ... V12: =IF($A12="","",SUMPRODUCT($B12:$G12,INDEX($Y$2:$AD$16,MATCH(V$1,$X$2:$X$16,0),0))) -> 6000 | X12: RM11 | Y12: 0 | Z12: 0 | AA12: 0 | AB12: 1.5 | AC12: 0 | AD12: 0
A13: 46202 | B13: =IF($A13="","",SUMIFS(MPS!$J:$J,MPS!$A:$A,B$1,MPS!$C:$C,$A13)) -> 12041 | C13: =IF($A13="","",SUMIFS(MPS!$J:$J,MPS!$A:$A,C$1,MPS!$C:$C,$A13)) -> 2959 | D13: =IF($A13="","",SUMIFS(MPS!$J:$J,MPS!$A:$A,D$1,MPS!$C:$C,$A13)) -> 2500 | E13: =IF($A13="","",SUMIFS(MPS!$J:$J,MPS!$A:$A,E$1,MPS!$C:$C,$A13)) -> 500 | F13: =IF($A13="","",SUMIFS(MPS!$J:$J,MPS!$A:$A,F$1,MPS!$C:$C,$A13)) -> 700 | G13: =IF($A13="","",SUMIFS(MPS!$J:$J,MPS!$A:$A,G$1,MPS!$C:$C,$A13)) -> 2300 | H13: =IF($A13="","",SUMPRODUCT($B13:$G13,INDEX($Y$2:$AD$16,MATCH(H$1,$X$2:$X$16,0),0))) -> 21000 | I13: =IF($A13="","",SUMPRODUCT($B13:$G13,INDEX($Y$2:$AD$16,MATCH(I$1,$X$2:$X$16,0),0))) -> 5762.5 | J13: =IF($A13="","",SUMPRODUCT($B13:$G13,INDEX($Y$2:$AD$16,MATCH(J$1,$X$2:$X$16,0),0))) -> 21000 | K13: =IF($A13="","",SUMPRODUCT($B13:$G13,INDEX($Y$2:$AD$16,MATCH(K$1,$X$2:$X$16,0),0))) -> 24082 | L13: =IF($A13="","",SUMPRODUCT($B13:$G13,INDEX($Y$2:$AD$16,MATCH(L$1,$X$2:$X$16,0),0))) -> 12041 | M13: =IF($A13="","",SUMPRODUCT($B13:$G13,INDEX($Y$2:$AD$16,MATCH(M$1,$X$2:$X$16,0),0))) -> 7397.5 | N13: =IF($A13="","",SUMPRODUCT($B13:$G13,INDEX($Y$2:$AD$16,MATCH(N$1,$X$2:$X$16,0),0))) -> 4438.5 | O13: =IF($A13="","",SUMPRODUCT($B13:$G13,INDEX($Y$2:$AD$16,MATCH(O$1,$X$2:$X$16,0),0))) -> 7500 | ... V13: =IF($A13="","",SUMPRODUCT($B13:$G13,INDEX($Y$2:$AD$16,MATCH(V$1,$X$2:$X$16,0),0))) -> 4600 | X13: RM12 | Y13: 0 | Z13: 0 | AA13: 0 | AB13: 0 | AC13: 3 | AD13: 0
... A16: 46223 | B16: =IF($A16="","",SUMIFS(MPS!$J:$J,MPS!$A:$A,B$1,MPS!$C:$C,$A16)) -> 5754 | C16: =IF($A16="","",SUMIFS(MPS!$J:$J,MPS!$A:$A,C$1,MPS!$C:$C,$A16)) -> 4800 | D16: =IF($A16="","",SUMIFS(MPS!$J:$J,MPS!$A:$A,D$1,MPS!$C:$C,$A16)) -> 1000 | E16: =IF($A16="","",SUMIFS(MPS!$J:$J,MPS!$A:$A,E$1,MPS!$C:$C,$A16)) -> 0 | F16: =IF($A16="","",SUMIFS(MPS!$J:$J,MPS!$A:$A,F$1,MPS!$C:$C,$A16)) -> 300 | G16: =IF($A16="","",SUMIFS(MPS!$J:$J,MPS!$A:$A,G$1,MPS!$C:$C,$A16)) -> 2700 | H16: =IF($A16="","",SUMPRODUCT($B16:$G16,INDEX($Y$2:$AD$16,MATCH(H$1,$X$2:$X$16,0),0))) -> 14554 | I16: =IF($A16="","",SUMPRODUCT($B16:$G16,INDEX($Y$2:$AD$16,MATCH(I$1,$X$2:$X$16,0),0))) -> 3626 | J16: =IF($A16="","",SUMPRODUCT($B16:$G16,INDEX($Y$2:$AD$16,MATCH(J$1,$X$2:$X$16,0),0))) -> 14554 | K16: =IF($A16="","",SUMPRODUCT($B16:$G16,INDEX($Y$2:$AD$16,MATCH(K$1,$X$2:$X$16,0),0))) -> 11508 | L16: =IF($A16="","",SUMPRODUCT($B16:$G16,INDEX($Y$2:$AD$16,MATCH(L$1,$X$2:$X$16,0),0))) -> 5754 | M16: =IF($A16="","",SUMPRODUCT($B16:$G16,INDEX($Y$2:$AD$16,MATCH(M$1,$X$2:$X$16,0),0))) -> 12000 | N16: =IF($A16="","",SUMPRODUCT($B16:$G16,INDEX($Y$2:$AD$16,MATCH(N$1,$X$2:$X$16,0),0))) -> 7200 | O16: =IF($A16="","",SUMPRODUCT($B16:$G16,INDEX($Y$2:$AD$16,MATCH(O$1,$X$2:$X$16,0),0))) -> 3000 | ... V16: =IF($A16="","",SUMPRODUCT($B16:$G16,INDEX($Y$2:$AD$16,MATCH(V$1,$X$2:$X$16,0),0))) -> 5400 | X16: RM15 | Y16: 0 | Z16: 0 | AA16: 0 | AB16: 0 | AC16: 0 | AD16: 2
A17: 46230 | B17: =IF($A17="","",SUMIFS(MPS!$J:$J,MPS!$A:$A,B$1,MPS!$C:$C,$A17)) -> 15000 | C17: =IF($A17="","",SUMIFS(MPS!$J:$J,MPS!$A:$A,C$1,MPS!$C:$C,$A17)) -> 0 | D17: =IF($A17="","",SUMIFS(MPS!$J:$J,MPS!$A:$A,D$1,MPS!$C:$C,$A17)) -> 1000 | E17: =IF($A17="","",SUMIFS(MPS!$J:$J,MPS!$A:$A,E$1,MPS!$C:$C,$A17)) -> 0 | F17: =IF($A17="","",SUMIFS(MPS!$J:$J,MPS!$A:$A,F$1,MPS!$C:$C,$A17)) -> 0 | G17: =IF($A17="","",SUMIFS(MPS!$J:$J,MPS!$A:$A,G$1,MPS!$C:$C,$A17)) -> 476 | H17: =IF($A17="","",SUMPRODUCT($B17:$G17,INDEX($Y$2:$AD$16,MATCH(H$1,$X$2:$X$16,0),0))) -> 16476 | I17: =IF($A17="","",SUMPRODUCT($B17:$G17,INDEX($Y$2:$AD$16,MATCH(I$1,$X$2:$X$16,0),0))) -> 4309.5 | J17: =IF($A17="","",SUMPRODUCT($B17:$G17,INDEX($Y$2:$AD$16,MATCH(J$1,$X$2:$X$16,0),0))) -> 16476 | K17: =IF($A17="","",SUMPRODUCT($B17:$G17,INDEX($Y$2:$AD$16,MATCH(K$1,$X$2:$X$16,0),0))) -> 30000 | L17: =IF($A17="","",SUMPRODUCT($B17:$G17,INDEX($Y$2:$AD$16,MATCH(L$1,$X$2:$X$16,0),0))) -> 15000 | M17: =IF($A17="","",SUMPRODUCT($B17:$G17,INDEX($Y$2:$AD$16,MATCH(M$1,$X$2:$X$16,0),0))) -> 0 | N17: =IF($A17="","",SUMPRODUCT($B17:$G17,INDEX($Y$2:$AD$16,MATCH(N$1,$X$2:$X$16,0),0))) -> 0 | O17: =IF($A17="","",SUMPRODUCT($B17:$G17,INDEX($Y$2:$AD$16,MATCH(O$1,$X$2:$X$16,0),0))) -> 3000 | ... V17: =IF($A17="","",SUMPRODUCT($B17:$G17,INDEX($Y$2:$AD$16,MATCH(V$1,$X$2:$X$16,0),0))) -> 952
A18: 46237 | B18: =IF($A18="","",SUMIFS(MPS!$J:$J,MPS!$A:$A,B$1,MPS!$C:$C,$A18)) -> 15000 | C18: =IF($A18="","",SUMIFS(MPS!$J:$J,MPS!$A:$A,C$1,MPS!$C:$C,$A18)) -> 0 | D18: =IF($A18="","",SUMIFS(MPS!$J:$J,MPS!$A:$A,D$1,MPS!$C:$C,$A18)) -> 1000 | E18: =IF($A18="","",SUMIFS(MPS!$J:$J,MPS!$A:$A,E$1,MPS!$C:$C,$A18)) -> 400 | F18: =IF($A18="","",SUMIFS(MPS!$J:$J,MPS!$A:$A,F$1,MPS!$C:$C,$A18)) -> 0 | G18: =IF($A18="","",SUMIFS(MPS!$J:$J,MPS!$A:$A,G$1,MPS!$C:$C,$A18)) -> 1298 | H18: =IF($A18="","",SUMPRODUCT($B18:$G18,INDEX($Y$2:$AD$16,MATCH(H$1,$X$2:$X$16,0),0))) -> 17698 | I18: =IF($A18="","",SUMPRODUCT($B18:$G18,INDEX($Y$2:$AD$16,MATCH(I$1,$X$2:$X$16,0),0))) -> 4512.25 | J18: =IF($A18="","",SUMPRODUCT($B18:$G18,INDEX($Y$2:$AD$16,MATCH(J$1,$X$2:$X$16,0),0))) -> 17698 | K18: =IF($A18="","",SUMPRODUCT($B18:$G18,INDEX($Y$2:$AD$16,MATCH(K$1,$X$2:$X$16,0),0))) -> 30000 | L18: =IF($A18="","",SUMPRODUCT($B18:$G18,INDEX($Y$2:$AD$16,MATCH(L$1,$X$2:$X$16,0),0))) -> 15000 | M18: =IF($A18="","",SUMPRODUCT($B18:$G18,INDEX($Y$2:$AD$16,MATCH(M$1,$X$2:$X$16,0),0))) -> 0 | N18: =IF($A18="","",SUMPRODUCT($B18:$G18,INDEX($Y$2:$AD$16,MATCH(N$1,$X$2:$X$16,0),0))) -> 0 | O18: =IF($A18="","",SUMPRODUCT($B18:$G18,INDEX($Y$2:$AD$16,MATCH(O$1,$X$2:$X$16,0),0))) -> 3000 | ... V18: =IF($A18="","",SUMPRODUCT($B18:$G18,INDEX($Y$2:$AD$16,MATCH(V$1,$X$2:$X$16,0),0))) -> 2596
A19: 46244 | B19: =IF($A19="","",SUMIFS(MPS!$J:$J,MPS!$A:$A,B$1,MPS!$C:$C,$A19)) -> 4248 | C19: =IF($A19="","",SUMIFS(MPS!$J:$J,MPS!$A:$A,C$1,MPS!$C:$C,$A19)) -> 2400 | D19: =IF($A19="","",SUMIFS(MPS!$J:$J,MPS!$A:$A,D$1,MPS!$C:$C,$A19)) -> 1000 | E19: =IF($A19="","",SUMIFS(MPS!$J:$J,MPS!$A:$A,E$1,MPS!$C:$C,$A19)) -> 0 | F19: =IF($A19="","",SUMIFS(MPS!$J:$J,MPS!$A:$A,F$1,MPS!$C:$C,$A19)) -> 300 | G19: =IF($A19="","",SUMIFS(MPS!$J:$J,MPS!$A:$A,G$1,MPS!$C:$C,$A19)) -> 1300 | H19: =IF($A19="","",SUMPRODUCT($B19:$G19,INDEX($Y$2:$AD$16,MATCH(H$1,$X$2:$X$16,0),0))) -> 9248 | I19: =IF($A19="","",SUMPRODUCT($B19:$G19,INDEX($Y$2:$AD$16,MATCH(I$1,$X$2:$X$16,0),0))) -> 2474.5 | J19: =IF($A19="","",SUMPRODUCT($B19:$G19,INDEX($Y$2:$AD$16,MATCH(J$1,$X$2:$X$16,0),0))) -> 9248 | K19: =IF($A19="","",SUMPRODUCT($B19:$G19,INDEX($Y$2:$AD$16,MATCH(K$1,$X$2:$X$16,0),0))) -> 8496 | L19: =IF($A19="","",SUMPRODUCT($B19:$G19,INDEX($Y$2:$AD$16,MATCH(L$1,$X$2:$X$16,0),0))) -> 4248 | M19: =IF($A19="","",SUMPRODUCT($B19:$G19,INDEX($Y$2:$AD$16,MATCH(M$1,$X$2:$X$16,0),0))) -> 6000 | N19: =IF($A19="","",SUMPRODUCT($B19:$G19,INDEX($Y$2:$AD$16,MATCH(N$1,$X$2:$X$16,0),0))) -> 3600 | O19: =IF($A19="","",SUMPRODUCT($B19:$G19,INDEX($Y$2:$AD$16,MATCH(O$1,$X$2:$X$16,0),0))) -> 3000 | ... V19: =IF($A19="","",SUMPRODUCT($B19:$G19,INDEX($Y$2:$AD$16,MATCH(V$1,$X$2:$X$16,0),0))) -> 2600
A20: 46251 | B20: =IF($A20="","",SUMIFS(MPS!$J:$J,MPS!$A:$A,B$1,MPS!$C:$C,$A20)) -> 4248 | C20: =IF($A20="","",SUMIFS(MPS!$J:$J,MPS!$A:$A,C$1,MPS!$C:$C,$A20)) -> 2400 | D20: =IF($A20="","",SUMIFS(MPS!$J:$J,MPS!$A:$A,D$1,MPS!$C:$C,$A20)) -> 1000 | E20: =IF($A20="","",SUMIFS(MPS!$J:$J,MPS!$A:$A,E$1,MPS!$C:$C,$A20)) -> 0 | F20: =IF($A20="","",SUMIFS(MPS!$J:$J,MPS!$A:$A,F$1,MPS!$C:$C,$A20)) -> 0 | G20: =IF($A20="","",SUMIFS(MPS!$J:$J,MPS!$A:$A,G$1,MPS!$C:$C,$A20)) -> 1298 | H20: =IF($A20="","",SUMPRODUCT($B20:$G20,INDEX($Y$2:$AD$16,MATCH(H$1,$X$2:$X$16,0),0))) -> 8946 | I20: =IF($A20="","",SUMPRODUCT($B20:$G20,INDEX($Y$2:$AD$16,MATCH(I$1,$X$2:$X$16,0),0))) -> 2324.25 | J20: =IF($A20="","",SUMPRODUCT($B20:$G20,INDEX($Y$2:$AD$16,MATCH(J$1,$X$2:$X$16,0),0))) -> 8946 | K20: =IF($A20="","",SUMPRODUCT($B20:$G20,INDEX($Y$2:$AD$16,MATCH(K$1,$X$2:$X$16,0),0))) -> 8496 | L20: =IF($A20="","",SUMPRODUCT($B20:$G20,INDEX($Y$2:$AD$16,MATCH(L$1,$X$2:$X$16,0),0))) -> 4248 | M20: =IF($A20="","",SUMPRODUCT($B20:$G20,INDEX($Y$2:$AD$16,MATCH(M$1,$X$2:$X$16,0),0))) -> 6000 | N20: =IF($A20="","",SUMPRODUCT($B20:$G20,INDEX($Y$2:$AD$16,MATCH(N$1,$X$2:$X$16,0),0))) -> 3600 | O20: =IF($A20="","",SUMPRODUCT($B20:$G20,INDEX($Y$2:$AD$16,MATCH(O$1,$X$2:$X$16,0),0))) -> 3000 | ... V20: =IF($A20="","",SUMPRODUCT($B20:$G20,INDEX($Y$2:$AD$16,MATCH(V$1,$X$2:$X$16,0),0))) -> 2596
A21: 46258 | B21: =IF($A21="","",SUMIFS(MPS!$J:$J,MPS!$A:$A,B$1,MPS!$C:$C,$A21)) -> 4249 | C21: =IF($A21="","",SUMIFS(MPS!$J:$J,MPS!$A:$A,C$1,MPS!$C:$C,$A21)) -> 3750 | D21: =IF($A21="","",SUMIFS(MPS!$J:$J,MPS!$A:$A,D$1,MPS!$C:$C,$A21)) -> 750 | E21: =IF($A21="","",SUMIFS(MPS!$J:$J,MPS!$A:$A,E$1,MPS!$C:$C,$A21)) -> 400 | F21: =IF($A21="","",SUMIFS(MPS!$J:$J,MPS!$A:$A,F$1,MPS!$C:$C,$A21)) -> 0 | G21: =IF($A21="","",SUMIFS(MPS!$J:$J,MPS!$A:$A,G$1,MPS!$C:$C,$A21)) -> 1506 | H21: =IF($A21="","",SUMPRODUCT($B21:$G21,INDEX($Y$2:$AD$16,MATCH(H$1,$X$2:$X$16,0),0))) -> 10655 | I21: =IF($A21="","",SUMPRODUCT($B21:$G21,INDEX($Y$2:$AD$16,MATCH(I$1,$X$2:$X$16,0),0))) -> 2663 | J21: =IF($A21="","",SUMPRODUCT($B21:$G21,INDEX($Y$2:$AD$16,MATCH(J$1,$X$2:$X$16,0),0))) -> 10655 | K21: =IF($A21="","",SUMPRODUCT($B21:$G21,INDEX($Y$2:$AD$16,MATCH(K$1,$X$2:$X$16,0),0))) -> 8498 | L21: =IF($A21="","",SUMPRODUCT($B21:$G21,INDEX($Y$2:$AD$16,MATCH(L$1,$X$2:$X$16,0),0))) -> 4249 | M21: =IF($A21="","",SUMPRODUCT($B21:$G21,INDEX($Y$2:$AD$16,MATCH(M$1,$X$2:$X$16,0),0))) -> 9375 | N21: =IF($A21="","",SUMPRODUCT($B21:$G21,INDEX($Y$2:$AD$16,MATCH(N$1,$X$2:$X$16,0),0))) -> 5625 | O21: =IF($A21="","",SUMPRODUCT($B21:$G21,INDEX($Y$2:$AD$16,MATCH(O$1,$X$2:$X$16,0),0))) -> 2250 | ... V21: =IF($A21="","",SUMPRODUCT($B21:$G21,INDEX($Y$2:$AD$16,MATCH(V$1,$X$2:$X$16,0),0))) -> 3012
