Workbook
Name Type: #REF!
Name Type: #REF!

Sheet Production Plan_new scenario
A1: Production Planning | J1: Calendar Buckets & Available Capacity (6 workdays/week, Sunday off) | R1: PCBA Supply Scenario (Robotic A) | U1: PCBA logistics cost & inventory check (SKU A) | AD1: Scenario KPI Summary
J2: Bucket | K2: Start | L2: End | M2: Workdays | N2: Workdays/6 | O2: Notes | R2: Affected SKU | S2: A | U2: Air units | V2: =SUM(W6:W32) | W2: Air cost/pc | X2: =$S$11 | AD2: Total shortage | AE2: =SUM(AM43:AM63)
A3: Start date | B3: 46127 | J3: B1 | K3: =$B$3 | L3: =MIN(B3+($B$5-WEEKDAY(B3,2)), $B$4) | M3: =L3-K3+1 | N3: 0.67 | O3: Mon–Sat; Sunday off | R3: PCBA per FG (pcs) | S3: 1 | U3: Sea units | V3: =SUM(X6:X32) | W3: Sea cost/pc | X3: =$S$12 | AD3: Total late qty | AE3: =SUM(AO43:AO63)
A4: End date | B4: 46157 | J4: B2 | K4: =L3+2 | L4: =K4+5 | M4: =L4-K4+1 | N4: 1 | O4: Mon–Sat; Sunday off | R4: On-hand GOOD PCBA in VN (pcs) | S4: 0 | U4: Total cost | V4: =V2*X2+V3*X3 | AD4: Total air units | AE4: =SUM(W6:W32)
A5: Workdays / week | B5: 6 | J5: B3 | K5: =L4+2 | L5: =K5+5 | M5: =L5-K5+1 | N5: 1 | O5: Mon–Sat; Sunday off | R5: Vendor held DEFECT PCBA (pcs) | S5: 30000 | U5: Date | V5: Production (A) | W5: Air arr | X5: Sea arr | Y5: Reflash arr | Z5: Beg Inv | AA5: End Inv | AB5: Flag | AD5: Total sea units | AE5: =SUM(X6:X32)
A6: Shifts / day | B6: 2 | J6: B4 | K6: =L5+2 | L6: =K6+5 | M6: =L6-K6+1 | N6: 1 | O6: Mon–Sat; Sunday off | R6: Reflash equipment available date | S6: =$B$3+21 | U6: 46127 | V6: 0 | W6: 0 | X6: 0 | Y6: 0 | Z6: 0 | AA6: 0 | AB6: OK | AD6: Estimated number of air shipments | AE6: =ROUNDUP(AE4/$AE$11,0)
A7: Lead time min (days) | B7: 7 | J7: B5 | K7: =L6+2 | L7: =$B$4 | M7: =L7-K7+1 | N7: 0.83 | O7: Mon–Sat; Sunday off | R7: Reflash capacity (pcs/day) | S7: 4000 | U7: 46128 | V7: 0 | W7: 0 | X7: 0 | Y7: 0 | Z7: 0 | AA7: 0 | AB7: OK | AD7: Estimated number of sea shipments | AE7: =ROUNDUP(AE5/$AE$12,0)
A8: Lead time max (days) | B8: 14 | R8: Supplier new PCBA capacity (pcs/day) | S8: 4000 | U8: 46129 | V8: 0 | W8: 0 | X8: 0 | Y8: 0 | Z8: 0 | AA8: 0 | AB8: OK | AD8: Total logistics cost (USD | AE8: =AE4*$S$11+AE5*$S$12
A9: Note | B9: Factory runs 2 shifts/day, 6 days/week (Sunday off). Plan buckets follow Mon–Sat weeks. | R9: Air lead time (days) | S9: 3 | U9: 46130 | V9: 0 | W9: 0 | X9: 0 | Y9: 0 | Z9: 0 | AA9: 0 | AB9: OK
A10: Overall | R10: Sea lead time (days) | S10: 21 | U10: 46132 | V10: 0 | W10: 0 | X10: 0 | Y10: 0 | Z10: 0 | AA10: 0 | AB10: OK | AD10: Shipment assumptions
A11: Total workdays in horizon | B11: =(B4-B3-4)+1 | R11: Air freight cost (USD/pc) | S11: 2 | U11: 46133 | V11: 0 | W11: 0 | X11: 0 | Y11: 0 | Z11: 0 | AA11: 0 | AB11: OK | AD11: Air shipment capacity per trip (PCBA units) | AE11: 1700
A12: Theoretical shipment request estimated by lead time | B12: =TEXT(B3+B7,"dd/mm")&" - "&TEXT(B4+B8,"dd/mm") | R12: Sea freight cost (USD/pc) | S12: 0 | U12: 46134 | V12: 0 | W12: 0 | X12: 0 | Y12: 0 | Z12: 0 | AA12: 0 | AB12: OK | AD12: Sea shipment capacity per trip (PCBA units) | AE12: 10000
U13: 46135 | V13: 0 | W13: 0 | X13: 0 | Y13: 0 | Z13: 0 | AA13: 0 | AB13: OK
A14: Demand Aggregated for Production Horizon (15.4-15.5) | Q14: NOTE | U14: 46136 | V14: 0 | W14: 0 | X14: 0 | Y14: 0 | Z14: 0 | AA14: 0 | AB14: OK
Q15: Air cost/pc | R15: Air cost per piece | S15: Chi phí vận chuyển hàng không trên mỗi đơn vị PCBA. | U15: 46137 | V15: 684 | W15: 684 | X15: 0 | Y15: 0 | Z15: 0 | AA15: 0 | AB15: OK
A16: SKU | B16: Description | C16: Market | D16: Product group | E16: Fixture | F16: Weekly capacity | G16: Ship request | H16: Demand quantity | I16: Earliest production date (Ship-LeadMax) | J16: Latest production date (Ship-LeadMin) | Q16: Sea cost/pc | R16: Sea cost per piece | S16: Chi phí vận chuyển đường biển trên mỗi đơn vị PCBA. | U16: 46139 | V16: 0 | W16: 0 | X16: 0 | Y16: 0 | Z16: 0 | AA16: 0 | AB16: OK
A17: A | B17: 2026 Automatic Robot ver | C17: US | D17: Electronic Toy | E17: 123AB | F17: 15000 | G17: 46150 | H17: =SUMIFS('Demand for Production Plan'!$I:$I,'Demand for Production Plan'!$A:$A,$A17,'Demand for Production Plan'!$C:$C,$C17,'Demand for Production Plan'!$F:$F,$E17,'Demand for Production Plan'!$H:$H,$G17) | I17: =G17-$B$8 | J17: =G17-$B$7 | Q17: Total cost | R17: Total logistics cost | S17: Tổng chi phí logistics phát sinh từ phương án air/sea cho PCBA. | U17: 46140 | V17: 0 | W17: 0 | X17: 0 | Y17: 0 | Z17: 0 | AA17: 0 | AB17: OK
A18: A | B18: 2026 Automatic Robot ver | C18: US | D18: Electronic Toy | E18: 123AB | F18: 15000 | G18: 46157 | H18: =SUMIFS('Demand for Production Plan'!$I:$I,'Demand for Production Plan'!$A:$A,$A18,'Demand for Production Plan'!$C:$C,$C18,'Demand for Production Plan'!$F:$F,$E18,'Demand for Production Plan'!$H:$H,$G18) | I18: =G18-$B$8 | J18: =G18-$B$7 | Q18: Prod(A) | R18: Production quantity of SKU A | S18: Số lượng SKU A được sản xuất trong ngày; cũng là lượng PCBA bị tiêu hao trong ngày nếu 1 sản phẩm dùng 1 PCBA. | U18: 46141 | V18: 0 | W18: 0 | X18: 0 | Y18: 0 | Z18: 0 | AA18: 0 | AB18: OK
A19: A | B19: 2026 Automatic Robot ver | C19: US | D19: Electronic Toy | E19: 123AB | F19: 15000 | G19: 46164 | H19: =SUMIFS('Demand for Production Plan'!$I:$I,'Demand for Production Plan'!$A:$A,$A19,'Demand for Production Plan'!$C:$C,$C19,'Demand for Production Plan'!$F:$F,$E19,'Demand for Production Plan'!$H:$H,$G19) | I19: =G19-$B$8 | J19: =G19-$B$7 | Q19: Air arr | R19: Air arrival | S19: Số lượng PCBA thực nhận trong ngày từ phương án vận chuyển air. | U19: 46142 | V19: 0 | W19: 0 | X19: 0 | Y19: 0 | Z19: 0 | AA19: 0 | AB19: OK
A20: A | B20: 2026 Automatic Robot ver | C20: US | D20: Electronic Toy | E20: 123AB | F20: 15000 | G20: 46171 | H20: =SUMIFS('Demand for Production Plan'!$I:$I,'Demand for Production Plan'!$A:$A,$A20,'Demand for Production Plan'!$C:$C,$C20,'Demand for Production Plan'!$F:$F,$E20,'Demand for Production Plan'!$H:$H,$G20) | I20: =G20-$B$8 | J20: =G20-$B$7 | Q20: Sea arr | R20: Sea arrival | S20: Số lượng PCBA thực nhận trong ngày từ phương án vận chuyển sea. | U20: 46143 | V20: 0 | W20: 0 | X20: 0 | Y20: 0 | Z20: 0 | AA20: 0 | AB20: OK
A21: B | B21: 2025 Barbie ver colorful | C21: US | D21: Doll | E21: 123AB | F21: 15000 | G21: 46157 | H21: =SUMIFS('Demand for Production Plan'!$I:$I,'Demand for Production Plan'!$A:$A,$A21,'Demand for Production Plan'!$C:$C,$C21,'Demand for Production Plan'!$F:$F,$E21,'Demand for Production Plan'!$H:$H,$G21) | I21: =G21-$B$8 | J21: =G21-$B$7 | Q21: Reflash arr | R21: Reflash arrival / recovered usable PCBA arrival | S21: Số lượng PCBA bổ sung trong ngày từ nguồn reflash/rework/phục hồi nội bộ. | U21: 46144 | V21: 2500 | W21: 2500 | X21: 0 | Y21: 0 | Z21: 0 | AA21: 0 | AB21: OK
A22: B | B22: 2025 Barbie ver colorful | C22: US | D22: Doll | E22: 123AB | F22: 15000 | G22: 46164 | H22: =SUMIFS('Demand for Production Plan'!$I:$I,'Demand for Production Plan'!$A:$A,$A22,'Demand for Production Plan'!$C:$C,$C22,'Demand for Production Plan'!$F:$F,$E22,'Demand for Production Plan'!$H:$H,$G22) | I22: =G22-$B$8 | J22: =G22-$B$7 | Q22: Beg Inv | R22: Beginning Inventory | S22: Tồn kho đầu ngày của PCBA. | U22: 46146 | V22: 1998 | W22: 1998 | X22: 0 | Y22: 0 | Z22: 0 | AA22: 0 | AB22: OK
A23: B | B23: 2025 Barbie ver colorful | C23: US | D23: Doll | E23: 123AB | F23: 15000 | G23: 46171 | H23: =SUMIFS('Demand for Production Plan'!$I:$I,'Demand for Production Plan'!$A:$A,$A23,'Demand for Production Plan'!$C:$C,$C23,'Demand for Production Plan'!$F:$F,$E23,'Demand for Production Plan'!$H:$H,$G23) | I23: =G23-$B$8 | J23: =G23-$B$7 | Q23: End Inv | R23: Ending Inventory | S23: Tồn kho cuối ngày của PCBA sau khi cộng arrival và trừ lượng dùng cho sản xuất. | U23: 46147 | V23: 0 | W23: 0 | X23: 0 | Y23: 0 | Z23: 0 | AA23: 0 | AB23: OK
A24: C | B24: 2026 Castle & Farm Blocks | C24: UK | D24: Building & Construction Toy | E24: 456CD | F24: 5000 | G24: 46157 | H24: =SUMIFS('Demand for Production Plan'!$I:$I,'Demand for Production Plan'!$A:$A,$A24,'Demand for Production Plan'!$C:$C,$C24,'Demand for Production Plan'!$F:$F,$E24,'Demand for Production Plan'!$H:$H,$G24) | I24: =G24-$B$8 | J24: =G24-$B$7 | Q24: Inv | R24: Inventory | S24: Tồn kho. | U24: 46148 | V24: 2500 | W24: 0 | X24: 0 | Y24: 4000 | Z24: 0 | AA24: 1500 | AB24: OK
A25: C | B25: 2026 Castle & Farm Blocks | C25: UK | D25: Building & Construction Toy | E25: 456CD | F25: 5000 | G25: 46164 | H25: =SUMIFS('Demand for Production Plan'!$I:$I,'Demand for Production Plan'!$A:$A,$A25,'Demand for Production Plan'!$C:$C,$C25,'Demand for Production Plan'!$F:$F,$E25,'Demand for Production Plan'!$H:$H,$G25) | I25: =G25-$B$8 | J25: =G25-$B$7 | Q25: Flag | R25: Status flag | S25: Cờ cảnh báo tình trạng tồn kho trong ngày. | U25: 46149 | V25: 2500 | W25: 0 | X25: 0 | Y25: 4000 | Z25: 1500 | AA25: 3000 | AB25: OK
A26: C | B26: 2026 Castle & Farm Blocks | C26: UK | D26: Building & Construction Toy | E26: 456CD | F26: 5000 | G26: 46171 | H26: =SUMIFS('Demand for Production Plan'!$I:$I,'Demand for Production Plan'!$A:$A,$A26,'Demand for Production Plan'!$C:$C,$C26,'Demand for Production Plan'!$F:$F,$E26,'Demand for Production Plan'!$H:$H,$G26) | I26: =G26-$B$8 | J26: =G26-$B$7 | Q26: OK | R26: OK / Inventory feasible | S26: Tồn kho không âm, ngày đó khả thi về mặt vật tư. | U26: 46150 | V26: 2500 | W26: 0 | X26: 0 | Y26: 4000 | Z26: 3000 | AA26: 4500 | AB26: OK
A27: D | B27: 2026 Animal Animation Book | C27: UK | D27: Educational Toy | E27: 456CD | F27: 5000 | G27: 46157 | H27: =SUMIFS('Demand for Production Plan'!$I:$I,'Demand for Production Plan'!$A:$A,$A27,'Demand for Production Plan'!$C:$C,$C27,'Demand for Production Plan'!$F:$F,$E27,'Demand for Production Plan'!$H:$H,$G27) | I27: =G27-$B$8 | J27: =G27-$B$7 | Q27: NEG_INV | R27: Negative Inventory | S27: Tồn kho âm, nghĩa là kế hoạch sản xuất ngày đó không khả thi nếu không có thêm PCBA. | U27: 46151 | V27: 2500 | W27: 0 | X27: 0 | Y27: 4000 | Z27: 4500 | AA27: 6000 | AB27: OK
A28: D | B28: 2026 Animal Animation Book | C28: UK | D28: Educational Toy | E28: 456CD | F28: 5000 | G28: 46164 | H28: =SUMIFS('Demand for Production Plan'!$I:$I,'Demand for Production Plan'!$A:$A,$A28,'Demand for Production Plan'!$C:$C,$C28,'Demand for Production Plan'!$F:$F,$E28,'Demand for Production Plan'!$H:$H,$G28) | I28: =G28-$B$8 | J28: =G28-$B$7 | Q28: units | R28: Units / quantity | S28: Số đơn vị, số lượng. | U28: 46153 | V28: 2500 | W28: 0 | X28: 0 | Y28: 4000 | Z28: 6000 | AA28: 7500 | AB28: OK
A29: D | B29: 2026 Animal Animation Book | C29: UK | D29: Educational Toy | E29: 456CD | F29: 5000 | G29: 46171 | H29: =SUMIFS('Demand for Production Plan'!$I:$I,'Demand for Production Plan'!$A:$A,$A29,'Demand for Production Plan'!$C:$C,$C29,'Demand for Production Plan'!$F:$F,$E29,'Demand for Production Plan'!$H:$H,$G29) | I29: =G29-$B$8 | J29: =G29-$B$7 | Q29: pc | R29: piece | S29: Một đơn vị/cái. | U29: 46154 | V29: 2500 | W29: 0 | X29: 0 | Y29: 4000 | Z29: 7500 | AA29: 9000 | AB29: OK
A30: E | B30: 2026 Scooter ver | C30: Australia | D30: Outdoor & Sports Toy | E30: 789EF | F30: 3000 | G30: 46150 | H30: =SUMIFS('Demand for Production Plan'!$I:$I,'Demand for Production Plan'!$A:$A,$A30,'Demand for Production Plan'!$C:$C,$C30,'Demand for Production Plan'!$F:$F,$E30,'Demand for Production Plan'!$H:$H,$G30) | I30: =G30-$B$8 | J30: =G30-$B$7 | U30: 46155 | V30: 2500 | W30: 0 | X30: 0 | Y30: 4000 | Z30: 9000 | AA30: 10500 | AB30: OK
A31: E | B31: 2026 Scooter ver | C31: Australia | D31: Outdoor & Sports Toy | E31: 789EF | F31: 3000 | G31: 46157 | H31: =SUMIFS('Demand for Production Plan'!$I:$I,'Demand for Production Plan'!$A:$A,$A31,'Demand for Production Plan'!$C:$C,$C31,'Demand for Production Plan'!$F:$F,$E31,'Demand for Production Plan'!$H:$H,$G31) | I31: =G31-$B$8 | J31: =G31-$B$7 | U31: 46156 | V31: 2500 | W31: 0 | X31: 0 | Y31: 2000 | Z31: 10500 | AA31: 10000 | AB31: OK
A32: E | B32: 2026 Scooter ver | C32: Australia | D32: Outdoor & Sports Toy | E32: 789EF | F32: 3000 | G32: 46164 | H32: =SUMIFS('Demand for Production Plan'!$I:$I,'Demand for Production Plan'!$A:$A,$A32,'Demand for Production Plan'!$C:$C,$C32,'Demand for Production Plan'!$F:$F,$E32,'Demand for Production Plan'!$H:$H,$G32) | I32: =G32-$B$8 | J32: =G32-$B$7 | U32: 46157 | V32: 2500 | W32: 0 | X32: 0 | Y32: 0 | Z32: 10000 | AA32: 7500 | AB32: OK
A33: F | B33: 2025 Fantasy Spaceship Model DIY kits | C33: US | D33: Arts & Crafts Toy | E33: 789EF | F33: 3000 | G33: 46143 | H33: =SUMIFS('Demand for Production Plan'!$I:$I,'Demand for Production Plan'!$A:$A,$A33,'Demand for Production Plan'!$C:$C,$C33,'Demand for Production Plan'!$F:$F,$E33,'Demand for Production Plan'!$H:$H,$G33) | I33: =G33-$B$8 | J33: =G33-$B$7
A34: F | B34: 2025 Fantasy Spaceship Model DIY kits | C34: US | D34: Arts & Crafts Toy | E34: 789EF | F34: 3000 | G34: 46150 | H34: =SUMIFS('Demand for Production Plan'!$I:$I,'Demand for Production Plan'!$A:$A,$A34,'Demand for Production Plan'!$C:$C,$C34,'Demand for Production Plan'!$F:$F,$E34,'Demand for Production Plan'!$H:$H,$G34) | I34: =G34-$B$8 | J34: =G34-$B$7
A35: F | B35: 2025 Fantasy Spaceship Model DIY kits | C35: US | D35: Arts & Crafts Toy | E35: 789EF | F35: 3000 | G35: 46157 | H35: =SUMIFS('Demand for Production Plan'!$I:$I,'Demand for Production Plan'!$A:$A,$A35,'Demand for Production Plan'!$C:$C,$C35,'Demand for Production Plan'!$F:$F,$E35,'Demand for Production Plan'!$H:$H,$G35) | I35: =G35-$B$8 | J35: =G35-$B$7
A36: F | B36: 2025 Fantasy Spaceship Model DIY kits | C36: US | D36: Arts & Crafts Toy | E36: 789EF | F36: 3000 | G36: 46164 | H36: =SUMIFS('Demand for Production Plan'!$I:$I,'Demand for Production Plan'!$A:$A,$A36,'Demand for Production Plan'!$C:$C,$C36,'Demand for Production Plan'!$F:$F,$E36,'Demand for Production Plan'!$H:$H,$G36) | I36: =G36-$B$8 | J36: =G36-$B$7
A37: F | B37: 2025 Fantasy Spaceship Model DIY kits | C37: US | D37: Arts & Crafts Toy | E37: 789EF | F37: 3000 | G37: 46171 | H37: =SUMIFS('Demand for Production Plan'!$I:$I,'Demand for Production Plan'!$A:$A,$A37,'Demand for Production Plan'!$C:$C,$C37,'Demand for Production Plan'!$F:$F,$E37,'Demand for Production Plan'!$H:$H,$G37) | I37: =G37-$B$8 | J37: =G37-$B$7
A39: Production Plan (Daily workday view)
A41: SKU | B41: Description | C41: Market | D41: Product group | E41: Fixture | F41: Weekly cap | G41: Ship request | H41: Demand quantity | I41: Earliest production date | J41: Latest production date | K41: Week 1 | O41: Week 2 | U41: Week 3 | AA41: Week 4 | AG41: Week 5 | AL41: Planned total | AM41: Shortage | AN41: Risk | AO41: Late quantity | AP41: Horizon status
K42: 46127 | L42: 46128 | M42: 46129 | N42: 46130 | O42: 46132 | P42: 46133 | Q42: 46134 | R42: 46135 | S42: 46136 | T42: 46137 | U42: 46139 | V42: 46140 | W42: 46141 | X42: 46142 | Y42: 46143 | Z42: 46144 | AA42: 46146 | AB42: 46147 | AC42: 46148 | AD42: 46149 | AE42: 46150 | AF42: 46151 | AG42: 46153 | AH42: 46154 | AI42: 46155 | AJ42: 46156 | AK42: 46157
A43: F | B43: 2025 Fantasy Spaceship Model DIY kits | C43: US | D43: Arts & Crafts Toy | E43: 789EF | F43: 3000 | G43: 46143 | H43: 588 | I43: =G43-$B$8 | J43: =G43-$B$7 | K43: 0 | L43: 0 | M43: 500 | N43: 0 | O43: 0 | P43: 0 | Q43: 0 | R43: 88 | S43: 0 | T43: 0 | U43: 0 | V43: 0 | W43: 0 | X43: 0 | Y43: 0 | Z43: 0 | AA43: 0 | AB43: 0 | AC43: 0 | AD43: 0 | AE43: 0 | AF43: 0 | AG43: 0 | AH43: 0 | AI43: 0 | AJ43: 0 | AK43: 0 | AL43: =SUM(K43:AK43) | AM43: =MAX(0,$H43-AL43) | AN43: =IF($AP43="WITHIN_HORIZON",IF(AND($AM43>0,$AO43>0),"SHORTAGE + LATE",IF($AM43>0,"SHORTAGE",IF($AO43>0,"LATE","OK"))),IF(AND($AP43="PARTIAL_HORIZON",$AM43=0,$AO43=0),"OK","OUT_OF_HORIZON")) | AO43: =SUMPRODUCT(($K$42:$AK$42>$J43)*(K43:AK43)) | AP43: =IF($I43>$AK$42,"OUT_OF_HORIZON",IF($J43>$AK$42,"PARTIAL_HORIZON","WITHIN_HORIZON"))
A44: A | B44: 2026 Automatic Robot ver | C44: US | D44: Electronic Toy | E44: 123AB | F44: 15000 | G44: 46150 | H44: 684 | I44: =G44-$B$8 | J44: =G44-$B$7 | K44: 0 | L44: 0 | M44: 0 | N44: 0 | O44: 0 | P44: 0 | Q44: 0 | R44: 0 | S44: 0 | T44: 684 | U44: 0 | V44: 0 | W44: 0 | X44: 0 | Y44: 0 | Z44: 0 | AA44: 0 | AB44: 0 | AC44: 0 | AD44: 0 | AE44: 0 | AF44: 0 | AG44: 0 | AH44: 0 | AI44: 0 | AJ44: 0 | AK44: 0 | AL44: =SUM(K44:AK44) | AM44: =MAX(0,$H44-AL44) | AN44: =IF($AP44="WITHIN_HORIZON",IF(AND($AM44>0,$AO44>0),"SHORTAGE + LATE",IF($AM44>0,"SHORTAGE",IF($AO44>0,"LATE","OK"))),IF(AND($AP44="PARTIAL_HORIZON",$AM44=0,$AO44=0),"OK","OUT_OF_HORIZON")) | AO44: =SUMPRODUCT(($K$42:$AK$42>$J44)*(K44:AK44)) | AP44: =IF($I44>$AK$42,"OUT_OF_HORIZON",IF($J44>$AK$42,"PARTIAL_HORIZON","WITHIN_HORIZON"))
A45: E | B45: 2026 Scooter ver | C45: Australia | D45: Outdoor & Sports Toy | E45: 789EF | F45: 3000 | G45: 46150 | H45: 472 | I45: =G45-$B$8 | J45: =G45-$B$7 | K45: 0 | L45: 0 | M45: 0 | N45: 0 | O45: 0 | P45: 0 | Q45: 0 | R45: 0 | S45: 0 | T45: 0 | U45: 0 | V45: 472 | W45: 0 | X45: 0 | Y45: 0 | Z45: 0 | AA45: 0 | AB45: 0 | AC45: 0 | AD45: 0 | AE45: 0 | AF45: 0 | AG45: 0 | AH45: 0 | AI45: 0 | AJ45: 0 | AK45: 0 | AL45: =SUM(K45:AK45) | AM45: =MAX(0,$H45-AL45) | AN45: =IF($AP45="WITHIN_HORIZON",IF(AND($AM45>0,$AO45>0),"SHORTAGE + LATE",IF($AM45>0,"SHORTAGE",IF($AO45>0,"LATE","OK"))),IF(AND($AP45="PARTIAL_HORIZON",$AM45=0,$AO45=0),"OK","OUT_OF_HORIZON")) | AO45: =SUMPRODUCT(($K$42:$AK$42>$J45)*(K45:AK45)) | AP45: =IF($I45>$AK$42,"OUT_OF_HORIZON",IF($J45>$AK$42,"PARTIAL_HORIZON","WITHIN_HORIZON"))
A46: F | B46: 2025 Fantasy Spaceship Model DIY kits | C46: US | D46: Arts & Crafts Toy | E46: 789EF | F46: 3000 | G46: 46150 | H46: 4028 | I46: =G46-$B$8 | J46: =G46-$B$7 | K46: 0 | L46: 0 | M46: 0 | N46: 0 | O46: 0 | P46: 0 | Q46: 0 | R46: 0 | S46: 500 | T46: 500 | U46: 500 | V46: 28 | W46: 500 | X46: 500 | Y46: 500 | Z46: 0 | AA46: 0 | AB46: 0 | AC46: 0 | AD46: 0 | AE46: 0 | AF46: 0 | AG46: 0 | AH46: 0 | AI46: 0 | AJ46: 0 | AK46: 0 | AL46: =SUM(K46:AK46) | AM46: =MAX(0,$H46-AL46) | AN46: =IF($AP46="WITHIN_HORIZON",IF(AND($AM46>0,$AO46>0),"SHORTAGE + LATE",IF($AM46>0,"SHORTAGE",IF($AO46>0,"LATE","OK"))),IF(AND($AP46="PARTIAL_HORIZON",$AM46=0,$AO46=0),"OK","OUT_OF_HORIZON")) | AO46: =SUMPRODUCT(($K$42:$AK$42>$J46)*(K46:AK46)) | AP46: =IF($I46>$AK$42,"OUT_OF_HORIZON",IF($J46>$AK$42,"PARTIAL_HORIZON","WITHIN_HORIZON"))
A47: A | B47: 2026 Automatic Robot ver | C47: US | D47: Electronic Toy | E47: 123AB | F47: 15000 | G47: 46157 | H47: 20000 | I47: =G47-$B$8 | J47: =G47-$B$7 | K47: 0 | L47: 0 | M47: 0 | N47: 0 | O47: 0 | P47: 0 | Q47: 0 | R47: 0 | S47: 0 | T47: 0 | U47: 0 | V47: 0 | W47: 0 | X47: 0 | Y47: 0 | Z47: 2500 | AA47: 1998 | AB47: 0 | AC47: 2500 | AD47: 2500 | AE47: 2500 | AF47: 0 | AG47: 0 | AH47: 0 | AI47: 0 | AJ47: 0 | AK47: 0 | AL47: =SUM(K47:AK47) | AM47: =MAX(0,$H47-AL47) | AN47: =IF($AP47="WITHIN_HORIZON",IF(AND($AM47>0,$AO47>0),"SHORTAGE + LATE",IF($AM47>0,"SHORTAGE",IF($AO47>0,"LATE","OK"))),IF(AND($AP47="PARTIAL_HORIZON",$AM47=0,$AO47=0),"OK","OUT_OF_HORIZON")) | AO47: =SUMPRODUCT(($K$42:$AK$42>$J47)*(K47:AK47)) | AP47: =IF($I47>$AK$42,"OUT_OF_HORIZON",IF($J47>$AK$42,"PARTIAL_HORIZON","WITHIN_HORIZON"))
A48: B | B48: 2025 Barbie ver colorful | C48: US | D48: Doll | E48: 123AB | F48: 15000 | G48: 46157 | H48: 5502 | I48: =G48-$B$8 | J48: =G48-$B$7 | K48: 0 | L48: 0 | M48: 0 | N48: 0 | O48: 0 | P48: 0 | Q48: 0 | R48: 0 | S48: 0 | T48: 0 | U48: 0 | V48: 0 | W48: 0 | X48: 0 | Y48: 2500 | Z48: 0 | AA48: 502 | AB48: 2500 | AC48: 0 | AD48: 0 | AE48: 0 | AF48: 0 | AG48: 0 | AH48: 0 | AI48: 0 | AJ48: 0 | AK48: 0 | AL48: =SUM(K48:AK48) | AM48: =MAX(0,$H48-AL48) | AN48: =IF($AP48="WITHIN_HORIZON",IF(AND($AM48>0,$AO48>0),"SHORTAGE + LATE",IF($AM48>0,"SHORTAGE",IF($AO48>0,"LATE","OK"))),IF(AND($AP48="PARTIAL_HORIZON",$AM48=0,$AO48=0),"OK","OUT_OF_HORIZON")) | AO48: =SUMPRODUCT(($K$42:$AK$42>$J48)*(K48:AK48)) | AP48: =IF($I48>$AK$42,"OUT_OF_HORIZON",IF($J48>$AK$42,"PARTIAL_HORIZON","WITHIN_HORIZON"))
A49: C | B49: 2026 Castle & Farm Blocks | C49: UK | D49: Building & Construction Toy | E49: 456CD | F49: 5000 | G49: 46157 | H49: 4320 | I49: =G49-$B$8 | J49: =G49-$B$7 | K49: 0 | L49: 0 | M49: 0 | N49: 0 | O49: 0 | P49: 0 | Q49: 0 | R49: 0 | S49: 0 | T49: 0 | U49: 0 | V49: 0 | W49: 0 | X49: 0 | Y49: 0 | Z49: 833 | AA49: 0 | AB49: 833 | AC49: 833 | AD49: 833 | AE49: 0 | AF49: 0 | AG49: 0 | AH49: 0 | AI49: 0 | AJ49: 0 | AK49: 0 | AL49: =SUM(K49:AK49) | AM49: =MAX(0,$H49-AL49) | AN49: =IF($AP49="WITHIN_HORIZON",IF(AND($AM49>0,$AO49>0),"SHORTAGE + LATE",IF($AM49>0,"SHORTAGE",IF($AO49>0,"LATE","OK"))),IF(AND($AP49="PARTIAL_HORIZON",$AM49=0,$AO49=0),"OK","OUT_OF_HORIZON")) | AO49: =SUMPRODUCT(($K$42:$AK$42>$J49)*(K49:AK49)) | AP49: =IF($I49>$AK$42,"OUT_OF_HORIZON",IF($J49>$AK$42,"PARTIAL_HORIZON","WITHIN_HORIZON"))
A50: D | B50: 2026 Animal Animation Book | C50: UK | D50: Educational Toy | E50: 456CD | F50: 5000 | G50: 46157 | H50: 2430 | I50: =G50-$B$8 | J50: =G50-$B$7 | K50: 0 | L50: 0 | M50: 0 | N50: 0 | O50: 0 | P50: 0 | Q50: 0 | R50: 0 | S50: 0 | T50: 0 | U50: 0 | V50: 0 | W50: 0 | X50: 0 | Y50: 833 | Z50: 0 | AA50: 833 | AB50: 0 | AC50: 0 | AD50: 0 | AE50: 0 | AF50: 0 | AG50: 0 | AH50: 0 | AI50: 0 | AJ50: 0 | AK50: 0 | AL50: =SUM(K50:AK50) | AM50: =MAX(0,$H50-AL50) | AN50: =IF($AP50="WITHIN_HORIZON",IF(AND($AM50>0,$AO50>0),"SHORTAGE + LATE",IF($AM50>0,"SHORTAGE",IF($AO50>0,"LATE","OK"))),IF(AND($AP50="PARTIAL_HORIZON",$AM50=0,$AO50=0),"OK","OUT_OF_HORIZON")) | AO50: =SUMPRODUCT(($K$42:$AK$42>$J50)*(K50:AK50)) | AP50: =IF($I50>$AK$42,"OUT_OF_HORIZON",IF($J50>$AK$42,"PARTIAL_HORIZON","WITHIN_HORIZON"))
A51: E | B51: 2026 Scooter ver | C51: Australia | D51: Outdoor & Sports Toy | E51: 789EF | F51: 3000 | G51: 46157 | H51: 300 | I51: =G51-$B$8 | J51: =G51-$B$7 | K51: 0 | L51: 0 | M51: 0 | N51: 0 | O51: 0 | P51: 0 | Q51: 0 | R51: 0 | S51: 0 | T51: 0 | U51: 0 | V51: 0 | W51: 0 | X51: 0 | Y51: 0 | Z51: 0 | AA51: 300 | AB51: 0 | AC51: 0 | AD51: 0 | AE51: 0 | AF51: 0 | AG51: 0 | AH51: 0 | AI51: 0 | AJ51: 0 | AK51: 0 | AL51: =SUM(K51:AK51) | AM51: =MAX(0,$H51-AL51) | AN51: =IF($AP51="WITHIN_HORIZON",IF(AND($AM51>0,$AO51>0),"SHORTAGE + LATE",IF($AM51>0,"SHORTAGE",IF($AO51>0,"LATE","OK"))),IF(AND($AP51="PARTIAL_HORIZON",$AM51=0,$AO51=0),"OK","OUT_OF_HORIZON")) | AO51: =SUMPRODUCT(($K$42:$AK$42>$J51)*(K51:AK51)) | AP51: =IF($I51>$AK$42,"OUT_OF_HORIZON",IF($J51>$AK$42,"PARTIAL_HORIZON","WITHIN_HORIZON"))
A52: F | B52: 2025 Fantasy Spaceship Model DIY kits | C52: US | D52: Arts & Crafts Toy | E52: 789EF | F52: 3000 | G52: 46157 | H52: 4200 | I52: =G52-$B$8 | J52: =G52-$B$7 | K52: 0 | L52: 0 | M52: 0 | N52: 0 | O52: 0 | P52: 0 | Q52: 0 | R52: 0 | S52: 0 | T52: 0 | U52: 0 | V52: 0 | W52: 0 | X52: 0 | Y52: 0 | Z52: 500 | AA52: 200 | AB52: 500 | AC52: 500 | AD52: 500 | AE52: 500 | AF52: 0 | AG52: 0 | AH52: 0 | AI52: 0 | AJ52: 0 | AK52: 0 | AL52: =SUM(K52:AK52) | AM52: =MAX(0,$H52-AL52) | AN52: =IF($AP52="WITHIN_HORIZON",IF(AND($AM52>0,$AO52>0),"SHORTAGE + LATE",IF($AM52>0,"SHORTAGE",IF($AO52>0,"LATE","OK"))),IF(AND($AP52="PARTIAL_HORIZON",$AM52=0,$AO52=0),"OK","OUT_OF_HORIZON")) | AO52: =SUMPRODUCT(($K$42:$AK$42>$J52)*(K52:AK52)) | AP52: =IF($I52>$AK$42,"OUT_OF_HORIZON",IF($J52>$AK$42,"PARTIAL_HORIZON","WITHIN_HORIZON"))
A53: A | B53: 2026 Automatic Robot ver | C53: US | D53: Electronic Toy | E53: 123AB | F53: 15000 | G53: 46164 | H53: 20000 | I53: =G53-$B$8 | J53: =G53-$B$7 | K53: 0 | L53: 0 | M53: 0 | N53: 0 | O53: 0 | P53: 0 | Q53: 0 | R53: 0 | S53: 0 | T53: 0 | U53: 0 | V53: 0 | W53: 0 | X53: 0 | Y53: 0 | Z53: 0 | AA53: 0 | AB53: 0 | AC53: 0 | AD53: 0 | AE53: 0 | AF53: 2500 | AG53: 2500 | AH53: 2500 | AI53: 2500 | AJ53: 2500 | AK53: 2500 | AL53: =SUM(K53:AK53) | AM53: =MAX(0,$H53-AL53) | AN53: =IF($AP53="WITHIN_HORIZON",IF(AND($AM53>0,$AO53>0),"SHORTAGE + LATE",IF($AM53>0,"SHORTAGE",IF($AO53>0,"LATE","OK"))),IF(AND($AP53="PARTIAL_HORIZON",$AM53=0,$AO53=0),"OK","OUT_OF_HORIZON")) | AO53: =SUMPRODUCT(($K$42:$AK$42>$J53)*(K53:AK53)) | AP53: =IF($I53>$AK$42,"OUT_OF_HORIZON",IF($J53>$AK$42,"PARTIAL_HORIZON","WITHIN_HORIZON"))
A54: B | B54: 2025 Barbie ver colorful | C54: US | D54: Doll | E54: 123AB | F54: 15000 | G54: 46164 | H54: 15658 | I54: =G54-$B$8 | J54: =G54-$B$7 | K54: 0 | L54: 0 | M54: 0 | N54: 0 | O54: 0 | P54: 0 | Q54: 0 | R54: 0 | S54: 0 | T54: 0 | U54: 0 | V54: 0 | W54: 0 | X54: 0 | Y54: 0 | Z54: 0 | AA54: 0 | AB54: 0 | AC54: 0 | AD54: 0 | AE54: 0 | AF54: 0 | AG54: 0 | AH54: 0 | AI54: 0 | AJ54: 0 | AK54: 0 | AL54: =SUM(K54:AK54) | AM54: =MAX(0,$H54-AL54) | AN54: =IF($AP54="WITHIN_HORIZON",IF(AND($AM54>0,$AO54>0),"SHORTAGE + LATE",IF($AM54>0,"SHORTAGE",IF($AO54>0,"LATE","OK"))),IF(AND($AP54="PARTIAL_HORIZON",$AM54=0,$AO54=0),"OK","OUT_OF_HORIZON")) | AO54: =SUMPRODUCT(($K$42:$AK$42>$J54)*(K54:AK54)) | AP54: =IF($I54>$AK$42,"OUT_OF_HORIZON",IF($J54>$AK$42,"PARTIAL_HORIZON","WITHIN_HORIZON"))
... A63: F | B63: 2025 Fantasy Spaceship Model DIY kits | C63: US | D63: Arts & Crafts Toy | E63: 789EF | F63: 3000 | G63: 46171 | H63: 4500 | I63: =G63-$B$8 | J63: =G63-$B$7 | K63: 0 | L63: 0 | M63: 0 | N63: 0 | O63: 0 | P63: 0 | Q63: 0 | R63: 0 | S63: 0 | T63: 0 | U63: 0 | V63: 0 | W63: 0 | X63: 0 | Y63: 0 | Z63: 0 | AA63: 0 | AB63: 0 | AC63: 0 | AD63: 0 | AE63: 0 | AF63: 0 | AG63: 0 | AH63: 0 | AI63: 0 | AJ63: 0 | AK63: 0 | AL63: =SUM(K63:AK63) | AM63: =MAX(0,$H63-AL63) | AN63: =IF($AP63="WITHIN_HORIZON",IF(AND($AM63>0,$AO63>0),"SHORTAGE + LATE",IF($AM63>0,"SHORTAGE",IF($AO63>0,"LATE","OK"))),IF(AND($AP63="PARTIAL_HORIZON",$AM63=0,$AO63=0),"OK","OUT_OF_HORIZON")) | AO63: =SUMPRODUCT(($K$42:$AK$42>$J63)*(K63:AK63)) | AP63: =IF($I63>$AK$42,"OUT_OF_HORIZON",IF($J63>$AK$42,"PARTIAL_HORIZON","WITHIN_HORIZON"))
U66: Scenario KPI Summary
U67: Total shortage | V67: =SUM(AM43:AM63)
U68: Total late qty | V68: =SUM(AO43:AO63)
U69: Total air units | V69: =SUM(W6:W32)
U70: Total sea units | V70: =SUM(X6:X32)
U71: Estimated number of air shipments | V71: =ROUNDUP(V69/V77, 0)
U72: Estimated number of sea shipments | V72: =ROUNDUP(V70/V78, 0)
U73: Total logistics cost (USD) | V73: =(V69*2.0) + (V70*0.0)
U76: Shipment assumptions
U77: Air shipment capacity per trip (PCBA units) | V77: 1700
U78: Sea shipment capacity per trip (PCBA units) | V78: 10000
