Workbook
Name Type: #REF!

Sheet Overall Case Study
C2: Context
C3: A toy company is facing troubles with planning and data visualization
C5: Problems:
C6: 1. Need to visualize master data
C7: 2. Need to balance demand & create master production scheduling (MPS) with inhouse capacity constraints
C8: 3. Need to create material requirement planning (MRP) then determine reorder point based on leadtime (LT)
B13: No | C13: Question | D13: Requirement
B14: 1 | C14: Visualize demand of 6 SKUs | D14: By Regions, Category, Total Value
B15: 2 | C15: Create master production scheduling (MPS) | D15: Generate a master production planning for whole year
B16: 3 | C16: Balance demand | D16: Based on current fixture set and weekly capacity to balance and suggest solution if over 1. Leverage demand 2. Buy more fixture
B17: 4 | C17: Create Material requirment Planning (MRP) | D17: Generate a material requirement planning following 6 SKUs' demand and BOM usage
B18: 5 | C18: Determine supply plan | D18: Based on leadtime, current stock on hand and pending PO to find out reorder point and fill out/ layout supply plan
B19: 6 | C19: Figure out safety stock strategy | D19: Based on vendor location to define stock on hand level by week or day or hour (local and oversea)

Sheet Sheet1
A1: Item name | B1: Des | C1: Market | D1: Price ($) | E1: Product group | F1: Fixture | G1: Weekly Capcity | H1: Shipment Request | I1: Demand Quantity | J1: week first day | K1: production day | L1: Total Demand by SKU-Week
A2: A | B2: 2026 Automatic Robot ver | C2: US | D2: 105 | E2: Electronic Toy | F2: 123AB | G2: 15000 | H2: 46150 | I2: 684 | J2: =$M$1+7*INT((H2-$M$1)/7) -> 46144 | K2: =Table14[[#This Row],[week first day]]-7 -> 46137 | L2: =SUMIFS($I:$I,$A:$A,A2,J:J,J2) -> 684
A3: A | B3: 2026 Automatic Robot ver | C3: US | D3: 105 | E3: Electronic Toy | F3: 123AB | G3: 15000 | H3: 46157 | I3: 20000 | J3: =$M$1+7*INT((H3-$M$1)/7) -> 46151 | K3: =Table14[[#This Row],[week first day]]-7 -> 46144 | L3: =SUMIFS($I:$I,$A:$A,A3,J:J,J3) -> 20000
A4: A | B4: 2026 Automatic Robot ver | C4: US | D4: 105 | E4: Electronic Toy | F4: 123AB | G4: 15000 | H4: 46164 | I4: 15000 | J4: =$M$1+7*INT((H4-$M$1)/7) -> 46158 | K4: =Table14[[#This Row],[week first day]]-7 -> 46151 | L4: =SUMIFS($I:$I,$A:$A,A4,J:J,J4) -> 20000
A5: A | B5: 2026 Automatic Robot ver | C5: US | D5: 105 | E5: Electronic Toy | F5: 123AB | G5: 15000 | H5: 46164 | I5: 5000 | J5: =$M$1+7*INT((H5-$M$1)/7) -> 46158 | K5: =Table14[[#This Row],[week first day]]-7 -> 46151 | L5: =SUMIFS($I:$I,$A:$A,A5,J:J,J5) -> 20000
A6: A | B6: 2026 Automatic Robot ver | C6: US | D6: 105 | E6: Electronic Toy | F6: 123AB | G6: 15000 | H6: 46171 | I6: 11000 | J6: =$M$1+7*INT((H6-$M$1)/7) -> 46165 | K6: =Table14[[#This Row],[week first day]]-7 -> 46158 | L6: =SUMIFS($I:$I,$A:$A,A6,J:J,J6) -> 11000
A7: A | B7: 2026 Automatic Robot ver | C7: US | D7: 105 | E7: Electronic Toy | F7: 123AB | G7: 15000 | H7: 46178 | I7: 13000 | J7: =$M$1+7*INT((H7-$M$1)/7) -> 46172 | K7: =Table14[[#This Row],[week first day]]-7 -> 46165 | L7: =SUMIFS($I:$I,$A:$A,A7,J:J,J7) -> 13000
A8: A | B8: 2026 Automatic Robot ver | C8: US | D8: 105 | E8: Electronic Toy | F8: 123AB | G8: 15000 | H8: 46185 | I8: 13773 | J8: =$M$1+7*INT((H8-$M$1)/7) -> 46179 | K8: =Table14[[#This Row],[week first day]]-7 -> 46172 | L8: =SUMIFS($I:$I,$A:$A,A8,J:J,J8) -> 13773
A9: A | B9: 2026 Automatic Robot ver | C9: US | D9: 105 | E9: Electronic Toy | F9: 123AB | G9: 15000 | H9: 46192 | I9: 7058 | J9: =$M$1+7*INT((H9-$M$1)/7) -> 46186 | K9: =Table14[[#This Row],[week first day]]-7 -> 46179 | L9: =SUMIFS($I:$I,$A:$A,A9,J:J,J9) -> 7058
A10: A | B10: 2026 Automatic Robot ver | C10: US | D10: 105 | E10: Electronic Toy | F10: 123AB | G10: 15000 | H10: 46199 | I10: 2040 | J10: =$M$1+7*INT((H10-$M$1)/7) -> 46193 | K10: =Table14[[#This Row],[week first day]]-7 -> 46186 | L10: =SUMIFS($I:$I,$A:$A,A10,J:J,J10) -> 2040
A11: A | B11: 2026 Automatic Robot ver | C11: US | D11: 105 | E11: Electronic Toy | F11: 123AB | G11: 15000 | H11: 46206 | I11: 1500 | J11: =$M$1+7*INT((H11-$M$1)/7) -> 46200 | K11: =Table14[[#This Row],[week first day]]-7 -> 46193 | L11: =SUMIFS($I:$I,$A:$A,A11,J:J,J11) -> 3541
A12: A | B12: 2026 Automatic Robot ver | C12: US | D12: 105 | E12: Electronic Toy | F12: 123AB | G12: 15000 | H12: 46206 | I12: 2041 | J12: =$M$1+7*INT((H12-$M$1)/7) -> 46200 | K12: =Table14[[#This Row],[week first day]]-7 -> 46193 | L12: =SUMIFS($I:$I,$A:$A,A12,J:J,J12) -> 3541
A13: A | B13: 2026 Automatic Robot ver | C13: US | D13: 105 | E13: Electronic Toy | F13: 123AB | G13: 15000 | H13: 46213 | I13: 2041 | J13: =$M$1+7*INT((H13-$M$1)/7) -> 46207 | K13: =Table14[[#This Row],[week first day]]-7 -> 46200 | L13: =SUMIFS($I:$I,$A:$A,A13,J:J,J13) -> 12041
... A466: F | B466: 2025 Fantasy Spaceship Model DIY kits | C466: US | D466: 90 | E466: Arts & Crafts Toy | F466: 789EF | G466: 3000 | H466: 46381 | I466: 1928 | J466: =$M$1+7*INT((H466-$M$1)/7) -> 46375 | K466: =Table14[[#This Row],[week first day]]-7 -> 46368 | L466: =SUMIFS($I:$I,$A:$A,A466,J:J,J466) -> 1928

Sheet Demand
A1: Item name | B1: Des | C1: Market | D1: Price ($) | E1: Product group | F1: Fixture | G1: Weekly Capcity | H1: Shipment Request | I1: Demand Quantity
A2: F | B2: 2025 Fantasy Spaceship Model DIY kits | C2: US | D2: 90 | E2: Arts & Crafts Toy | F2: 789EF | G2: 3000 | H2: 46143 | I2: 588
A3: A | B3: 2026 Automatic Robot ver | C3: US | D3: 105 | E3: Electronic Toy | F3: 123AB | G3: 15000 | H3: 46150 | I3: 684
A4: E | B4: 2026 Scooter ver | C4: Australia | D4: 30 | E4: Outdoor & Sports Toy | F4: 789EF | G4: 3000 | H4: 46150 | I4: 472
A5: F | B5: 2025 Fantasy Spaceship Model DIY kits | C5: US | D5: 90 | E5: Arts & Crafts Toy | F5: 789EF | G5: 3000 | H5: 46150 | I5: 4028
A6: A | B6: 2026 Automatic Robot ver | C6: US | D6: 105 | E6: Electronic Toy | F6: 123AB | G6: 15000 | H6: 46157 | I6: 20000
A7: B | B7: 2025 Barbie ver colorful | C7: US | D7: 55 | E7: Doll | F7: 123AB | G7: 15000 | H7: 46157 | I7: 2731
A8: B | B8: 2025 Barbie ver colorful | C8: US | D8: 55 | E8: Doll | F8: 123AB | G8: 15000 | H8: 46157 | I8: 2771
A9: C | B9: 2026 Castle & Farm Blocks | C9: UK | D9: 80 | E9: Building & Construction Toy | F9: 456CD | G9: 5000 | H9: 46157 | I9: 270
A10: C | B10: 2026 Castle & Farm Blocks | C10: UK | D10: 80 | E10: Building & Construction Toy | F10: 456CD | G10: 5000 | H10: 46157 | I10: 270
A11: C | B11: 2026 Castle & Farm Blocks | C11: UK | D11: 80 | E11: Building & Construction Toy | F11: 456CD | G11: 5000 | H11: 46157 | I11: 270
A12: C | B12: 2026 Castle & Farm Blocks | C12: UK | D12: 80 | E12: Building & Construction Toy | F12: 456CD | G12: 5000 | H12: 46157 | I12: 270
A13: C | B13: 2026 Castle & Farm Blocks | C13: UK | D13: 80 | E13: Building & Construction Toy | F13: 456CD | G13: 5000 | H13: 46157 | I13: 270
... A466: F | B466: 2025 Fantasy Spaceship Model DIY kits | C466: US | D466: 90 | E466: Arts & Crafts Toy | F466: 789EF | G466: 3000 | H466: 46381 | I466: 1928

Sheet weekly_demand
A1: Item name | B1: market | C1: week first day | D1: Total Demand by SKU-Week | E1: carton | F1: volume
A2: {=_xlfn.UNIQUE(_xlfn.CHOOSECOLS(Sheet1!A2:L466,1,3,11,12))} -> A | B2: US | C2: 46137 | D2: 684 | E2: =ROUNDUP(D2/_xlfn.XLOOKUP(A2,$J$3:$J$8,$L$3:$L$8),0) -> 171 | F2: =E2/100*_xlfn.XLOOKUP(A2,$J$3:$J$8,$M$3:$M$8) -> 1.71 | J2: Item name | K2: Des | L2: Packing size (pcs/ carton) | M2: CBM (100 cartons)
A3: A | B3: US | C3: 46144 | D3: 20000 | E3: =ROUNDUP(D3/_xlfn.XLOOKUP(A3,$J$3:$J$8,$L$3:$L$8),0) -> 5000 | F3: =E3/100*_xlfn.XLOOKUP(A3,$J$3:$J$8,$M$3:$M$8) -> 50 | J3: A | K3: 2026 Automatic Robot ver | L3: 4 | M3: 1
A4: A | B4: US | C4: 46151 | D4: 20000 | E4: =ROUNDUP(D4/_xlfn.XLOOKUP(A4,$J$3:$J$8,$L$3:$L$8),0) -> 5000 | F4: =E4/100*_xlfn.XLOOKUP(A4,$J$3:$J$8,$M$3:$M$8) -> 50 | J4: B | K4: 2025 Barbie ver colorful | L4: 4 | M4: 0.625
A5: A | B5: US | C5: 46158 | D5: 11000 | E5: =ROUNDUP(D5/_xlfn.XLOOKUP(A5,$J$3:$J$8,$L$3:$L$8),0) -> 2750 | F5: =E5/100*_xlfn.XLOOKUP(A5,$J$3:$J$8,$M$3:$M$8) -> 27.5 | J5: C | K5: 2026 Castle & Farm Blocks | L5: 2 | M5: 1
A6: A | B6: US | C6: 46165 | D6: 13000 | E6: =ROUNDUP(D6/_xlfn.XLOOKUP(A6,$J$3:$J$8,$L$3:$L$8),0) -> 3250 | F6: =E6/100*_xlfn.XLOOKUP(A6,$J$3:$J$8,$M$3:$M$8) -> 32.5 | J6: D | K6: 2026 Animal Animation Book | L6: 4 | M6: 0.625
A7: A | B7: US | C7: 46172 | D7: 13773 | E7: =ROUNDUP(D7/_xlfn.XLOOKUP(A7,$J$3:$J$8,$L$3:$L$8),0) -> 3444 | F7: =E7/100*_xlfn.XLOOKUP(A7,$J$3:$J$8,$M$3:$M$8) -> 34.44 | J7: E | K7: 2026 Scooter ver | L7: 2 | M7: 0.625
A8: A | B8: US | C8: 46179 | D8: 7058 | E8: =ROUNDUP(D8/_xlfn.XLOOKUP(A8,$J$3:$J$8,$L$3:$L$8),0) -> 1765 | F8: =E8/100*_xlfn.XLOOKUP(A8,$J$3:$J$8,$M$3:$M$8) -> 17.65 | J8: F | K8: 2025 Fantasy Spaceship Model DIY kits | L8: 8 | M8: 0.78125
A9: A | B9: US | C9: 46186 | D9: 2040 | E9: =ROUNDUP(D9/_xlfn.XLOOKUP(A9,$J$3:$J$8,$L$3:$L$8),0) -> 510 | F9: =E9/100*_xlfn.XLOOKUP(A9,$J$3:$J$8,$M$3:$M$8) -> 5.1
A10: A | B10: US | C10: 46193 | D10: 3541 | E10: =ROUNDUP(D10/_xlfn.XLOOKUP(A10,$J$3:$J$8,$L$3:$L$8),0) -> 886 | F10: =E10/100*_xlfn.XLOOKUP(A10,$J$3:$J$8,$M$3:$M$8) -> 8.86
A11: A | B11: US | C11: 46200 | D11: 12041 | E11: =ROUNDUP(D11/_xlfn.XLOOKUP(A11,$J$3:$J$8,$L$3:$L$8),0) -> 3011 | F11: =E11/100*_xlfn.XLOOKUP(A11,$J$3:$J$8,$M$3:$M$8) -> 30.11
A12: A | B12: US | C12: 46207 | D12: 12040 | E12: =ROUNDUP(D12/_xlfn.XLOOKUP(A12,$J$3:$J$8,$L$3:$L$8),0) -> 3010 | F12: =E12/100*_xlfn.XLOOKUP(A12,$J$3:$J$8,$M$3:$M$8) -> 30.1
A13: A | B13: US | C13: 46228 | D13: 27760 | E13: =ROUNDUP(D13/_xlfn.XLOOKUP(A13,$J$3:$J$8,$L$3:$L$8),0) -> 6940 | F13: =E13/100*_xlfn.XLOOKUP(A13,$J$3:$J$8,$M$3:$M$8) -> 69.4
A14: A | B14: US | C14: 46235 | D14: 26486 | E14: =ROUNDUP(D14/_xlfn.XLOOKUP(A14,$J$3:$J$8,$L$3:$L$8),0) -> 6622 | F14: =E14/100*_xlfn.XLOOKUP(A14,$J$3:$J$8,$M$3:$M$8) -> 66.22
A15: A | B15: US | C15: 46242 | D15: 4248 | E15: =ROUNDUP(D15/_xlfn.XLOOKUP(A15,$J$3:$J$8,$L$3:$L$8),0) -> 1062 | F15: =E15/100*_xlfn.XLOOKUP(A15,$J$3:$J$8,$M$3:$M$8) -> 10.62
A16: A | B16: US | C16: 46249 | D16: 4248 | E16: =ROUNDUP(D16/_xlfn.XLOOKUP(A16,$J$3:$J$8,$L$3:$L$8),0) -> 1062 | F16: =E16/100*_xlfn.XLOOKUP(A16,$J$3:$J$8,$M$3:$M$8) -> 10.62
A17: A | B17: US | C17: 46256 | D17: 4249 | E17: =ROUNDUP(D17/_xlfn.XLOOKUP(A17,$J$3:$J$8,$L$3:$L$8),0) -> 1063 | F17: =E17/100*_xlfn.XLOOKUP(A17,$J$3:$J$8,$M$3:$M$8) -> 10.63
A18: A | B18: US | C18: 46263 | D18: 4248 | E18: =ROUNDUP(D18/_xlfn.XLOOKUP(A18,$J$3:$J$8,$L$3:$L$8),0) -> 1062 | F18: =E18/100*_xlfn.XLOOKUP(A18,$J$3:$J$8,$M$3:$M$8) -> 10.62
A19: A | B19: US | C19: 46270 | D19: 2391 | E19: =ROUNDUP(D19/_xlfn.XLOOKUP(A19,$J$3:$J$8,$L$3:$L$8),0) -> 598 | F19: =E19/100*_xlfn.XLOOKUP(A19,$J$3:$J$8,$M$3:$M$8) -> 5.98
A20: A | B20: US | C20: 46277 | D20: 2392 | E20: =ROUNDUP(D20/_xlfn.XLOOKUP(A20,$J$3:$J$8,$L$3:$L$8),0) -> 598 | F20: =E20/100*_xlfn.XLOOKUP(A20,$J$3:$J$8,$M$3:$M$8) -> 5.98
... A172: F | B172: US | C172: 46368 | D172: 1928 | E172: =ROUNDUP(D172/_xlfn.XLOOKUP(A172,$J$3:$J$8,$L$3:$L$8),0) -> 241 | F172: =E172/100*_xlfn.XLOOKUP(A172,$J$3:$J$8,$M$3:$M$8) -> 1.8828125

Sheet MPS
A1: SKU | B1: Fixture | C1: Week | D1: Weekly Capacity | E1: Total Demand | F1: Beginning FG Inv | G1: Carryover Needed | H1: Net Required | I1: Planned Production | J1: Ending FG Inv | K1: Shortage | L1: ATP | M1: Capacity Load % | N1: Planner Note | P1: Logic
A2: {=_xlfn.UNIQUE(_xlfn.CHOOSECOLS(Sheet1!A2:L466,1,6,11,7,12))} -> A | B2: 123AB | C2: 46137 | D2: 15000 | E2: 684 | F2: =IF($A2="","",IF($A2<>$A1,IFERROR(INDEX([1]FG_Begin_Inventory!$B:$B,MATCH($A2,[1]FG_Begin_Inventory!$A:$A,0)),0),J1)) -> 0 | G2: =IF($A2="","",IF($A2<>$A3,0,MAX(0,G3+E3-D3))) -> 10000 | H2: =IF($A2="","",MAX(0,E2+G2-F2)) -> 10684 | I2: =IF($A2="","",MIN(D2,H2)) -> 10684 | J2: =IF($A2="","",MAX(0,F2+I2-E2)) -> 10000 | K2: =IF($A2="","",MAX(0,E2-F2-I2)) -> 0 | L2: =IF($A2="","",MAX(0,F2+I2-E2)) -> 10000 | M2: =IF($A2="","",IFERROR(I2/D2,0)) -> 0.71226667 | P2: Carryover Needed = lượng tồn phải build trước để cover tuần sau bị quá tải.
A3: A | B3: 123AB | C3: 46144 | D3: 15000 | E3: 20000 | F3: =IF($A3="","",IF($A3<>$A2,IFERROR(INDEX([1]FG_Begin_Inventory!$B:$B,MATCH($A3,[1]FG_Begin_Inventory!$A:$A,0)),0),J2)) -> 10000 | G3: =IF($A3="","",IF($A3<>$A4,0,MAX(0,G4+E4-D4))) -> 5000 | H3: =IF($A3="","",MAX(0,E3+G3-F3)) -> 15000 | I3: =IF($A3="","",MIN(D3,H3)) -> 15000 | J3: =IF($A3="","",MAX(0,F3+I3-E3)) -> 5000 | K3: =IF($A3="","",MAX(0,E3-F3-I3)) -> 0 | L3: =IF($A3="","",MAX(0,F3+I3-E3)) -> 5000 | M3: =IF($A3="","",IFERROR(I3/D3,0)) -> 1 | P3: Nếu Fixture_Capacity_Input có dữ liệu cho fixture-week, MPS sẽ dùng capacity đó.
A4: A | B4: 123AB | C4: 46151 | D4: 15000 | E4: 20000 | F4: =IF($A4="","",IF($A4<>$A3,IFERROR(INDEX([1]FG_Begin_Inventory!$B:$B,MATCH($A4,[1]FG_Begin_Inventory!$A:$A,0)),0),J3)) -> 5000 | G4: =IF($A4="","",IF($A4<>$A5,0,MAX(0,G5+E5-D5))) -> 0 | H4: =IF($A4="","",MAX(0,E4+G4-F4)) -> 15000 | I4: =IF($A4="","",MIN(D4,H4)) -> 15000 | J4: =IF($A4="","",MAX(0,F4+I4-E4)) -> 0 | K4: =IF($A4="","",MAX(0,E4-F4-I4)) -> 0 | L4: =IF($A4="","",MAX(0,F4+I4-E4)) -> 0 | M4: =IF($A4="","",IFERROR(I4/D4,0)) -> 1 | P4: Nếu Fixture_Capacity_Input trống, MPS dùng Weekly Capacity từ weekly_demand.
A5: A | B5: 123AB | C5: 46158 | D5: 15000 | E5: 11000 | F5: =IF($A5="","",IF($A5<>$A4,IFERROR(INDEX([1]FG_Begin_Inventory!$B:$B,MATCH($A5,[1]FG_Begin_Inventory!$A:$A,0)),0),J4)) -> 0 | G5: =IF($A5="","",IF($A5<>$A6,0,MAX(0,G6+E6-D6))) -> 0 | H5: =IF($A5="","",MAX(0,E5+G5-F5)) -> 11000 | I5: =IF($A5="","",MIN(D5,H5)) -> 11000 | J5: =IF($A5="","",MAX(0,F5+I5-E5)) -> 0 | K5: =IF($A5="","",MAX(0,E5-F5-I5)) -> 0 | L5: =IF($A5="","",MAX(0,F5+I5-E5)) -> 0 | M5: =IF($A5="","",IFERROR(I5/D5,0)) -> 0.73333333
A6: A | B6: 123AB | C6: 46165 | D6: 15000 | E6: 13000 | F6: =IF($A6="","",IF($A6<>$A5,IFERROR(INDEX([1]FG_Begin_Inventory!$B:$B,MATCH($A6,[1]FG_Begin_Inventory!$A:$A,0)),0),J5)) -> 0 | G6: =IF($A6="","",IF($A6<>$A7,0,MAX(0,G7+E7-D7))) -> 0 | H6: =IF($A6="","",MAX(0,E6+G6-F6)) -> 13000 | I6: =IF($A6="","",MIN(D6,H6)) -> 13000 | J6: =IF($A6="","",MAX(0,F6+I6-E6)) -> 0 | K6: =IF($A6="","",MAX(0,E6-F6-I6)) -> 0 | L6: =IF($A6="","",MAX(0,F6+I6-E6)) -> 0 | M6: =IF($A6="","",IFERROR(I6/D6,0)) -> 0.86666667
A7: A | B7: 123AB | C7: 46172 | D7: 15000 | E7: 13773 | F7: =IF($A7="","",IF($A7<>$A6,IFERROR(INDEX([1]FG_Begin_Inventory!$B:$B,MATCH($A7,[1]FG_Begin_Inventory!$A:$A,0)),0),J6)) -> 0 | G7: =IF($A7="","",IF($A7<>$A8,0,MAX(0,G8+E8-D8))) -> 0 | H7: =IF($A7="","",MAX(0,E7+G7-F7)) -> 13773 | I7: =IF($A7="","",MIN(D7,H7)) -> 13773 | J7: =IF($A7="","",MAX(0,F7+I7-E7)) -> 0 | K7: =IF($A7="","",MAX(0,E7-F7-I7)) -> 0 | L7: =IF($A7="","",MAX(0,F7+I7-E7)) -> 0 | M7: =IF($A7="","",IFERROR(I7/D7,0)) -> 0.9182
A8: A | B8: 123AB | C8: 46179 | D8: 15000 | E8: 7058 | F8: =IF($A8="","",IF($A8<>$A7,IFERROR(INDEX([1]FG_Begin_Inventory!$B:$B,MATCH($A8,[1]FG_Begin_Inventory!$A:$A,0)),0),J7)) -> 0 | G8: =IF($A8="","",IF($A8<>$A9,0,MAX(0,G9+E9-D9))) -> 0 | H8: =IF($A8="","",MAX(0,E8+G8-F8)) -> 7058 | I8: =IF($A8="","",MIN(D8,H8)) -> 7058 | J8: =IF($A8="","",MAX(0,F8+I8-E8)) -> 0 | K8: =IF($A8="","",MAX(0,E8-F8-I8)) -> 0 | L8: =IF($A8="","",MAX(0,F8+I8-E8)) -> 0 | M8: =IF($A8="","",IFERROR(I8/D8,0)) -> 0.47053333
A9: A | B9: 123AB | C9: 46186 | D9: 15000 | E9: 2040 | F9: =IF($A9="","",IF($A9<>$A8,IFERROR(INDEX([1]FG_Begin_Inventory!$B:$B,MATCH($A9,[1]FG_Begin_Inventory!$A:$A,0)),0),J8)) -> 0 | G9: =IF($A9="","",IF($A9<>$A10,0,MAX(0,G10+E10-D10))) -> 6868 | H9: =IF($A9="","",MAX(0,E9+G9-F9)) -> 8908 | I9: =IF($A9="","",MIN(D9,H9)) -> 8908 | J9: =IF($A9="","",MAX(0,F9+I9-E9)) -> 6868 | K9: =IF($A9="","",MAX(0,E9-F9-I9)) -> 0 | L9: =IF($A9="","",MAX(0,F9+I9-E9)) -> 6868 | M9: =IF($A9="","",IFERROR(I9/D9,0)) -> 0.59386667
A10: A | B10: 123AB | C10: 46193 | D10: 15000 | E10: 3541 | F10: =IF($A10="","",IF($A10<>$A9,IFERROR(INDEX([1]FG_Begin_Inventory!$B:$B,MATCH($A10,[1]FG_Begin_Inventory!$A:$A,0)),0),J9)) -> 6868 | G10: =IF($A10="","",IF($A10<>$A11,0,MAX(0,G11+E11-D11))) -> 18327 | H10: =IF($A10="","",MAX(0,E10+G10-F10)) -> 15000 | I10: =IF($A10="","",MIN(D10,H10)) -> 15000 | J10: =IF($A10="","",MAX(0,F10+I10-E10)) -> 18327 | K10: =IF($A10="","",MAX(0,E10-F10-I10)) -> 0 | L10: =IF($A10="","",MAX(0,F10+I10-E10)) -> 18327 | M10: =IF($A10="","",IFERROR(I10/D10,0)) -> 1
A11: A | B11: 123AB | C11: 46200 | D11: 15000 | E11: 12041 | F11: =IF($A11="","",IF($A11<>$A10,IFERROR(INDEX([1]FG_Begin_Inventory!$B:$B,MATCH($A11,[1]FG_Begin_Inventory!$A:$A,0)),0),J10)) -> 18327 | G11: =IF($A11="","",IF($A11<>$A12,0,MAX(0,G12+E12-D12))) -> 21286 | H11: =IF($A11="","",MAX(0,E11+G11-F11)) -> 15000 | I11: =IF($A11="","",MIN(D11,H11)) -> 15000 | J11: =IF($A11="","",MAX(0,F11+I11-E11)) -> 21286 | K11: =IF($A11="","",MAX(0,E11-F11-I11)) -> 0 | L11: =IF($A11="","",MAX(0,F11+I11-E11)) -> 21286 | M11: =IF($A11="","",IFERROR(I11/D11,0)) -> 1
A12: A | B12: 123AB | C12: 46207 | D12: 15000 | E12: 12040 | F12: =IF($A12="","",IF($A12<>$A11,IFERROR(INDEX([1]FG_Begin_Inventory!$B:$B,MATCH($A12,[1]FG_Begin_Inventory!$A:$A,0)),0),J11)) -> 21286 | G12: =IF($A12="","",IF($A12<>$A13,0,MAX(0,G13+E13-D13))) -> 24246 | H12: =IF($A12="","",MAX(0,E12+G12-F12)) -> 15000 | I12: =IF($A12="","",MIN(D12,H12)) -> 15000 | J12: =IF($A12="","",MAX(0,F12+I12-E12)) -> 24246 | K12: =IF($A12="","",MAX(0,E12-F12-I12)) -> 0 | L12: =IF($A12="","",MAX(0,F12+I12-E12)) -> 24246 | M12: =IF($A12="","",IFERROR(I12/D12,0)) -> 1
A13: A | B13: 123AB | C13: 46228 | D13: 15000 | E13: 27760 | F13: =IF($A13="","",IF($A13<>$A12,IFERROR(INDEX([1]FG_Begin_Inventory!$B:$B,MATCH($A13,[1]FG_Begin_Inventory!$A:$A,0)),0),J12)) -> 24246 | G13: =IF($A13="","",IF($A13<>$A14,0,MAX(0,G14+E14-D14))) -> 11486 | H13: =IF($A13="","",MAX(0,E13+G13-F13)) -> 15000 | I13: =IF($A13="","",MIN(D13,H13)) -> 15000 | J13: =IF($A13="","",MAX(0,F13+I13-E13)) -> 11486 | K13: =IF($A13="","",MAX(0,E13-F13-I13)) -> 0 | L13: =IF($A13="","",MAX(0,F13+I13-E13)) -> 11486 | M13: =IF($A13="","",IFERROR(I13/D13,0)) -> 1
A14: A | B14: 123AB | C14: 46235 | D14: 15000 | E14: 26486 | F14: =IF($A14="","",IF($A14<>$A13,IFERROR(INDEX([1]FG_Begin_Inventory!$B:$B,MATCH($A14,[1]FG_Begin_Inventory!$A:$A,0)),0),J13)) -> 11486 | G14: =IF($A14="","",IF($A14<>$A15,0,MAX(0,G15+E15-D15))) -> 0 | H14: =IF($A14="","",MAX(0,E14+G14-F14)) -> 15000 | I14: =IF($A14="","",MIN(D14,H14)) -> 15000 | J14: =IF($A14="","",MAX(0,F14+I14-E14)) -> 0 | K14: =IF($A14="","",MAX(0,E14-F14-I14)) -> 0 | L14: =IF($A14="","",MAX(0,F14+I14-E14)) -> 0 | M14: =IF($A14="","",IFERROR(I14/D14,0)) -> 1
A15: A | B15: 123AB | C15: 46242 | D15: 15000 | E15: 4248 | F15: =IF($A15="","",IF($A15<>$A14,IFERROR(INDEX([1]FG_Begin_Inventory!$B:$B,MATCH($A15,[1]FG_Begin_Inventory!$A:$A,0)),0),J14)) -> 0 | G15: =IF($A15="","",IF($A15<>$A16,0,MAX(0,G16+E16-D16))) -> 0 | H15: =IF($A15="","",MAX(0,E15+G15-F15)) -> 4248 | I15: =IF($A15="","",MIN(D15,H15)) -> 4248 | J15: =IF($A15="","",MAX(0,F15+I15-E15)) -> 0 | K15: =IF($A15="","",MAX(0,E15-F15-I15)) -> 0 | L15: =IF($A15="","",MAX(0,F15+I15-E15)) -> 0 | M15: =IF($A15="","",IFERROR(I15/D15,0)) -> 0.2832
A16: A | B16: 123AB | C16: 46249 | D16: 15000 | E16: 4248 | F16: =IF($A16="","",IF($A16<>$A15,IFERROR(INDEX([1]FG_Begin_Inventory!$B:$B,MATCH($A16,[1]FG_Begin_Inventory!$A:$A,0)),0),J15)) -> 0 | G16: =IF($A16="","",IF($A16<>$A17,0,MAX(0,G17+E17-D17))) -> 0 | H16: =IF($A16="","",MAX(0,E16+G16-F16)) -> 4248 | I16: =IF($A16="","",MIN(D16,H16)) -> 4248 | J16: =IF($A16="","",MAX(0,F16+I16-E16)) -> 0 | K16: =IF($A16="","",MAX(0,E16-F16-I16)) -> 0 | L16: =IF($A16="","",MAX(0,F16+I16-E16)) -> 0 | M16: =IF($A16="","",IFERROR(I16/D16,0)) -> 0.2832
... A172: F | B172: 789EF | C172: 46368 | D172: 3000 | E172: 1928 | F172: =IF($A172="","",IF($A172<>$A171,IFERROR(INDEX([1]FG_Begin_Inventory!$B:$B,MATCH($A172,[1]FG_Begin_Inventory!$A:$A,0)),0),J171)) -> 0 | G172: =IF($A172="","",IF($A172<>$A173,0,MAX(0,G173+E173-D173))) -> 0 | H172: =IF($A172="","",MAX(0,E172+G172-F172)) -> 1928 | I172: =IF($A172="","",MIN(D172,H172)) -> 1928 | J172: =IF($A172="","",MAX(0,F172+I172-E172)) -> 0 | K172: =IF($A172="","",MAX(0,E172-F172-I172)) -> 0 | L172: =IF($A172="","",MAX(0,F172+I172-E172)) -> 0 | M172: =IF($A172="","",IFERROR(I172/D172,0)) -> 0.64266667
F173: =IF($A173="","",IF($A173<>$A172,IFERROR(INDEX([1]FG_Begin_Inventory!$B:$B,MATCH($A173,[1]FG_Begin_Inventory!$A:$A,0)),0),J172)) | G173: =IF($A173="","",IF($A173<>$A174,0,MAX(0,G174+E174-D174))) | H173: =IF($A173="","",MAX(0,E173+G173-F173)) | I173: =IF($A173="","",MIN(D173,H173)) | J173: =IF($A173="","",MAX(0,F173+I173-E173)) | K173: =IF($A173="","",MAX(0,E173-F173-I173)) | L173: =IF($A173="","",MAX(0,F173+I173-E173)) | M173: =IF($A173="","",IFERROR(I173/D173,0))
F174: =IF($A174="","",IF($A174<>$A173,IFERROR(INDEX([1]FG_Begin_Inventory!$B:$B,MATCH($A174,[1]FG_Begin_Inventory!$A:$A,0)),0),J173)) | G174: =IF($A174="","",IF($A174<>$A175,0,MAX(0,G175+E175-D175))) | H174: =IF($A174="","",MAX(0,E174+G174-F174)) | I174: =IF($A174="","",MIN(D174,H174)) | J174: =IF($A174="","",MAX(0,F174+I174-E174)) | K174: =IF($A174="","",MAX(0,E174-F174-I174)) | L174: =IF($A174="","",MAX(0,F174+I174-E174)) | M174: =IF($A174="","",IFERROR(I174/D174,0))
F175: =IF($A175="","",IF($A175<>$A174,IFERROR(INDEX([1]FG_Begin_Inventory!$B:$B,MATCH($A175,[1]FG_Begin_Inventory!$A:$A,0)),0),J174)) | G175: =IF($A175="","",IF($A175<>$A176,0,MAX(0,G176+E176-D176))) | H175: =IF($A175="","",MAX(0,E175+G175-F175)) | I175: =IF($A175="","",MIN(D175,H175)) | J175: =IF($A175="","",MAX(0,F175+I175-E175)) | K175: =IF($A175="","",MAX(0,E175-F175-I175)) | L175: =IF($A175="","",MAX(0,F175+I175-E175)) | M175: =IF($A175="","",IFERROR(I175/D175,0))
F176: =IF($A176="","",IF($A176<>$A175,IFERROR(INDEX([1]FG_Begin_Inventory!$B:$B,MATCH($A176,[1]FG_Begin_Inventory!$A:$A,0)),0),J175)) | G176: =IF($A176="","",IF($A176<>$A177,0,MAX(0,G177+E177-D177))) | H176: =IF($A176="","",MAX(0,E176+G176-F176)) | I176: =IF($A176="","",MIN(D176,H176)) | J176: =IF($A176="","",MAX(0,F176+I176-E176)) | K176: =IF($A176="","",MAX(0,E176-F176-I176)) | L176: =IF($A176="","",MAX(0,F176+I176-E176)) | M176: =IF($A176="","",IFERROR(I176/D176,0))
F177: =IF($A177="","",IF($A177<>$A176,IFERROR(INDEX([1]FG_Begin_Inventory!$B:$B,MATCH($A177,[1]FG_Begin_Inventory!$A:$A,0)),0),J176)) | G177: =IF($A177="","",IF($A177<>$A178,0,MAX(0,G178+E178-D178))) | H177: =IF($A177="","",MAX(0,E177+G177-F177)) | I177: =IF($A177="","",MIN(D177,H177)) | J177: =IF($A177="","",MAX(0,F177+I177-E177)) | K177: =IF($A177="","",MAX(0,E177-F177-I177)) | L177: =IF($A177="","",MAX(0,F177+I177-E177)) | M177: =IF($A177="","",IFERROR(I177/D177,0))
F178: =IF($A178="","",IF($A178<>$A177,IFERROR(INDEX([1]FG_Begin_Inventory!$B:$B,MATCH($A178,[1]FG_Begin_Inventory!$A:$A,0)),0),J177)) | G178: =IF($A178="","",IF($A178<>#REF!,0,MAX(0,#REF!+#REF!-#REF!))) | H178: =IF($A178="","",MAX(0,E178+G178-F178)) | I178: =IF($A178="","",MIN(D178,H178)) | J178: =IF($A178="","",MAX(0,F178+I178-E178)) | K178: =IF($A178="","",MAX(0,E178-F178-I178)) | L178: =IF($A178="","",MAX(0,F178+I178-E178)) | M178: =IF($A178="","",IFERROR(I178/D178,0))
F179: =IF($A179="","",IF($A179<>#REF!,IFERROR(INDEX([1]FG_Begin_Inventory!$B:$B,MATCH($A179,[1]FG_Begin_Inventory!$A:$A,0)),0),#REF!)) | G179: =IF($A179="","",IF($A179<>$A180,0,MAX(0,G180+E180-D180))) | H179: =IF($A179="","",MAX(0,E179+G179-F179)) | I179: =IF($A179="","",MIN(D179,H179)) | J179: =IF($A179="","",MAX(0,F179+I179-E179)) | K179: =IF($A179="","",MAX(0,E179-F179-I179)) | L179: =IF($A179="","",MAX(0,F179+I179-E179)) | M179: =IF($A179="","",IFERROR(I179/D179,0))
F180: =IF($A180="","",IF($A180<>$A179,IFERROR(INDEX([1]FG_Begin_Inventory!$B:$B,MATCH($A180,[1]FG_Begin_Inventory!$A:$A,0)),0),J179)) | G180: =IF($A180="","",IF($A180<>$A181,0,MAX(0,G181+E181-D181))) | H180: =IF($A180="","",MAX(0,E180+G180-F180)) | I180: =IF($A180="","",MIN(D180,H180)) | J180: =IF($A180="","",MAX(0,F180+I180-E180)) | K180: =IF($A180="","",MAX(0,E180-F180-I180)) | L180: =IF($A180="","",MAX(0,F180+I180-E180)) | M180: =IF($A180="","",IFERROR(I180/D180,0))
F181: =IF($A181="","",IF($A181<>$A180,IFERROR(INDEX([1]FG_Begin_Inventory!$B:$B,MATCH($A181,[1]FG_Begin_Inventory!$A:$A,0)),0),J180)) | G181: =IF($A181="","",IF($A181<>$A182,0,MAX(0,G182+E182-D182))) | H181: =IF($A181="","",MAX(0,E181+G181-F181)) | I181: =IF($A181="","",MIN(D181,H181)) | J181: =IF($A181="","",MAX(0,F181+I181-E181)) | K181: =IF($A181="","",MAX(0,E181-F181-I181)) | L181: =IF($A181="","",MAX(0,F181+I181-E181)) | M181: =IF($A181="","",IFERROR(I181/D181,0))
F182: =IF($A182="","",IF($A182<>$A181,IFERROR(INDEX([1]FG_Begin_Inventory!$B:$B,MATCH($A182,[1]FG_Begin_Inventory!$A:$A,0)),0),J181)) | G182: =IF($A182="","",IF($A182<>$A183,0,MAX(0,G183+E183-D183))) | H182: =IF($A182="","",MAX(0,E182+G182-F182)) | I182: =IF($A182="","",MIN(D182,H182)) | J182: =IF($A182="","",MAX(0,F182+I182-E182)) | K182: =IF($A182="","",MAX(0,E182-F182-I182)) | L182: =IF($A182="","",MAX(0,F182+I182-E182)) | M182: =IF($A182="","",IFERROR(I182/D182,0))
F183: =IF($A183="","",IF($A183<>$A182,IFERROR(INDEX([1]FG_Begin_Inventory!$B:$B,MATCH($A183,[1]FG_Begin_Inventory!$A:$A,0)),0),J182)) | G183: =IF($A183="","",IF($A183<>$A184,0,MAX(0,G184+E184-D184))) | H183: =IF($A183="","",MAX(0,E183+G183-F183)) | I183: =IF($A183="","",MIN(D183,H183)) | J183: =IF($A183="","",MAX(0,F183+I183-E183)) | K183: =IF($A183="","",MAX(0,E183-F183-I183)) | L183: =IF($A183="","",MAX(0,F183+I183-E183)) | M183: =IF($A183="","",IFERROR(I183/D183,0))
F184: =IF($A184="","",IF($A184<>$A183,IFERROR(INDEX([1]FG_Begin_Inventory!$B:$B,MATCH($A184,[1]FG_Begin_Inventory!$A:$A,0)),0),J183)) | G184: =IF($A184="","",IF($A184<>$A185,0,MAX(0,G185+E185-D185))) | H184: =IF($A184="","",MAX(0,E184+G184-F184)) | I184: =IF($A184="","",MIN(D184,H184)) | J184: =IF($A184="","",MAX(0,F184+I184-E184)) | K184: =IF($A184="","",MAX(0,E184-F184-I184)) | L184: =IF($A184="","",MAX(0,F184+I184-E184)) | M184: =IF($A184="","",IFERROR(I184/D184,0))
F185: =IF($A185="","",IF($A185<>$A184,IFERROR(INDEX([1]FG_Begin_Inventory!$B:$B,MATCH($A185,[1]FG_Begin_Inventory!$A:$A,0)),0),J184)) | G185: =IF($A185="","",IF($A185<>$A186,0,MAX(0,G186+E186-D186))) | H185: =IF($A185="","",MAX(0,E185+G185-F185)) | I185: =IF($A185="","",MIN(D185,H185)) | J185: =IF($A185="","",MAX(0,F185+I185-E185)) | K185: =IF($A185="","",MAX(0,E185-F185-I185)) | L185: =IF($A185="","",MAX(0,F185+I185-E185)) | M185: =IF($A185="","",IFERROR(I185/D185,0))
F186: =IF($A186="","",IF($A186<>$A185,IFERROR(INDEX([1]FG_Begin_Inventory!$B:$B,MATCH($A186,[1]FG_Begin_Inventory!$A:$A,0)),0),J185)) | G186: =IF($A186="","",IF($A186<>$A187,0,MAX(0,G187+E187-D187))) | H186: =IF($A186="","",MAX(0,E186+G186-F186)) | I186: =IF($A186="","",MIN(D186,H186)) | J186: =IF($A186="","",MAX(0,F186+I186-E186)) | K186: =IF($A186="","",MAX(0,E186-F186-I186)) | L186: =IF($A186="","",MAX(0,F186+I186-E186)) | M186: =IF($A186="","",IFERROR(I186/D186,0))
F187: =IF($A187="","",IF($A187<>$A186,IFERROR(INDEX([1]FG_Begin_Inventory!$B:$B,MATCH($A187,[1]FG_Begin_Inventory!$A:$A,0)),0),J186)) | G187: =IF($A187="","",IF($A187<>$A188,0,MAX(0,G188+E188-D188))) | H187: =IF($A187="","",MAX(0,E187+G187-F187)) | I187: =IF($A187="","",MIN(D187,H187)) | J187: =IF($A187="","",MAX(0,F187+I187-E187)) | K187: =IF($A187="","",MAX(0,E187-F187-I187)) | L187: =IF($A187="","",MAX(0,F187+I187-E187)) | M187: =IF($A187="","",IFERROR(I187/D187,0))
F188: =IF($A188="","",IF($A188<>$A187,IFERROR(INDEX([1]FG_Begin_Inventory!$B:$B,MATCH($A188,[1]FG_Begin_Inventory!$A:$A,0)),0),J187)) | G188: =IF($A188="","",IF($A188<>$A189,0,MAX(0,G189+E189-D189))) | H188: =IF($A188="","",MAX(0,E188+G188-F188)) | I188: =IF($A188="","",MIN(D188,H188)) | J188: =IF($A188="","",MAX(0,F188+I188-E188)) | K188: =IF($A188="","",MAX(0,E188-F188-I188)) | L188: =IF($A188="","",MAX(0,F188+I188-E188)) | M188: =IF($A188="","",IFERROR(I188/D188,0))
F189: =IF($A189="","",IF($A189<>$A188,IFERROR(INDEX([1]FG_Begin_Inventory!$B:$B,MATCH($A189,[1]FG_Begin_Inventory!$A:$A,0)),0),J188)) | G189: =IF($A189="","",IF($A189<>$A190,0,MAX(0,G190+E190-D190))) | H189: =IF($A189="","",MAX(0,E189+G189-F189)) | I189: =IF($A189="","",MIN(D189,H189)) | J189: =IF($A189="","",MAX(0,F189+I189-E189)) | K189: =IF($A189="","",MAX(0,E189-F189-I189)) | L189: =IF($A189="","",MAX(0,F189+I189-E189)) | M189: =IF($A189="","",IFERROR(I189/D189,0))
F190: =IF($A190="","",IF($A190<>$A189,IFERROR(INDEX([1]FG_Begin_Inventory!$B:$B,MATCH($A190,[1]FG_Begin_Inventory!$A:$A,0)),0),J189)) | G190: =IF($A190="","",IF($A190<>$A191,0,MAX(0,G191+E191-D191))) | H190: =IF($A190="","",MAX(0,E190+G190-F190)) | I190: =IF($A190="","",MIN(D190,H190)) | J190: =IF($A190="","",MAX(0,F190+I190-E190)) | K190: =IF($A190="","",MAX(0,E190-F190-I190)) | L190: =IF($A190="","",MAX(0,F190+I190-E190)) | M190: =IF($A190="","",IFERROR(I190/D190,0))
F191: =IF($A191="","",IF($A191<>$A190,IFERROR(INDEX([1]FG_Begin_Inventory!$B:$B,MATCH($A191,[1]FG_Begin_Inventory!$A:$A,0)),0),J190)) | G191: =IF($A191="","",IF($A191<>$A192,0,MAX(0,G192+E192-D192))) | H191: =IF($A191="","",MAX(0,E191+G191-F191)) | I191: =IF($A191="","",MIN(D191,H191)) | J191: =IF($A191="","",MAX(0,F191+I191-E191)) | K191: =IF($A191="","",MAX(0,E191-F191-I191)) | L191: =IF($A191="","",MAX(0,F191+I191-E191)) | M191: =IF($A191="","",IFERROR(I191/D191,0))
... F255: =IF($A255="","",IF($A255<>$A254,IFERROR(INDEX([1]FG_Begin_Inventory!$B:$B,MATCH($A255,[1]FG_Begin_Inventory!$A:$A,0)),0),J254)) | G255: =IF($A255="","",IF($A255<>$A256,0,MAX(0,G256+E256-D256))) | H255: =IF($A255="","",MAX(0,E255+G255-F255)) | I255: =IF($A255="","",MIN(D255,H255)) | J255: =IF($A255="","",MAX(0,F255+I255-E255)) | K255: =IF($A255="","",MAX(0,E255-F255-I255)) | L255: =IF($A255="","",MAX(0,F255+I255-E255)) | M255: =IF($A255="","",IFERROR(I255/D255,0))
A256: =IF([1]weekly_demand!A257="","",[1]weekly_demand!A257) | B256: =IF($A256="","",[1]weekly_demand!F257) | C256: =IF($A256="","",[1]weekly_demand!H257) | D256: =IF($A256="","",IF(SUMIFS([1]Fixture_Capacity_Input!$C:$C,[1]Fixture_Capacity_Input!$A:$A,$B256,[1]Fixture_Capacity_Input!$B:$B,$C256)>0,SUMIFS([1]Fixture_Capacity_Input!$C:$C,[1]Fixture_Capacity_Input!$A:$A,$B256,[1]Fixture_Capacity_Input!$B:$B,$C256),[1]weekly_demand!G257)) | E256: =IF($A256="","",[1]weekly_demand!I257) | F256: =IF($A256="","",IF($A256<>$A255,IFERROR(INDEX([1]FG_Begin_Inventory!$B:$B,MATCH($A256,[1]FG_Begin_Inventory!$A:$A,0)),0),J255)) | G256: =IF($A256="","",IF($A256<>$A257,0,MAX(0,G257+E257-D257))) | H256: =IF($A256="","",MAX(0,E256+G256-F256)) | I256: =IF($A256="","",MIN(D256,H256)) | J256: =IF($A256="","",MAX(0,F256+I256-E256)) | K256: =IF($A256="","",MAX(0,E256-F256-I256)) | L256: =IF($A256="","",MAX(0,F256+I256-E256)) | M256: =IF($A256="","",IFERROR(I256/D256,0))
A257: =IF([1]weekly_demand!A258="","",[1]weekly_demand!A258) | B257: =IF($A257="","",[1]weekly_demand!F258) | C257: =IF($A257="","",[1]weekly_demand!H258) | D257: =IF($A257="","",IF(SUMIFS([1]Fixture_Capacity_Input!$C:$C,[1]Fixture_Capacity_Input!$A:$A,$B257,[1]Fixture_Capacity_Input!$B:$B,$C257)>0,SUMIFS([1]Fixture_Capacity_Input!$C:$C,[1]Fixture_Capacity_Input!$A:$A,$B257,[1]Fixture_Capacity_Input!$B:$B,$C257),[1]weekly_demand!G258)) | E257: =IF($A257="","",[1]weekly_demand!I258) | F257: =IF($A257="","",IF($A257<>$A256,IFERROR(INDEX([1]FG_Begin_Inventory!$B:$B,MATCH($A257,[1]FG_Begin_Inventory!$A:$A,0)),0),J256)) | G257: =IF($A257="","",IF($A257<>$A258,0,MAX(0,G258+E258-D258))) | H257: =IF($A257="","",MAX(0,E257+G257-F257)) | I257: =IF($A257="","",MIN(D257,H257)) | J257: =IF($A257="","",MAX(0,F257+I257-E257)) | K257: =IF($A257="","",MAX(0,E257-F257-I257)) | L257: =IF($A257="","",MAX(0,F257+I257-E257)) | M257: =IF($A257="","",IFERROR(I257/D257,0))
A258: =IF([1]weekly_demand!A259="","",[1]weekly_demand!A259) | B258: =IF($A258="","",[1]weekly_demand!F259) | C258: =IF($A258="","",[1]weekly_demand!H259) | D258: =IF($A258="","",IF(SUMIFS([1]Fixture_Capacity_Input!$C:$C,[1]Fixture_Capacity_Input!$A:$A,$B258,[1]Fixture_Capacity_Input!$B:$B,$C258)>0,SUMIFS([1]Fixture_Capacity_Input!$C:$C,[1]Fixture_Capacity_Input!$A:$A,$B258,[1]Fixture_Capacity_Input!$B:$B,$C258),[1]weekly_demand!G259)) | E258: =IF($A258="","",[1]weekly_demand!I259) | F258: =IF($A258="","",IF($A258<>$A257,IFERROR(INDEX([1]FG_Begin_Inventory!$B:$B,MATCH($A258,[1]FG_Begin_Inventory!$A:$A,0)),0),J257)) | G258: =IF($A258="","",IF($A258<>$A259,0,MAX(0,G259+E259-D259))) | H258: =IF($A258="","",MAX(0,E258+G258-F258)) | I258: =IF($A258="","",MIN(D258,H258)) | J258: =IF($A258="","",MAX(0,F258+I258-E258)) | K258: =IF($A258="","",MAX(0,E258-F258-I258)) | L258: =IF($A258="","",MAX(0,F258+I258-E258)) | M258: =IF($A258="","",IFERROR(I258/D258,0))
A259: =IF([1]weekly_demand!A260="","",[1]weekly_demand!A260) | B259: =IF($A259="","",[1]weekly_demand!F260) | C259: =IF($A259="","",[1]weekly_demand!H260) | D259: =IF($A259="","",IF(SUMIFS([1]Fixture_Capacity_Input!$C:$C,[1]Fixture_Capacity_Input!$A:$A,$B259,[1]Fixture_Capacity_Input!$B:$B,$C259)>0,SUMIFS([1]Fixture_Capacity_Input!$C:$C,[1]Fixture_Capacity_Input!$A:$A,$B259,[1]Fixture_Capacity_Input!$B:$B,$C259),[1]weekly_demand!G260)) | E259: =IF($A259="","",[1]weekly_demand!I260) | F259: =IF($A259="","",IF($A259<>$A258,IFERROR(INDEX([1]FG_Begin_Inventory!$B:$B,MATCH($A259,[1]FG_Begin_Inventory!$A:$A,0)),0),J258)) | G259: =IF($A259="","",IF($A259<>$A260,0,MAX(0,G260+E260-D260))) | H259: =IF($A259="","",MAX(0,E259+G259-F259)) | I259: =IF($A259="","",MIN(D259,H259)) | J259: =IF($A259="","",MAX(0,F259+I259-E259)) | K259: =IF($A259="","",MAX(0,E259-F259-I259)) | L259: =IF($A259="","",MAX(0,F259+I259-E259)) | M259: =IF($A259="","",IFERROR(I259/D259,0))
A260: =IF([1]weekly_demand!A261="","",[1]weekly_demand!A261) | B260: =IF($A260="","",[1]weekly_demand!F261) | C260: =IF($A260="","",[1]weekly_demand!H261) | D260: =IF($A260="","",IF(SUMIFS([1]Fixture_Capacity_Input!$C:$C,[1]Fixture_Capacity_Input!$A:$A,$B260,[1]Fixture_Capacity_Input!$B:$B,$C260)>0,SUMIFS([1]Fixture_Capacity_Input!$C:$C,[1]Fixture_Capacity_Input!$A:$A,$B260,[1]Fixture_Capacity_Input!$B:$B,$C260),[1]weekly_demand!G261)) | E260: =IF($A260="","",[1]weekly_demand!I261) | F260: =IF($A260="","",IF($A260<>$A259,IFERROR(INDEX([1]FG_Begin_Inventory!$B:$B,MATCH($A260,[1]FG_Begin_Inventory!$A:$A,0)),0),J259)) | G260: =IF($A260="","",IF($A260<>$A261,0,MAX(0,G261+E261-D261))) | H260: =IF($A260="","",MAX(0,E260+G260-F260)) | I260: =IF($A260="","",MIN(D260,H260)) | J260: =IF($A260="","",MAX(0,F260+I260-E260)) | K260: =IF($A260="","",MAX(0,E260-F260-I260)) | L260: =IF($A260="","",MAX(0,F260+I260-E260)) | M260: =IF($A260="","",IFERROR(I260/D260,0))
A261: =IF([1]weekly_demand!A262="","",[1]weekly_demand!A262) | B261: =IF($A261="","",[1]weekly_demand!F262) | C261: =IF($A261="","",[1]weekly_demand!H262) | D261: =IF($A261="","",IF(SUMIFS([1]Fixture_Capacity_Input!$C:$C,[1]Fixture_Capacity_Input!$A:$A,$B261,[1]Fixture_Capacity_Input!$B:$B,$C261)>0,SUMIFS([1]Fixture_Capacity_Input!$C:$C,[1]Fixture_Capacity_Input!$A:$A,$B261,[1]Fixture_Capacity_Input!$B:$B,$C261),[1]weekly_demand!G262)) | E261: =IF($A261="","",[1]weekly_demand!I262) | F261: =IF($A261="","",IF($A261<>$A260,IFERROR(INDEX([1]FG_Begin_Inventory!$B:$B,MATCH($A261,[1]FG_Begin_Inventory!$A:$A,0)),0),J260)) | G261: =IF($A261="","",IF($A261<>$A262,0,MAX(0,G262+E262-D262))) | H261: =IF($A261="","",MAX(0,E261+G261-F261)) | I261: =IF($A261="","",MIN(D261,H261)) | J261: =IF($A261="","",MAX(0,F261+I261-E261)) | K261: =IF($A261="","",MAX(0,E261-F261-I261)) | L261: =IF($A261="","",MAX(0,F261+I261-E261)) | M261: =IF($A261="","",IFERROR(I261/D261,0))
A262: =IF([1]weekly_demand!A263="","",[1]weekly_demand!A263) | B262: =IF($A262="","",[1]weekly_demand!F263) | C262: =IF($A262="","",[1]weekly_demand!H263) | D262: =IF($A262="","",IF(SUMIFS([1]Fixture_Capacity_Input!$C:$C,[1]Fixture_Capacity_Input!$A:$A,$B262,[1]Fixture_Capacity_Input!$B:$B,$C262)>0,SUMIFS([1]Fixture_Capacity_Input!$C:$C,[1]Fixture_Capacity_Input!$A:$A,$B262,[1]Fixture_Capacity_Input!$B:$B,$C262),[1]weekly_demand!G263)) | E262: =IF($A262="","",[1]weekly_demand!I263) | F262: =IF($A262="","",IF($A262<>$A261,IFERROR(INDEX([1]FG_Begin_Inventory!$B:$B,MATCH($A262,[1]FG_Begin_Inventory!$A:$A,0)),0),J261)) | G262: =IF($A262="","",IF($A262<>$A263,0,MAX(0,G263+E263-D263))) | H262: =IF($A262="","",MAX(0,E262+G262-F262)) | I262: =IF($A262="","",MIN(D262,H262)) | J262: =IF($A262="","",MAX(0,F262+I262-E262)) | K262: =IF($A262="","",MAX(0,E262-F262-I262)) | L262: =IF($A262="","",MAX(0,F262+I262-E262)) | M262: =IF($A262="","",IFERROR(I262/D262,0))
A263: =IF([1]weekly_demand!A264="","",[1]weekly_demand!A264) | B263: =IF($A263="","",[1]weekly_demand!F264) | C263: =IF($A263="","",[1]weekly_demand!H264) | D263: =IF($A263="","",IF(SUMIFS([1]Fixture_Capacity_Input!$C:$C,[1]Fixture_Capacity_Input!$A:$A,$B263,[1]Fixture_Capacity_Input!$B:$B,$C263)>0,SUMIFS([1]Fixture_Capacity_Input!$C:$C,[1]Fixture_Capacity_Input!$A:$A,$B263,[1]Fixture_Capacity_Input!$B:$B,$C263),[1]weekly_demand!G264)) | E263: =IF($A263="","",[1]weekly_demand!I264) | F263: =IF($A263="","",IF($A263<>$A262,IFERROR(INDEX([1]FG_Begin_Inventory!$B:$B,MATCH($A263,[1]FG_Begin_Inventory!$A:$A,0)),0),J262)) | G263: =IF($A263="","",IF($A263<>$A264,0,MAX(0,G264+E264-D264))) | H263: =IF($A263="","",MAX(0,E263+G263-F263)) | I263: =IF($A263="","",MIN(D263,H263)) | J263: =IF($A263="","",MAX(0,F263+I263-E263)) | K263: =IF($A263="","",MAX(0,E263-F263-I263)) | L263: =IF($A263="","",MAX(0,F263+I263-E263)) | M263: =IF($A263="","",IFERROR(I263/D263,0))
A264: =IF([1]weekly_demand!A265="","",[1]weekly_demand!A265) | B264: =IF($A264="","",[1]weekly_demand!F265) | C264: =IF($A264="","",[1]weekly_demand!H265) | D264: =IF($A264="","",IF(SUMIFS([1]Fixture_Capacity_Input!$C:$C,[1]Fixture_Capacity_Input!$A:$A,$B264,[1]Fixture_Capacity_Input!$B:$B,$C264)>0,SUMIFS([1]Fixture_Capacity_Input!$C:$C,[1]Fixture_Capacity_Input!$A:$A,$B264,[1]Fixture_Capacity_Input!$B:$B,$C264),[1]weekly_demand!G265)) | E264: =IF($A264="","",[1]weekly_demand!I265) | F264: =IF($A264="","",IF($A264<>$A263,IFERROR(INDEX([1]FG_Begin_Inventory!$B:$B,MATCH($A264,[1]FG_Begin_Inventory!$A:$A,0)),0),J263)) | G264: =IF($A264="","",IF($A264<>$A265,0,MAX(0,G265+E265-D265))) | H264: =IF($A264="","",MAX(0,E264+G264-F264)) | I264: =IF($A264="","",MIN(D264,H264)) | J264: =IF($A264="","",MAX(0,F264+I264-E264)) | K264: =IF($A264="","",MAX(0,E264-F264-I264)) | L264: =IF($A264="","",MAX(0,F264+I264-E264)) | M264: =IF($A264="","",IFERROR(I264/D264,0))
A265: =IF([1]weekly_demand!A266="","",[1]weekly_demand!A266) | B265: =IF($A265="","",[1]weekly_demand!F266) | C265: =IF($A265="","",[1]weekly_demand!H266) | D265: =IF($A265="","",IF(SUMIFS([1]Fixture_Capacity_Input!$C:$C,[1]Fixture_Capacity_Input!$A:$A,$B265,[1]Fixture_Capacity_Input!$B:$B,$C265)>0,SUMIFS([1]Fixture_Capacity_Input!$C:$C,[1]Fixture_Capacity_Input!$A:$A,$B265,[1]Fixture_Capacity_Input!$B:$B,$C265),[1]weekly_demand!G266)) | E265: =IF($A265="","",[1]weekly_demand!I266) | F265: =IF($A265="","",IF($A265<>$A264,IFERROR(INDEX([1]FG_Begin_Inventory!$B:$B,MATCH($A265,[1]FG_Begin_Inventory!$A:$A,0)),0),J264)) | G265: =IF($A265="","",IF($A265<>$A266,0,MAX(0,G266+E266-D266))) | H265: =IF($A265="","",MAX(0,E265+G265-F265)) | I265: =IF($A265="","",MIN(D265,H265)) | J265: =IF($A265="","",MAX(0,F265+I265-E265)) | K265: =IF($A265="","",MAX(0,E265-F265-I265)) | L265: =IF($A265="","",MAX(0,F265+I265-E265)) | M265: =IF($A265="","",IFERROR(I265/D265,0))
A266: =IF([1]weekly_demand!A267="","",[1]weekly_demand!A267) | B266: =IF($A266="","",[1]weekly_demand!F267) | C266: =IF($A266="","",[1]weekly_demand!H267) | D266: =IF($A266="","",IF(SUMIFS([1]Fixture_Capacity_Input!$C:$C,[1]Fixture_Capacity_Input!$A:$A,$B266,[1]Fixture_Capacity_Input!$B:$B,$C266)>0,SUMIFS([1]Fixture_Capacity_Input!$C:$C,[1]Fixture_Capacity_Input!$A:$A,$B266,[1]Fixture_Capacity_Input!$B:$B,$C266),[1]weekly_demand!G267)) | E266: =IF($A266="","",[1]weekly_demand!I267) | F266: =IF($A266="","",IF($A266<>$A265,IFERROR(INDEX([1]FG_Begin_Inventory!$B:$B,MATCH($A266,[1]FG_Begin_Inventory!$A:$A,0)),0),J265)) | G266: =IF($A266="","",IF($A266<>$A267,0,MAX(0,G267+E267-D267))) | H266: =IF($A266="","",MAX(0,E266+G266-F266)) | I266: =IF($A266="","",MIN(D266,H266)) | J266: =IF($A266="","",MAX(0,F266+I266-E266)) | K266: =IF($A266="","",MAX(0,E266-F266-I266)) | L266: =IF($A266="","",MAX(0,F266+I266-E266)) | M266: =IF($A266="","",IFERROR(I266/D266,0))
A267: =IF([1]weekly_demand!A268="","",[1]weekly_demand!A268) | B267: =IF($A267="","",[1]weekly_demand!F268) | C267: =IF($A267="","",[1]weekly_demand!H268) | D267: =IF($A267="","",IF(SUMIFS([1]Fixture_Capacity_Input!$C:$C,[1]Fixture_Capacity_Input!$A:$A,$B267,[1]Fixture_Capacity_Input!$B:$B,$C267)>0,SUMIFS([1]Fixture_Capacity_Input!$C:$C,[1]Fixture_Capacity_Input!$A:$A,$B267,[1]Fixture_Capacity_Input!$B:$B,$C267),[1]weekly_demand!G268)) | E267: =IF($A267="","",[1]weekly_demand!I268) | F267: =IF($A267="","",IF($A267<>$A266,IFERROR(INDEX([1]FG_Begin_Inventory!$B:$B,MATCH($A267,[1]FG_Begin_Inventory!$A:$A,0)),0),J266)) | G267: =IF($A267="","",IF($A267<>$A268,0,MAX(0,G268+E268-D268))) | H267: =IF($A267="","",MAX(0,E267+G267-F267)) | I267: =IF($A267="","",MIN(D267,H267)) | J267: =IF($A267="","",MAX(0,F267+I267-E267)) | K267: =IF($A267="","",MAX(0,E267-F267-I267)) | L267: =IF($A267="","",MAX(0,F267+I267-E267)) | M267: =IF($A267="","",IFERROR(I267/D267,0))
... A1999: =IF([1]weekly_demand!A2000="","",[1]weekly_demand!A2000) | B1999: =IF($A1999="","",[1]weekly_demand!F2000) | C1999: =IF($A1999="","",[1]weekly_demand!H2000) | D1999: =IF($A1999="","",IF(SUMIFS([1]Fixture_Capacity_Input!$C:$C,[1]Fixture_Capacity_Input!$A:$A,$B1999,[1]Fixture_Capacity_Input!$B:$B,$C1999)>0,SUMIFS([1]Fixture_Capacity_Input!$C:$C,[1]Fixture_Capacity_Input!$A:$A,$B1999,[1]Fixture_Capacity_Input!$B:$B,$C1999),[1]weekly_demand!G2000)) | E1999: =IF($A1999="","",[1]weekly_demand!I2000) | F1999: =IF($A1999="","",IF($A1999<>$A1998,IFERROR(INDEX([1]FG_Begin_Inventory!$B:$B,MATCH($A1999,[1]FG_Begin_Inventory!$A:$A,0)),0),J1998)) | G1999: =IF($A1999="","",IF($A1999<>$A2000,0,MAX(0,G2000+E2000-D2000))) | H1999: =IF($A1999="","",MAX(0,E1999+G1999-F1999)) | I1999: =IF($A1999="","",MIN(D1999,H1999)) | J1999: =IF($A1999="","",MAX(0,F1999+I1999-E1999)) | K1999: =IF($A1999="","",MAX(0,E1999-F1999-I1999)) | L1999: =IF($A1999="","",MAX(0,F1999+I1999-E1999)) | M1999: =IF($A1999="","",IFERROR(I1999/D1999,0))

Sheet BOM_demand
A1: Week | B1: A | C1: B | D1: C | E1: D | F1: E | G1: F | H1: RM01 | I1: RM02 | J1: RM03 | K1: RM04 | L1: RM05 | M1: RM06 | N1: RM07 | O1: RM08 | P1: RM09 | Q1: RM10 | R1: RM11 | S1: RM12 | T1: RM13 | U1: RM14 | V1: RM15 | X1: BOM usage helper | Y1: A | Z1: B | AA1: C | AB1: D | AC1: E | AD1: F
A2: 46132 | B2: =IF($A2="","",SUMIFS(weekly_demand!$D:$D,weekly_demand!$A:$A,B$1,weekly_demand!$C:$C,$A2)) -> 0 | C2: =IF($A2="","",SUMIFS(weekly_demand!$D:$D,weekly_demand!$A:$A,C$1,weekly_demand!$C:$C,$A2)) -> 0 | D2: =IF($A2="","",SUMIFS(weekly_demand!$D:$D,weekly_demand!$A:$A,D$1,weekly_demand!$C:$C,$A2)) -> 0 | E2: =IF($A2="","",SUMIFS(weekly_demand!$D:$D,weekly_demand!$A:$A,E$1,weekly_demand!$C:$C,$A2)) -> 0 | F2: =IF($A2="","",SUMIFS(weekly_demand!$D:$D,weekly_demand!$A:$A,F$1,weekly_demand!$C:$C,$A2)) -> 0 | G2: =IF($A2="","",SUMIFS(weekly_demand!$D:$D,weekly_demand!$A:$A,G$1,weekly_demand!$C:$C,$A2)) -> 0 | H2: =IF($A2="","",SUMPRODUCT($B2:$G2,INDEX($Y$2:$AD$16,MATCH(H$1,$X$2:$X$16,0),0))) -> 0 | I2: =IF($A2="","",SUMPRODUCT($B2:$G2,INDEX($Y$2:$AD$16,MATCH(I$1,$X$2:$X$16,0),0))) -> 0 | J2: =IF($A2="","",SUMPRODUCT($B2:$G2,INDEX($Y$2:$AD$16,MATCH(J$1,$X$2:$X$16,0),0))) -> 0 | K2: =IF($A2="","",SUMPRODUCT($B2:$G2,INDEX($Y$2:$AD$16,MATCH(K$1,$X$2:$X$16,0),0))) -> 0 | L2: =IF($A2="","",SUMPRODUCT($B2:$G2,INDEX($Y$2:$AD$16,MATCH(L$1,$X$2:$X$16,0),0))) -> 0 | M2: =IF($A2="","",SUMPRODUCT($B2:$G2,INDEX($Y$2:$AD$16,MATCH(M$1,$X$2:$X$16,0),0))) -> 0 | N2: =IF($A2="","",SUMPRODUCT($B2:$G2,INDEX($Y$2:$AD$16,MATCH(N$1,$X$2:$X$16,0),0))) -> 0 | O2: =IF($A2="","",SUMPRODUCT($B2:$G2,INDEX($Y$2:$AD$16,MATCH(O$1,$X$2:$X$16,0),0))) -> 0 | ... V2: =IF($A2="","",SUMPRODUCT($B2:$G2,INDEX($Y$2:$AD$16,MATCH(V$1,$X$2:$X$16,0),0))) -> 0 | X2: RM01 | Y2: 1 | Z2: 1 | AA2: 1 | AB2: 1 | AC2: 1 | AD2: 1
A3: 46139 | B3: =IF($A3="","",SUMIFS(weekly_demand!$D:$D,weekly_demand!$A:$A,B$1,weekly_demand!$C:$C,$A3)) -> 0 | C3: =IF($A3="","",SUMIFS(weekly_demand!$D:$D,weekly_demand!$A:$A,C$1,weekly_demand!$C:$C,$A3)) -> 0 | D3: =IF($A3="","",SUMIFS(weekly_demand!$D:$D,weekly_demand!$A:$A,D$1,weekly_demand!$C:$C,$A3)) -> 0 | E3: =IF($A3="","",SUMIFS(weekly_demand!$D:$D,weekly_demand!$A:$A,E$1,weekly_demand!$C:$C,$A3)) -> 0 | F3: =IF($A3="","",SUMIFS(weekly_demand!$D:$D,weekly_demand!$A:$A,F$1,weekly_demand!$C:$C,$A3)) -> 0 | G3: =IF($A3="","",SUMIFS(weekly_demand!$D:$D,weekly_demand!$A:$A,G$1,weekly_demand!$C:$C,$A3)) -> 0 | H3: =IF($A3="","",SUMPRODUCT($B3:$G3,INDEX($Y$2:$AD$16,MATCH(H$1,$X$2:$X$16,0),0))) -> 0 | I3: =IF($A3="","",SUMPRODUCT($B3:$G3,INDEX($Y$2:$AD$16,MATCH(I$1,$X$2:$X$16,0),0))) -> 0 | J3: =IF($A3="","",SUMPRODUCT($B3:$G3,INDEX($Y$2:$AD$16,MATCH(J$1,$X$2:$X$16,0),0))) -> 0 | K3: =IF($A3="","",SUMPRODUCT($B3:$G3,INDEX($Y$2:$AD$16,MATCH(K$1,$X$2:$X$16,0),0))) -> 0 | L3: =IF($A3="","",SUMPRODUCT($B3:$G3,INDEX($Y$2:$AD$16,MATCH(L$1,$X$2:$X$16,0),0))) -> 0 | M3: =IF($A3="","",SUMPRODUCT($B3:$G3,INDEX($Y$2:$AD$16,MATCH(M$1,$X$2:$X$16,0),0))) -> 0 | N3: =IF($A3="","",SUMPRODUCT($B3:$G3,INDEX($Y$2:$AD$16,MATCH(N$1,$X$2:$X$16,0),0))) -> 0 | O3: =IF($A3="","",SUMPRODUCT($B3:$G3,INDEX($Y$2:$AD$16,MATCH(O$1,$X$2:$X$16,0),0))) -> 0 | ... V3: =IF($A3="","",SUMPRODUCT($B3:$G3,INDEX($Y$2:$AD$16,MATCH(V$1,$X$2:$X$16,0),0))) -> 0 | X3: RM02 | Y3: 0.25 | Z3: 0.25 | AA3: 0.5 | AB3: 0.25 | AC3: 0.5 | AD3: 0.125
A4: 46146 | B4: =IF($A4="","",SUMIFS(weekly_demand!$D:$D,weekly_demand!$A:$A,B$1,weekly_demand!$C:$C,$A4)) -> 0 | C4: =IF($A4="","",SUMIFS(weekly_demand!$D:$D,weekly_demand!$A:$A,C$1,weekly_demand!$C:$C,$A4)) -> 0 | D4: =IF($A4="","",SUMIFS(weekly_demand!$D:$D,weekly_demand!$A:$A,D$1,weekly_demand!$C:$C,$A4)) -> 0 | E4: =IF($A4="","",SUMIFS(weekly_demand!$D:$D,weekly_demand!$A:$A,E$1,weekly_demand!$C:$C,$A4)) -> 0 | F4: =IF($A4="","",SUMIFS(weekly_demand!$D:$D,weekly_demand!$A:$A,F$1,weekly_demand!$C:$C,$A4)) -> 0 | G4: =IF($A4="","",SUMIFS(weekly_demand!$D:$D,weekly_demand!$A:$A,G$1,weekly_demand!$C:$C,$A4)) -> 0 | H4: =IF($A4="","",SUMPRODUCT($B4:$G4,INDEX($Y$2:$AD$16,MATCH(H$1,$X$2:$X$16,0),0))) -> 0 | I4: =IF($A4="","",SUMPRODUCT($B4:$G4,INDEX($Y$2:$AD$16,MATCH(I$1,$X$2:$X$16,0),0))) -> 0 | J4: =IF($A4="","",SUMPRODUCT($B4:$G4,INDEX($Y$2:$AD$16,MATCH(J$1,$X$2:$X$16,0),0))) -> 0 | K4: =IF($A4="","",SUMPRODUCT($B4:$G4,INDEX($Y$2:$AD$16,MATCH(K$1,$X$2:$X$16,0),0))) -> 0 | L4: =IF($A4="","",SUMPRODUCT($B4:$G4,INDEX($Y$2:$AD$16,MATCH(L$1,$X$2:$X$16,0),0))) -> 0 | M4: =IF($A4="","",SUMPRODUCT($B4:$G4,INDEX($Y$2:$AD$16,MATCH(M$1,$X$2:$X$16,0),0))) -> 0 | N4: =IF($A4="","",SUMPRODUCT($B4:$G4,INDEX($Y$2:$AD$16,MATCH(N$1,$X$2:$X$16,0),0))) -> 0 | O4: =IF($A4="","",SUMPRODUCT($B4:$G4,INDEX($Y$2:$AD$16,MATCH(O$1,$X$2:$X$16,0),0))) -> 0 | ... V4: =IF($A4="","",SUMPRODUCT($B4:$G4,INDEX($Y$2:$AD$16,MATCH(V$1,$X$2:$X$16,0),0))) -> 0 | X4: RM03 | Y4: 1 | Z4: 1 | AA4: 1 | AB4: 1 | AC4: 1 | AD4: 1
A5: 46153 | B5: =IF($A5="","",SUMIFS(weekly_demand!$D:$D,weekly_demand!$A:$A,B$1,weekly_demand!$C:$C,$A5)) -> 0 | C5: =IF($A5="","",SUMIFS(weekly_demand!$D:$D,weekly_demand!$A:$A,C$1,weekly_demand!$C:$C,$A5)) -> 0 | D5: =IF($A5="","",SUMIFS(weekly_demand!$D:$D,weekly_demand!$A:$A,D$1,weekly_demand!$C:$C,$A5)) -> 0 | E5: =IF($A5="","",SUMIFS(weekly_demand!$D:$D,weekly_demand!$A:$A,E$1,weekly_demand!$C:$C,$A5)) -> 0 | F5: =IF($A5="","",SUMIFS(weekly_demand!$D:$D,weekly_demand!$A:$A,F$1,weekly_demand!$C:$C,$A5)) -> 0 | G5: =IF($A5="","",SUMIFS(weekly_demand!$D:$D,weekly_demand!$A:$A,G$1,weekly_demand!$C:$C,$A5)) -> 0 | H5: =IF($A5="","",SUMPRODUCT($B5:$G5,INDEX($Y$2:$AD$16,MATCH(H$1,$X$2:$X$16,0),0))) -> 0 | I5: =IF($A5="","",SUMPRODUCT($B5:$G5,INDEX($Y$2:$AD$16,MATCH(I$1,$X$2:$X$16,0),0))) -> 0 | J5: =IF($A5="","",SUMPRODUCT($B5:$G5,INDEX($Y$2:$AD$16,MATCH(J$1,$X$2:$X$16,0),0))) -> 0 | K5: =IF($A5="","",SUMPRODUCT($B5:$G5,INDEX($Y$2:$AD$16,MATCH(K$1,$X$2:$X$16,0),0))) -> 0 | L5: =IF($A5="","",SUMPRODUCT($B5:$G5,INDEX($Y$2:$AD$16,MATCH(L$1,$X$2:$X$16,0),0))) -> 0 | M5: =IF($A5="","",SUMPRODUCT($B5:$G5,INDEX($Y$2:$AD$16,MATCH(M$1,$X$2:$X$16,0),0))) -> 0 | N5: =IF($A5="","",SUMPRODUCT($B5:$G5,INDEX($Y$2:$AD$16,MATCH(N$1,$X$2:$X$16,0),0))) -> 0 | O5: =IF($A5="","",SUMPRODUCT($B5:$G5,INDEX($Y$2:$AD$16,MATCH(O$1,$X$2:$X$16,0),0))) -> 0 | ... V5: =IF($A5="","",SUMPRODUCT($B5:$G5,INDEX($Y$2:$AD$16,MATCH(V$1,$X$2:$X$16,0),0))) -> 0 | X5: RM04 | Y5: 2 | Z5: 0 | AA5: 0 | AB5: 0 | AC5: 0 | AD5: 0
A6: 46160 | B6: =IF($A6="","",SUMIFS(weekly_demand!$D:$D,weekly_demand!$A:$A,B$1,weekly_demand!$C:$C,$A6)) -> 0 | C6: =IF($A6="","",SUMIFS(weekly_demand!$D:$D,weekly_demand!$A:$A,C$1,weekly_demand!$C:$C,$A6)) -> 0 | D6: =IF($A6="","",SUMIFS(weekly_demand!$D:$D,weekly_demand!$A:$A,D$1,weekly_demand!$C:$C,$A6)) -> 0 | E6: =IF($A6="","",SUMIFS(weekly_demand!$D:$D,weekly_demand!$A:$A,E$1,weekly_demand!$C:$C,$A6)) -> 0 | F6: =IF($A6="","",SUMIFS(weekly_demand!$D:$D,weekly_demand!$A:$A,F$1,weekly_demand!$C:$C,$A6)) -> 0 | G6: =IF($A6="","",SUMIFS(weekly_demand!$D:$D,weekly_demand!$A:$A,G$1,weekly_demand!$C:$C,$A6)) -> 0 | H6: =IF($A6="","",SUMPRODUCT($B6:$G6,INDEX($Y$2:$AD$16,MATCH(H$1,$X$2:$X$16,0),0))) -> 0 | I6: =IF($A6="","",SUMPRODUCT($B6:$G6,INDEX($Y$2:$AD$16,MATCH(I$1,$X$2:$X$16,0),0))) -> 0 | J6: =IF($A6="","",SUMPRODUCT($B6:$G6,INDEX($Y$2:$AD$16,MATCH(J$1,$X$2:$X$16,0),0))) -> 0 | K6: =IF($A6="","",SUMPRODUCT($B6:$G6,INDEX($Y$2:$AD$16,MATCH(K$1,$X$2:$X$16,0),0))) -> 0 | L6: =IF($A6="","",SUMPRODUCT($B6:$G6,INDEX($Y$2:$AD$16,MATCH(L$1,$X$2:$X$16,0),0))) -> 0 | M6: =IF($A6="","",SUMPRODUCT($B6:$G6,INDEX($Y$2:$AD$16,MATCH(M$1,$X$2:$X$16,0),0))) -> 0 | N6: =IF($A6="","",SUMPRODUCT($B6:$G6,INDEX($Y$2:$AD$16,MATCH(N$1,$X$2:$X$16,0),0))) -> 0 | O6: =IF($A6="","",SUMPRODUCT($B6:$G6,INDEX($Y$2:$AD$16,MATCH(O$1,$X$2:$X$16,0),0))) -> 0 | ... V6: =IF($A6="","",SUMPRODUCT($B6:$G6,INDEX($Y$2:$AD$16,MATCH(V$1,$X$2:$X$16,0),0))) -> 0 | X6: RM05 | Y6: 1 | Z6: 0 | AA6: 0 | AB6: 0 | AC6: 0 | AD6: 0
A7: 46167 | B7: =IF($A7="","",SUMIFS(weekly_demand!$D:$D,weekly_demand!$A:$A,B$1,weekly_demand!$C:$C,$A7)) -> 0 | C7: =IF($A7="","",SUMIFS(weekly_demand!$D:$D,weekly_demand!$A:$A,C$1,weekly_demand!$C:$C,$A7)) -> 0 | D7: =IF($A7="","",SUMIFS(weekly_demand!$D:$D,weekly_demand!$A:$A,D$1,weekly_demand!$C:$C,$A7)) -> 0 | E7: =IF($A7="","",SUMIFS(weekly_demand!$D:$D,weekly_demand!$A:$A,E$1,weekly_demand!$C:$C,$A7)) -> 0 | F7: =IF($A7="","",SUMIFS(weekly_demand!$D:$D,weekly_demand!$A:$A,F$1,weekly_demand!$C:$C,$A7)) -> 0 | G7: =IF($A7="","",SUMIFS(weekly_demand!$D:$D,weekly_demand!$A:$A,G$1,weekly_demand!$C:$C,$A7)) -> 0 | H7: =IF($A7="","",SUMPRODUCT($B7:$G7,INDEX($Y$2:$AD$16,MATCH(H$1,$X$2:$X$16,0),0))) -> 0 | I7: =IF($A7="","",SUMPRODUCT($B7:$G7,INDEX($Y$2:$AD$16,MATCH(I$1,$X$2:$X$16,0),0))) -> 0 | J7: =IF($A7="","",SUMPRODUCT($B7:$G7,INDEX($Y$2:$AD$16,MATCH(J$1,$X$2:$X$16,0),0))) -> 0 | K7: =IF($A7="","",SUMPRODUCT($B7:$G7,INDEX($Y$2:$AD$16,MATCH(K$1,$X$2:$X$16,0),0))) -> 0 | L7: =IF($A7="","",SUMPRODUCT($B7:$G7,INDEX($Y$2:$AD$16,MATCH(L$1,$X$2:$X$16,0),0))) -> 0 | M7: =IF($A7="","",SUMPRODUCT($B7:$G7,INDEX($Y$2:$AD$16,MATCH(M$1,$X$2:$X$16,0),0))) -> 0 | N7: =IF($A7="","",SUMPRODUCT($B7:$G7,INDEX($Y$2:$AD$16,MATCH(N$1,$X$2:$X$16,0),0))) -> 0 | O7: =IF($A7="","",SUMPRODUCT($B7:$G7,INDEX($Y$2:$AD$16,MATCH(O$1,$X$2:$X$16,0),0))) -> 0 | ... V7: =IF($A7="","",SUMPRODUCT($B7:$G7,INDEX($Y$2:$AD$16,MATCH(V$1,$X$2:$X$16,0),0))) -> 0 | X7: RM06 | Y7: 0 | Z7: 2.5 | AA7: 0 | AB7: 0 | AC7: 0 | AD7: 0
A8: 46174 | B8: =IF($A8="","",SUMIFS(weekly_demand!$D:$D,weekly_demand!$A:$A,B$1,weekly_demand!$C:$C,$A8)) -> 0 | C8: =IF($A8="","",SUMIFS(weekly_demand!$D:$D,weekly_demand!$A:$A,C$1,weekly_demand!$C:$C,$A8)) -> 0 | D8: =IF($A8="","",SUMIFS(weekly_demand!$D:$D,weekly_demand!$A:$A,D$1,weekly_demand!$C:$C,$A8)) -> 0 | E8: =IF($A8="","",SUMIFS(weekly_demand!$D:$D,weekly_demand!$A:$A,E$1,weekly_demand!$C:$C,$A8)) -> 0 | F8: =IF($A8="","",SUMIFS(weekly_demand!$D:$D,weekly_demand!$A:$A,F$1,weekly_demand!$C:$C,$A8)) -> 0 | G8: =IF($A8="","",SUMIFS(weekly_demand!$D:$D,weekly_demand!$A:$A,G$1,weekly_demand!$C:$C,$A8)) -> 0 | H8: =IF($A8="","",SUMPRODUCT($B8:$G8,INDEX($Y$2:$AD$16,MATCH(H$1,$X$2:$X$16,0),0))) -> 0 | I8: =IF($A8="","",SUMPRODUCT($B8:$G8,INDEX($Y$2:$AD$16,MATCH(I$1,$X$2:$X$16,0),0))) -> 0 | J8: =IF($A8="","",SUMPRODUCT($B8:$G8,INDEX($Y$2:$AD$16,MATCH(J$1,$X$2:$X$16,0),0))) -> 0 | K8: =IF($A8="","",SUMPRODUCT($B8:$G8,INDEX($Y$2:$AD$16,MATCH(K$1,$X$2:$X$16,0),0))) -> 0 | L8: =IF($A8="","",SUMPRODUCT($B8:$G8,INDEX($Y$2:$AD$16,MATCH(L$1,$X$2:$X$16,0),0))) -> 0 | M8: =IF($A8="","",SUMPRODUCT($B8:$G8,INDEX($Y$2:$AD$16,MATCH(M$1,$X$2:$X$16,0),0))) -> 0 | N8: =IF($A8="","",SUMPRODUCT($B8:$G8,INDEX($Y$2:$AD$16,MATCH(N$1,$X$2:$X$16,0),0))) -> 0 | O8: =IF($A8="","",SUMPRODUCT($B8:$G8,INDEX($Y$2:$AD$16,MATCH(O$1,$X$2:$X$16,0),0))) -> 0 | ... V8: =IF($A8="","",SUMPRODUCT($B8:$G8,INDEX($Y$2:$AD$16,MATCH(V$1,$X$2:$X$16,0),0))) -> 0 | X8: RM07 | Y8: 0 | Z8: 1.5 | AA8: 0 | AB8: 0 | AC8: 0 | AD8: 0
A9: 46181 | B9: =IF($A9="","",SUMIFS(weekly_demand!$D:$D,weekly_demand!$A:$A,B$1,weekly_demand!$C:$C,$A9)) -> 0 | C9: =IF($A9="","",SUMIFS(weekly_demand!$D:$D,weekly_demand!$A:$A,C$1,weekly_demand!$C:$C,$A9)) -> 0 | D9: =IF($A9="","",SUMIFS(weekly_demand!$D:$D,weekly_demand!$A:$A,D$1,weekly_demand!$C:$C,$A9)) -> 0 | E9: =IF($A9="","",SUMIFS(weekly_demand!$D:$D,weekly_demand!$A:$A,E$1,weekly_demand!$C:$C,$A9)) -> 0 | F9: =IF($A9="","",SUMIFS(weekly_demand!$D:$D,weekly_demand!$A:$A,F$1,weekly_demand!$C:$C,$A9)) -> 0 | G9: =IF($A9="","",SUMIFS(weekly_demand!$D:$D,weekly_demand!$A:$A,G$1,weekly_demand!$C:$C,$A9)) -> 0 | H9: =IF($A9="","",SUMPRODUCT($B9:$G9,INDEX($Y$2:$AD$16,MATCH(H$1,$X$2:$X$16,0),0))) -> 0 | I9: =IF($A9="","",SUMPRODUCT($B9:$G9,INDEX($Y$2:$AD$16,MATCH(I$1,$X$2:$X$16,0),0))) -> 0 | J9: =IF($A9="","",SUMPRODUCT($B9:$G9,INDEX($Y$2:$AD$16,MATCH(J$1,$X$2:$X$16,0),0))) -> 0 | K9: =IF($A9="","",SUMPRODUCT($B9:$G9,INDEX($Y$2:$AD$16,MATCH(K$1,$X$2:$X$16,0),0))) -> 0 | L9: =IF($A9="","",SUMPRODUCT($B9:$G9,INDEX($Y$2:$AD$16,MATCH(L$1,$X$2:$X$16,0),0))) -> 0 | M9: =IF($A9="","",SUMPRODUCT($B9:$G9,INDEX($Y$2:$AD$16,MATCH(M$1,$X$2:$X$16,0),0))) -> 0 | N9: =IF($A9="","",SUMPRODUCT($B9:$G9,INDEX($Y$2:$AD$16,MATCH(N$1,$X$2:$X$16,0),0))) -> 0 | O9: =IF($A9="","",SUMPRODUCT($B9:$G9,INDEX($Y$2:$AD$16,MATCH(O$1,$X$2:$X$16,0),0))) -> 0 | ... V9: =IF($A9="","",SUMPRODUCT($B9:$G9,INDEX($Y$2:$AD$16,MATCH(V$1,$X$2:$X$16,0),0))) -> 0 | X9: RM08 | Y9: 0 | Z9: 0 | AA9: 3 | AB9: 0 | AC9: 0 | AD9: 0
A10: 46188 | B10: =IF($A10="","",SUMIFS(weekly_demand!$D:$D,weekly_demand!$A:$A,B$1,weekly_demand!$C:$C,$A10)) -> 0 | C10: =IF($A10="","",SUMIFS(weekly_demand!$D:$D,weekly_demand!$A:$A,C$1,weekly_demand!$C:$C,$A10)) -> 0 | D10: =IF($A10="","",SUMIFS(weekly_demand!$D:$D,weekly_demand!$A:$A,D$1,weekly_demand!$C:$C,$A10)) -> 0 | E10: =IF($A10="","",SUMIFS(weekly_demand!$D:$D,weekly_demand!$A:$A,E$1,weekly_demand!$C:$C,$A10)) -> 0 | F10: =IF($A10="","",SUMIFS(weekly_demand!$D:$D,weekly_demand!$A:$A,F$1,weekly_demand!$C:$C,$A10)) -> 0 | G10: =IF($A10="","",SUMIFS(weekly_demand!$D:$D,weekly_demand!$A:$A,G$1,weekly_demand!$C:$C,$A10)) -> 0 | H10: =IF($A10="","",SUMPRODUCT($B10:$G10,INDEX($Y$2:$AD$16,MATCH(H$1,$X$2:$X$16,0),0))) -> 0 | I10: =IF($A10="","",SUMPRODUCT($B10:$G10,INDEX($Y$2:$AD$16,MATCH(I$1,$X$2:$X$16,0),0))) -> 0 | J10: =IF($A10="","",SUMPRODUCT($B10:$G10,INDEX($Y$2:$AD$16,MATCH(J$1,$X$2:$X$16,0),0))) -> 0 | K10: =IF($A10="","",SUMPRODUCT($B10:$G10,INDEX($Y$2:$AD$16,MATCH(K$1,$X$2:$X$16,0),0))) -> 0 | L10: =IF($A10="","",SUMPRODUCT($B10:$G10,INDEX($Y$2:$AD$16,MATCH(L$1,$X$2:$X$16,0),0))) -> 0 | M10: =IF($A10="","",SUMPRODUCT($B10:$G10,INDEX($Y$2:$AD$16,MATCH(M$1,$X$2:$X$16,0),0))) -> 0 | N10: =IF($A10="","",SUMPRODUCT($B10:$G10,INDEX($Y$2:$AD$16,MATCH(N$1,$X$2:$X$16,0),0))) -> 0 | O10: =IF($A10="","",SUMPRODUCT($B10:$G10,INDEX($Y$2:$AD$16,MATCH(O$1,$X$2:$X$16,0),0))) -> 0 | ... V10: =IF($A10="","",SUMPRODUCT($B10:$G10,INDEX($Y$2:$AD$16,MATCH(V$1,$X$2:$X$16,0),0))) -> 0 | X10: RM09 | Y10: 0 | Z10: 0 | AA10: 0.5 | AB10: 0 | AC10: 0 | AD10: 0
A11: 46195 | B11: =IF($A11="","",SUMIFS(weekly_demand!$D:$D,weekly_demand!$A:$A,B$1,weekly_demand!$C:$C,$A11)) -> 0 | C11: =IF($A11="","",SUMIFS(weekly_demand!$D:$D,weekly_demand!$A:$A,C$1,weekly_demand!$C:$C,$A11)) -> 0 | D11: =IF($A11="","",SUMIFS(weekly_demand!$D:$D,weekly_demand!$A:$A,D$1,weekly_demand!$C:$C,$A11)) -> 0 | E11: =IF($A11="","",SUMIFS(weekly_demand!$D:$D,weekly_demand!$A:$A,E$1,weekly_demand!$C:$C,$A11)) -> 0 | F11: =IF($A11="","",SUMIFS(weekly_demand!$D:$D,weekly_demand!$A:$A,F$1,weekly_demand!$C:$C,$A11)) -> 0 | G11: =IF($A11="","",SUMIFS(weekly_demand!$D:$D,weekly_demand!$A:$A,G$1,weekly_demand!$C:$C,$A11)) -> 0 | H11: =IF($A11="","",SUMPRODUCT($B11:$G11,INDEX($Y$2:$AD$16,MATCH(H$1,$X$2:$X$16,0),0))) -> 0 | I11: =IF($A11="","",SUMPRODUCT($B11:$G11,INDEX($Y$2:$AD$16,MATCH(I$1,$X$2:$X$16,0),0))) -> 0 | J11: =IF($A11="","",SUMPRODUCT($B11:$G11,INDEX($Y$2:$AD$16,MATCH(J$1,$X$2:$X$16,0),0))) -> 0 | K11: =IF($A11="","",SUMPRODUCT($B11:$G11,INDEX($Y$2:$AD$16,MATCH(K$1,$X$2:$X$16,0),0))) -> 0 | L11: =IF($A11="","",SUMPRODUCT($B11:$G11,INDEX($Y$2:$AD$16,MATCH(L$1,$X$2:$X$16,0),0))) -> 0 | M11: =IF($A11="","",SUMPRODUCT($B11:$G11,INDEX($Y$2:$AD$16,MATCH(M$1,$X$2:$X$16,0),0))) -> 0 | N11: =IF($A11="","",SUMPRODUCT($B11:$G11,INDEX($Y$2:$AD$16,MATCH(N$1,$X$2:$X$16,0),0))) -> 0 | O11: =IF($A11="","",SUMPRODUCT($B11:$G11,INDEX($Y$2:$AD$16,MATCH(O$1,$X$2:$X$16,0),0))) -> 0 | ... V11: =IF($A11="","",SUMPRODUCT($B11:$G11,INDEX($Y$2:$AD$16,MATCH(V$1,$X$2:$X$16,0),0))) -> 0 | X11: RM10 | Y11: 0 | Z11: 0 | AA11: 0 | AB11: 2 | AC11: 0 | AD11: 0
A12: 46202 | B12: =IF($A12="","",SUMIFS(weekly_demand!$D:$D,weekly_demand!$A:$A,B$1,weekly_demand!$C:$C,$A12)) -> 0 | C12: =IF($A12="","",SUMIFS(weekly_demand!$D:$D,weekly_demand!$A:$A,C$1,weekly_demand!$C:$C,$A12)) -> 0 | D12: =IF($A12="","",SUMIFS(weekly_demand!$D:$D,weekly_demand!$A:$A,D$1,weekly_demand!$C:$C,$A12)) -> 0 | E12: =IF($A12="","",SUMIFS(weekly_demand!$D:$D,weekly_demand!$A:$A,E$1,weekly_demand!$C:$C,$A12)) -> 0 | F12: =IF($A12="","",SUMIFS(weekly_demand!$D:$D,weekly_demand!$A:$A,F$1,weekly_demand!$C:$C,$A12)) -> 0 | G12: =IF($A12="","",SUMIFS(weekly_demand!$D:$D,weekly_demand!$A:$A,G$1,weekly_demand!$C:$C,$A12)) -> 0 | H12: =IF($A12="","",SUMPRODUCT($B12:$G12,INDEX($Y$2:$AD$16,MATCH(H$1,$X$2:$X$16,0),0))) -> 0 | I12: =IF($A12="","",SUMPRODUCT($B12:$G12,INDEX($Y$2:$AD$16,MATCH(I$1,$X$2:$X$16,0),0))) -> 0 | J12: =IF($A12="","",SUMPRODUCT($B12:$G12,INDEX($Y$2:$AD$16,MATCH(J$1,$X$2:$X$16,0),0))) -> 0 | K12: =IF($A12="","",SUMPRODUCT($B12:$G12,INDEX($Y$2:$AD$16,MATCH(K$1,$X$2:$X$16,0),0))) -> 0 | L12: =IF($A12="","",SUMPRODUCT($B12:$G12,INDEX($Y$2:$AD$16,MATCH(L$1,$X$2:$X$16,0),0))) -> 0 | M12: =IF($A12="","",SUMPRODUCT($B12:$G12,INDEX($Y$2:$AD$16,MATCH(M$1,$X$2:$X$16,0),0))) -> 0 | N12: =IF($A12="","",SUMPRODUCT($B12:$G12,INDEX($Y$2:$AD$16,MATCH(N$1,$X$2:$X$16,0),0))) -> 0 | O12: =IF($A12="","",SUMPRODUCT($B12:$G12,INDEX($Y$2:$AD$16,MATCH(O$1,$X$2:$X$16,0),0))) -> 0 | ... V12: =IF($A12="","",SUMPRODUCT($B12:$G12,INDEX($Y$2:$AD$16,MATCH(V$1,$X$2:$X$16,0),0))) -> 0 | X12: RM11 | Y12: 0 | Z12: 0 | AA12: 0 | AB12: 1.5 | AC12: 0 | AD12: 0
A13: 46209 | B13: =IF($A13="","",SUMIFS(weekly_demand!$D:$D,weekly_demand!$A:$A,B$1,weekly_demand!$C:$C,$A13)) -> 0 | C13: =IF($A13="","",SUMIFS(weekly_demand!$D:$D,weekly_demand!$A:$A,C$1,weekly_demand!$C:$C,$A13)) -> 0 | D13: =IF($A13="","",SUMIFS(weekly_demand!$D:$D,weekly_demand!$A:$A,D$1,weekly_demand!$C:$C,$A13)) -> 0 | E13: =IF($A13="","",SUMIFS(weekly_demand!$D:$D,weekly_demand!$A:$A,E$1,weekly_demand!$C:$C,$A13)) -> 0 | F13: =IF($A13="","",SUMIFS(weekly_demand!$D:$D,weekly_demand!$A:$A,F$1,weekly_demand!$C:$C,$A13)) -> 0 | G13: =IF($A13="","",SUMIFS(weekly_demand!$D:$D,weekly_demand!$A:$A,G$1,weekly_demand!$C:$C,$A13)) -> 0 | H13: =IF($A13="","",SUMPRODUCT($B13:$G13,INDEX($Y$2:$AD$16,MATCH(H$1,$X$2:$X$16,0),0))) -> 0 | I13: =IF($A13="","",SUMPRODUCT($B13:$G13,INDEX($Y$2:$AD$16,MATCH(I$1,$X$2:$X$16,0),0))) -> 0 | J13: =IF($A13="","",SUMPRODUCT($B13:$G13,INDEX($Y$2:$AD$16,MATCH(J$1,$X$2:$X$16,0),0))) -> 0 | K13: =IF($A13="","",SUMPRODUCT($B13:$G13,INDEX($Y$2:$AD$16,MATCH(K$1,$X$2:$X$16,0),0))) -> 0 | L13: =IF($A13="","",SUMPRODUCT($B13:$G13,INDEX($Y$2:$AD$16,MATCH(L$1,$X$2:$X$16,0),0))) -> 0 | M13: =IF($A13="","",SUMPRODUCT($B13:$G13,INDEX($Y$2:$AD$16,MATCH(M$1,$X$2:$X$16,0),0))) -> 0 | N13: =IF($A13="","",SUMPRODUCT($B13:$G13,INDEX($Y$2:$AD$16,MATCH(N$1,$X$2:$X$16,0),0))) -> 0 | O13: =IF($A13="","",SUMPRODUCT($B13:$G13,INDEX($Y$2:$AD$16,MATCH(O$1,$X$2:$X$16,0),0))) -> 0 | ... V13: =IF($A13="","",SUMPRODUCT($B13:$G13,INDEX($Y$2:$AD$16,MATCH(V$1,$X$2:$X$16,0),0))) -> 0 | X13: RM12 | Y13: 0 | Z13: 0 | AA13: 0 | AB13: 0 | AC13: 3 | AD13: 0
... A16: 46230 | B16: =IF($A16="","",SUMIFS(weekly_demand!$D:$D,weekly_demand!$A:$A,B$1,weekly_demand!$C:$C,$A16)) -> 0 | C16: =IF($A16="","",SUMIFS(weekly_demand!$D:$D,weekly_demand!$A:$A,C$1,weekly_demand!$C:$C,$A16)) -> 0 | D16: =IF($A16="","",SUMIFS(weekly_demand!$D:$D,weekly_demand!$A:$A,D$1,weekly_demand!$C:$C,$A16)) -> 0 | E16: =IF($A16="","",SUMIFS(weekly_demand!$D:$D,weekly_demand!$A:$A,E$1,weekly_demand!$C:$C,$A16)) -> 0 | F16: =IF($A16="","",SUMIFS(weekly_demand!$D:$D,weekly_demand!$A:$A,F$1,weekly_demand!$C:$C,$A16)) -> 0 | G16: =IF($A16="","",SUMIFS(weekly_demand!$D:$D,weekly_demand!$A:$A,G$1,weekly_demand!$C:$C,$A16)) -> 0 | H16: =IF($A16="","",SUMPRODUCT($B16:$G16,INDEX($Y$2:$AD$16,MATCH(H$1,$X$2:$X$16,0),0))) -> 0 | I16: =IF($A16="","",SUMPRODUCT($B16:$G16,INDEX($Y$2:$AD$16,MATCH(I$1,$X$2:$X$16,0),0))) -> 0 | J16: =IF($A16="","",SUMPRODUCT($B16:$G16,INDEX($Y$2:$AD$16,MATCH(J$1,$X$2:$X$16,0),0))) -> 0 | K16: =IF($A16="","",SUMPRODUCT($B16:$G16,INDEX($Y$2:$AD$16,MATCH(K$1,$X$2:$X$16,0),0))) -> 0 | L16: =IF($A16="","",SUMPRODUCT($B16:$G16,INDEX($Y$2:$AD$16,MATCH(L$1,$X$2:$X$16,0),0))) -> 0 | M16: =IF($A16="","",SUMPRODUCT($B16:$G16,INDEX($Y$2:$AD$16,MATCH(M$1,$X$2:$X$16,0),0))) -> 0 | N16: =IF($A16="","",SUMPRODUCT($B16:$G16,INDEX($Y$2:$AD$16,MATCH(N$1,$X$2:$X$16,0),0))) -> 0 | O16: =IF($A16="","",SUMPRODUCT($B16:$G16,INDEX($Y$2:$AD$16,MATCH(O$1,$X$2:$X$16,0),0))) -> 0 | ... V16: =IF($A16="","",SUMPRODUCT($B16:$G16,INDEX($Y$2:$AD$16,MATCH(V$1,$X$2:$X$16,0),0))) -> 0 | X16: RM15 | Y16: 0 | Z16: 0 | AA16: 0 | AB16: 0 | AC16: 0 | AD16: 2
A17: 46237 | B17: =IF($A17="","",SUMIFS(weekly_demand!$D:$D,weekly_demand!$A:$A,B$1,weekly_demand!$C:$C,$A17)) -> 0 | C17: =IF($A17="","",SUMIFS(weekly_demand!$D:$D,weekly_demand!$A:$A,C$1,weekly_demand!$C:$C,$A17)) -> 0 | D17: =IF($A17="","",SUMIFS(weekly_demand!$D:$D,weekly_demand!$A:$A,D$1,weekly_demand!$C:$C,$A17)) -> 0 | E17: =IF($A17="","",SUMIFS(weekly_demand!$D:$D,weekly_demand!$A:$A,E$1,weekly_demand!$C:$C,$A17)) -> 0 | F17: =IF($A17="","",SUMIFS(weekly_demand!$D:$D,weekly_demand!$A:$A,F$1,weekly_demand!$C:$C,$A17)) -> 0 | G17: =IF($A17="","",SUMIFS(weekly_demand!$D:$D,weekly_demand!$A:$A,G$1,weekly_demand!$C:$C,$A17)) -> 0 | H17: =IF($A17="","",SUMPRODUCT($B17:$G17,INDEX($Y$2:$AD$16,MATCH(H$1,$X$2:$X$16,0),0))) -> 0 | I17: =IF($A17="","",SUMPRODUCT($B17:$G17,INDEX($Y$2:$AD$16,MATCH(I$1,$X$2:$X$16,0),0))) -> 0 | J17: =IF($A17="","",SUMPRODUCT($B17:$G17,INDEX($Y$2:$AD$16,MATCH(J$1,$X$2:$X$16,0),0))) -> 0 | K17: =IF($A17="","",SUMPRODUCT($B17:$G17,INDEX($Y$2:$AD$16,MATCH(K$1,$X$2:$X$16,0),0))) -> 0 | L17: =IF($A17="","",SUMPRODUCT($B17:$G17,INDEX($Y$2:$AD$16,MATCH(L$1,$X$2:$X$16,0),0))) -> 0 | M17: =IF($A17="","",SUMPRODUCT($B17:$G17,INDEX($Y$2:$AD$16,MATCH(M$1,$X$2:$X$16,0),0))) -> 0 | N17: =IF($A17="","",SUMPRODUCT($B17:$G17,INDEX($Y$2:$AD$16,MATCH(N$1,$X$2:$X$16,0),0))) -> 0 | O17: =IF($A17="","",SUMPRODUCT($B17:$G17,INDEX($Y$2:$AD$16,MATCH(O$1,$X$2:$X$16,0),0))) -> 0 | ... V17: =IF($A17="","",SUMPRODUCT($B17:$G17,INDEX($Y$2:$AD$16,MATCH(V$1,$X$2:$X$16,0),0))) -> 0
A18: 46244 | B18: =IF($A18="","",SUMIFS(weekly_demand!$D:$D,weekly_demand!$A:$A,B$1,weekly_demand!$C:$C,$A18)) -> 0 | C18: =IF($A18="","",SUMIFS(weekly_demand!$D:$D,weekly_demand!$A:$A,C$1,weekly_demand!$C:$C,$A18)) -> 0 | D18: =IF($A18="","",SUMIFS(weekly_demand!$D:$D,weekly_demand!$A:$A,D$1,weekly_demand!$C:$C,$A18)) -> 0 | E18: =IF($A18="","",SUMIFS(weekly_demand!$D:$D,weekly_demand!$A:$A,E$1,weekly_demand!$C:$C,$A18)) -> 0 | F18: =IF($A18="","",SUMIFS(weekly_demand!$D:$D,weekly_demand!$A:$A,F$1,weekly_demand!$C:$C,$A18)) -> 0 | G18: =IF($A18="","",SUMIFS(weekly_demand!$D:$D,weekly_demand!$A:$A,G$1,weekly_demand!$C:$C,$A18)) -> 0 | H18: =IF($A18="","",SUMPRODUCT($B18:$G18,INDEX($Y$2:$AD$16,MATCH(H$1,$X$2:$X$16,0),0))) -> 0 | I18: =IF($A18="","",SUMPRODUCT($B18:$G18,INDEX($Y$2:$AD$16,MATCH(I$1,$X$2:$X$16,0),0))) -> 0 | J18: =IF($A18="","",SUMPRODUCT($B18:$G18,INDEX($Y$2:$AD$16,MATCH(J$1,$X$2:$X$16,0),0))) -> 0 | K18: =IF($A18="","",SUMPRODUCT($B18:$G18,INDEX($Y$2:$AD$16,MATCH(K$1,$X$2:$X$16,0),0))) -> 0 | L18: =IF($A18="","",SUMPRODUCT($B18:$G18,INDEX($Y$2:$AD$16,MATCH(L$1,$X$2:$X$16,0),0))) -> 0 | M18: =IF($A18="","",SUMPRODUCT($B18:$G18,INDEX($Y$2:$AD$16,MATCH(M$1,$X$2:$X$16,0),0))) -> 0 | N18: =IF($A18="","",SUMPRODUCT($B18:$G18,INDEX($Y$2:$AD$16,MATCH(N$1,$X$2:$X$16,0),0))) -> 0 | O18: =IF($A18="","",SUMPRODUCT($B18:$G18,INDEX($Y$2:$AD$16,MATCH(O$1,$X$2:$X$16,0),0))) -> 0 | ... V18: =IF($A18="","",SUMPRODUCT($B18:$G18,INDEX($Y$2:$AD$16,MATCH(V$1,$X$2:$X$16,0),0))) -> 0
A19: 46251 | B19: =IF($A19="","",SUMIFS(weekly_demand!$D:$D,weekly_demand!$A:$A,B$1,weekly_demand!$C:$C,$A19)) -> 0 | C19: =IF($A19="","",SUMIFS(weekly_demand!$D:$D,weekly_demand!$A:$A,C$1,weekly_demand!$C:$C,$A19)) -> 0 | D19: =IF($A19="","",SUMIFS(weekly_demand!$D:$D,weekly_demand!$A:$A,D$1,weekly_demand!$C:$C,$A19)) -> 0 | E19: =IF($A19="","",SUMIFS(weekly_demand!$D:$D,weekly_demand!$A:$A,E$1,weekly_demand!$C:$C,$A19)) -> 0 | F19: =IF($A19="","",SUMIFS(weekly_demand!$D:$D,weekly_demand!$A:$A,F$1,weekly_demand!$C:$C,$A19)) -> 0 | G19: =IF($A19="","",SUMIFS(weekly_demand!$D:$D,weekly_demand!$A:$A,G$1,weekly_demand!$C:$C,$A19)) -> 0 | H19: =IF($A19="","",SUMPRODUCT($B19:$G19,INDEX($Y$2:$AD$16,MATCH(H$1,$X$2:$X$16,0),0))) -> 0 | I19: =IF($A19="","",SUMPRODUCT($B19:$G19,INDEX($Y$2:$AD$16,MATCH(I$1,$X$2:$X$16,0),0))) -> 0 | J19: =IF($A19="","",SUMPRODUCT($B19:$G19,INDEX($Y$2:$AD$16,MATCH(J$1,$X$2:$X$16,0),0))) -> 0 | K19: =IF($A19="","",SUMPRODUCT($B19:$G19,INDEX($Y$2:$AD$16,MATCH(K$1,$X$2:$X$16,0),0))) -> 0 | L19: =IF($A19="","",SUMPRODUCT($B19:$G19,INDEX($Y$2:$AD$16,MATCH(L$1,$X$2:$X$16,0),0))) -> 0 | M19: =IF($A19="","",SUMPRODUCT($B19:$G19,INDEX($Y$2:$AD$16,MATCH(M$1,$X$2:$X$16,0),0))) -> 0 | N19: =IF($A19="","",SUMPRODUCT($B19:$G19,INDEX($Y$2:$AD$16,MATCH(N$1,$X$2:$X$16,0),0))) -> 0 | O19: =IF($A19="","",SUMPRODUCT($B19:$G19,INDEX($Y$2:$AD$16,MATCH(O$1,$X$2:$X$16,0),0))) -> 0 | ... V19: =IF($A19="","",SUMPRODUCT($B19:$G19,INDEX($Y$2:$AD$16,MATCH(V$1,$X$2:$X$16,0),0))) -> 0
A20: 46258 | B20: =IF($A20="","",SUMIFS(weekly_demand!$D:$D,weekly_demand!$A:$A,B$1,weekly_demand!$C:$C,$A20)) -> 0 | C20: =IF($A20="","",SUMIFS(weekly_demand!$D:$D,weekly_demand!$A:$A,C$1,weekly_demand!$C:$C,$A20)) -> 0 | D20: =IF($A20="","",SUMIFS(weekly_demand!$D:$D,weekly_demand!$A:$A,D$1,weekly_demand!$C:$C,$A20)) -> 0 | E20: =IF($A20="","",SUMIFS(weekly_demand!$D:$D,weekly_demand!$A:$A,E$1,weekly_demand!$C:$C,$A20)) -> 0 | F20: =IF($A20="","",SUMIFS(weekly_demand!$D:$D,weekly_demand!$A:$A,F$1,weekly_demand!$C:$C,$A20)) -> 0 | G20: =IF($A20="","",SUMIFS(weekly_demand!$D:$D,weekly_demand!$A:$A,G$1,weekly_demand!$C:$C,$A20)) -> 0 | H20: =IF($A20="","",SUMPRODUCT($B20:$G20,INDEX($Y$2:$AD$16,MATCH(H$1,$X$2:$X$16,0),0))) -> 0 | I20: =IF($A20="","",SUMPRODUCT($B20:$G20,INDEX($Y$2:$AD$16,MATCH(I$1,$X$2:$X$16,0),0))) -> 0 | J20: =IF($A20="","",SUMPRODUCT($B20:$G20,INDEX($Y$2:$AD$16,MATCH(J$1,$X$2:$X$16,0),0))) -> 0 | K20: =IF($A20="","",SUMPRODUCT($B20:$G20,INDEX($Y$2:$AD$16,MATCH(K$1,$X$2:$X$16,0),0))) -> 0 | L20: =IF($A20="","",SUMPRODUCT($B20:$G20,INDEX($Y$2:$AD$16,MATCH(L$1,$X$2:$X$16,0),0))) -> 0 | M20: =IF($A20="","",SUMPRODUCT($B20:$G20,INDEX($Y$2:$AD$16,MATCH(M$1,$X$2:$X$16,0),0))) -> 0 | N20: =IF($A20="","",SUMPRODUCT($B20:$G20,INDEX($Y$2:$AD$16,MATCH(N$1,$X$2:$X$16,0),0))) -> 0 | O20: =IF($A20="","",SUMPRODUCT($B20:$G20,INDEX($Y$2:$AD$16,MATCH(O$1,$X$2:$X$16,0),0))) -> 0 | ... V20: =IF($A20="","",SUMPRODUCT($B20:$G20,INDEX($Y$2:$AD$16,MATCH(V$1,$X$2:$X$16,0),0))) -> 0
A21: 46265 | B21: =IF($A21="","",SUMIFS(weekly_demand!$D:$D,weekly_demand!$A:$A,B$1,weekly_demand!$C:$C,$A21)) -> 0 | C21: =IF($A21="","",SUMIFS(weekly_demand!$D:$D,weekly_demand!$A:$A,C$1,weekly_demand!$C:$C,$A21)) -> 0 | D21: =IF($A21="","",SUMIFS(weekly_demand!$D:$D,weekly_demand!$A:$A,D$1,weekly_demand!$C:$C,$A21)) -> 0 | E21: =IF($A21="","",SUMIFS(weekly_demand!$D:$D,weekly_demand!$A:$A,E$1,weekly_demand!$C:$C,$A21)) -> 0 | F21: =IF($A21="","",SUMIFS(weekly_demand!$D:$D,weekly_demand!$A:$A,F$1,weekly_demand!$C:$C,$A21)) -> 0 | G21: =IF($A21="","",SUMIFS(weekly_demand!$D:$D,weekly_demand!$A:$A,G$1,weekly_demand!$C:$C,$A21)) -> 0 | H21: =IF($A21="","",SUMPRODUCT($B21:$G21,INDEX($Y$2:$AD$16,MATCH(H$1,$X$2:$X$16,0),0))) -> 0 | I21: =IF($A21="","",SUMPRODUCT($B21:$G21,INDEX($Y$2:$AD$16,MATCH(I$1,$X$2:$X$16,0),0))) -> 0 | J21: =IF($A21="","",SUMPRODUCT($B21:$G21,INDEX($Y$2:$AD$16,MATCH(J$1,$X$2:$X$16,0),0))) -> 0 | K21: =IF($A21="","",SUMPRODUCT($B21:$G21,INDEX($Y$2:$AD$16,MATCH(K$1,$X$2:$X$16,0),0))) -> 0 | L21: =IF($A21="","",SUMPRODUCT($B21:$G21,INDEX($Y$2:$AD$16,MATCH(L$1,$X$2:$X$16,0),0))) -> 0 | M21: =IF($A21="","",SUMPRODUCT($B21:$G21,INDEX($Y$2:$AD$16,MATCH(M$1,$X$2:$X$16,0),0))) -> 0 | N21: =IF($A21="","",SUMPRODUCT($B21:$G21,INDEX($Y$2:$AD$16,MATCH(N$1,$X$2:$X$16,0),0))) -> 0 | O21: =IF($A21="","",SUMPRODUCT($B21:$G21,INDEX($Y$2:$AD$16,MATCH(O$1,$X$2:$X$16,0),0))) -> 0 | ... V21: =IF($A21="","",SUMPRODUCT($B21:$G21,INDEX($Y$2:$AD$16,MATCH(V$1,$X$2:$X$16,0),0))) -> 0
A22: 46272 | B22: =IF($A22="","",SUMIFS(weekly_demand!$D:$D,weekly_demand!$A:$A,B$1,weekly_demand!$C:$C,$A22)) -> 0 | C22: =IF($A22="","",SUMIFS(weekly_demand!$D:$D,weekly_demand!$A:$A,C$1,weekly_demand!$C:$C,$A22)) -> 0 | D22: =IF($A22="","",SUMIFS(weekly_demand!$D:$D,weekly_demand!$A:$A,D$1,weekly_demand!$C:$C,$A22)) -> 0 | E22: =IF($A22="","",SUMIFS(weekly_demand!$D:$D,weekly_demand!$A:$A,E$1,weekly_demand!$C:$C,$A22)) -> 0 | F22: =IF($A22="","",SUMIFS(weekly_demand!$D:$D,weekly_demand!$A:$A,F$1,weekly_demand!$C:$C,$A22)) -> 0 | G22: =IF($A22="","",SUMIFS(weekly_demand!$D:$D,weekly_demand!$A:$A,G$1,weekly_demand!$C:$C,$A22)) -> 0 | H22: =IF($A22="","",SUMPRODUCT($B22:$G22,INDEX($Y$2:$AD$16,MATCH(H$1,$X$2:$X$16,0),0))) -> 0 | I22: =IF($A22="","",SUMPRODUCT($B22:$G22,INDEX($Y$2:$AD$16,MATCH(I$1,$X$2:$X$16,0),0))) -> 0 | J22: =IF($A22="","",SUMPRODUCT($B22:$G22,INDEX($Y$2:$AD$16,MATCH(J$1,$X$2:$X$16,0),0))) -> 0 | K22: =IF($A22="","",SUMPRODUCT($B22:$G22,INDEX($Y$2:$AD$16,MATCH(K$1,$X$2:$X$16,0),0))) -> 0 | L22: =IF($A22="","",SUMPRODUCT($B22:$G22,INDEX($Y$2:$AD$16,MATCH(L$1,$X$2:$X$16,0),0))) -> 0 | M22: =IF($A22="","",SUMPRODUCT($B22:$G22,INDEX($Y$2:$AD$16,MATCH(M$1,$X$2:$X$16,0),0))) -> 0 | N22: =IF($A22="","",SUMPRODUCT($B22:$G22,INDEX($Y$2:$AD$16,MATCH(N$1,$X$2:$X$16,0),0))) -> 0 | O22: =IF($A22="","",SUMPRODUCT($B22:$G22,INDEX($Y$2:$AD$16,MATCH(O$1,$X$2:$X$16,0),0))) -> 0 | ... V22: =IF($A22="","",SUMPRODUCT($B22:$G22,INDEX($Y$2:$AD$16,MATCH(V$1,$X$2:$X$16,0),0))) -> 0
A23: 46279 | B23: =IF($A23="","",SUMIFS(weekly_demand!$D:$D,weekly_demand!$A:$A,B$1,weekly_demand!$C:$C,$A23)) -> 0 | C23: =IF($A23="","",SUMIFS(weekly_demand!$D:$D,weekly_demand!$A:$A,C$1,weekly_demand!$C:$C,$A23)) -> 0 | D23: =IF($A23="","",SUMIFS(weekly_demand!$D:$D,weekly_demand!$A:$A,D$1,weekly_demand!$C:$C,$A23)) -> 0 | E23: =IF($A23="","",SUMIFS(weekly_demand!$D:$D,weekly_demand!$A:$A,E$1,weekly_demand!$C:$C,$A23)) -> 0 | F23: =IF($A23="","",SUMIFS(weekly_demand!$D:$D,weekly_demand!$A:$A,F$1,weekly_demand!$C:$C,$A23)) -> 0 | G23: =IF($A23="","",SUMIFS(weekly_demand!$D:$D,weekly_demand!$A:$A,G$1,weekly_demand!$C:$C,$A23)) -> 0 | H23: =IF($A23="","",SUMPRODUCT($B23:$G23,INDEX($Y$2:$AD$16,MATCH(H$1,$X$2:$X$16,0),0))) -> 0 | I23: =IF($A23="","",SUMPRODUCT($B23:$G23,INDEX($Y$2:$AD$16,MATCH(I$1,$X$2:$X$16,0),0))) -> 0 | J23: =IF($A23="","",SUMPRODUCT($B23:$G23,INDEX($Y$2:$AD$16,MATCH(J$1,$X$2:$X$16,0),0))) -> 0 | K23: =IF($A23="","",SUMPRODUCT($B23:$G23,INDEX($Y$2:$AD$16,MATCH(K$1,$X$2:$X$16,0),0))) -> 0 | L23: =IF($A23="","",SUMPRODUCT($B23:$G23,INDEX($Y$2:$AD$16,MATCH(L$1,$X$2:$X$16,0),0))) -> 0 | M23: =IF($A23="","",SUMPRODUCT($B23:$G23,INDEX($Y$2:$AD$16,MATCH(M$1,$X$2:$X$16,0),0))) -> 0 | N23: =IF($A23="","",SUMPRODUCT($B23:$G23,INDEX($Y$2:$AD$16,MATCH(N$1,$X$2:$X$16,0),0))) -> 0 | O23: =IF($A23="","",SUMPRODUCT($B23:$G23,INDEX($Y$2:$AD$16,MATCH(O$1,$X$2:$X$16,0),0))) -> 0 | ... V23: =IF($A23="","",SUMPRODUCT($B23:$G23,INDEX($Y$2:$AD$16,MATCH(V$1,$X$2:$X$16,0),0))) -> 0
A24: 46286 | B24: =IF($A24="","",SUMIFS(weekly_demand!$D:$D,weekly_demand!$A:$A,B$1,weekly_demand!$C:$C,$A24)) -> 0 | C24: =IF($A24="","",SUMIFS(weekly_demand!$D:$D,weekly_demand!$A:$A,C$1,weekly_demand!$C:$C,$A24)) -> 0 | D24: =IF($A24="","",SUMIFS(weekly_demand!$D:$D,weekly_demand!$A:$A,D$1,weekly_demand!$C:$C,$A24)) -> 0 | E24: =IF($A24="","",SUMIFS(weekly_demand!$D:$D,weekly_demand!$A:$A,E$1,weekly_demand!$C:$C,$A24)) -> 0 | F24: =IF($A24="","",SUMIFS(weekly_demand!$D:$D,weekly_demand!$A:$A,F$1,weekly_demand!$C:$C,$A24)) -> 0 | G24: =IF($A24="","",SUMIFS(weekly_demand!$D:$D,weekly_demand!$A:$A,G$1,weekly_demand!$C:$C,$A24)) -> 0 | H24: =IF($A24="","",SUMPRODUCT($B24:$G24,INDEX($Y$2:$AD$16,MATCH(H$1,$X$2:$X$16,0),0))) -> 0 | I24: =IF($A24="","",SUMPRODUCT($B24:$G24,INDEX($Y$2:$AD$16,MATCH(I$1,$X$2:$X$16,0),0))) -> 0 | J24: =IF($A24="","",SUMPRODUCT($B24:$G24,INDEX($Y$2:$AD$16,MATCH(J$1,$X$2:$X$16,0),0))) -> 0 | K24: =IF($A24="","",SUMPRODUCT($B24:$G24,INDEX($Y$2:$AD$16,MATCH(K$1,$X$2:$X$16,0),0))) -> 0 | L24: =IF($A24="","",SUMPRODUCT($B24:$G24,INDEX($Y$2:$AD$16,MATCH(L$1,$X$2:$X$16,0),0))) -> 0 | M24: =IF($A24="","",SUMPRODUCT($B24:$G24,INDEX($Y$2:$AD$16,MATCH(M$1,$X$2:$X$16,0),0))) -> 0 | N24: =IF($A24="","",SUMPRODUCT($B24:$G24,INDEX($Y$2:$AD$16,MATCH(N$1,$X$2:$X$16,0),0))) -> 0 | O24: =IF($A24="","",SUMPRODUCT($B24:$G24,INDEX($Y$2:$AD$16,MATCH(O$1,$X$2:$X$16,0),0))) -> 0 | ... V24: =IF($A24="","",SUMPRODUCT($B24:$G24,INDEX($Y$2:$AD$16,MATCH(V$1,$X$2:$X$16,0),0))) -> 0
A25: 46293 | B25: =IF($A25="","",SUMIFS(weekly_demand!$D:$D,weekly_demand!$A:$A,B$1,weekly_demand!$C:$C,$A25)) -> 0 | C25: =IF($A25="","",SUMIFS(weekly_demand!$D:$D,weekly_demand!$A:$A,C$1,weekly_demand!$C:$C,$A25)) -> 0 | D25: =IF($A25="","",SUMIFS(weekly_demand!$D:$D,weekly_demand!$A:$A,D$1,weekly_demand!$C:$C,$A25)) -> 0 | E25: =IF($A25="","",SUMIFS(weekly_demand!$D:$D,weekly_demand!$A:$A,E$1,weekly_demand!$C:$C,$A25)) -> 0 | F25: =IF($A25="","",SUMIFS(weekly_demand!$D:$D,weekly_demand!$A:$A,F$1,weekly_demand!$C:$C,$A25)) -> 0 | G25: =IF($A25="","",SUMIFS(weekly_demand!$D:$D,weekly_demand!$A:$A,G$1,weekly_demand!$C:$C,$A25)) -> 0 | H25: =IF($A25="","",SUMPRODUCT($B25:$G25,INDEX($Y$2:$AD$16,MATCH(H$1,$X$2:$X$16,0),0))) -> 0 | I25: =IF($A25="","",SUMPRODUCT($B25:$G25,INDEX($Y$2:$AD$16,MATCH(I$1,$X$2:$X$16,0),0))) -> 0 | J25: =IF($A25="","",SUMPRODUCT($B25:$G25,INDEX($Y$2:$AD$16,MATCH(J$1,$X$2:$X$16,0),0))) -> 0 | K25: =IF($A25="","",SUMPRODUCT($B25:$G25,INDEX($Y$2:$AD$16,MATCH(K$1,$X$2:$X$16,0),0))) -> 0 | L25: =IF($A25="","",SUMPRODUCT($B25:$G25,INDEX($Y$2:$AD$16,MATCH(L$1,$X$2:$X$16,0),0))) -> 0 | M25: =IF($A25="","",SUMPRODUCT($B25:$G25,INDEX($Y$2:$AD$16,MATCH(M$1,$X$2:$X$16,0),0))) -> 0 | N25: =IF($A25="","",SUMPRODUCT($B25:$G25,INDEX($Y$2:$AD$16,MATCH(N$1,$X$2:$X$16,0),0))) -> 0 | O25: =IF($A25="","",SUMPRODUCT($B25:$G25,INDEX($Y$2:$AD$16,MATCH(O$1,$X$2:$X$16,0),0))) -> 0 | ... V25: =IF($A25="","",SUMPRODUCT($B25:$G25,INDEX($Y$2:$AD$16,MATCH(V$1,$X$2:$X$16,0),0))) -> 0
A26: 46300 | B26: =IF($A26="","",SUMIFS(weekly_demand!$D:$D,weekly_demand!$A:$A,B$1,weekly_demand!$C:$C,$A26)) -> 0 | C26: =IF($A26="","",SUMIFS(weekly_demand!$D:$D,weekly_demand!$A:$A,C$1,weekly_demand!$C:$C,$A26)) -> 0 | D26: =IF($A26="","",SUMIFS(weekly_demand!$D:$D,weekly_demand!$A:$A,D$1,weekly_demand!$C:$C,$A26)) -> 0 | E26: =IF($A26="","",SUMIFS(weekly_demand!$D:$D,weekly_demand!$A:$A,E$1,weekly_demand!$C:$C,$A26)) -> 0 | F26: =IF($A26="","",SUMIFS(weekly_demand!$D:$D,weekly_demand!$A:$A,F$1,weekly_demand!$C:$C,$A26)) -> 0 | G26: =IF($A26="","",SUMIFS(weekly_demand!$D:$D,weekly_demand!$A:$A,G$1,weekly_demand!$C:$C,$A26)) -> 0 | H26: =IF($A26="","",SUMPRODUCT($B26:$G26,INDEX($Y$2:$AD$16,MATCH(H$1,$X$2:$X$16,0),0))) -> 0 | I26: =IF($A26="","",SUMPRODUCT($B26:$G26,INDEX($Y$2:$AD$16,MATCH(I$1,$X$2:$X$16,0),0))) -> 0 | J26: =IF($A26="","",SUMPRODUCT($B26:$G26,INDEX($Y$2:$AD$16,MATCH(J$1,$X$2:$X$16,0),0))) -> 0 | K26: =IF($A26="","",SUMPRODUCT($B26:$G26,INDEX($Y$2:$AD$16,MATCH(K$1,$X$2:$X$16,0),0))) -> 0 | L26: =IF($A26="","",SUMPRODUCT($B26:$G26,INDEX($Y$2:$AD$16,MATCH(L$1,$X$2:$X$16,0),0))) -> 0 | M26: =IF($A26="","",SUMPRODUCT($B26:$G26,INDEX($Y$2:$AD$16,MATCH(M$1,$X$2:$X$16,0),0))) -> 0 | N26: =IF($A26="","",SUMPRODUCT($B26:$G26,INDEX($Y$2:$AD$16,MATCH(N$1,$X$2:$X$16,0),0))) -> 0 | O26: =IF($A26="","",SUMPRODUCT($B26:$G26,INDEX($Y$2:$AD$16,MATCH(O$1,$X$2:$X$16,0),0))) -> 0 | ... V26: =IF($A26="","",SUMPRODUCT($B26:$G26,INDEX($Y$2:$AD$16,MATCH(V$1,$X$2:$X$16,0),0))) -> 0
A27: 46307 | B27: =IF($A27="","",SUMIFS(weekly_demand!$D:$D,weekly_demand!$A:$A,B$1,weekly_demand!$C:$C,$A27)) -> 0 | C27: =IF($A27="","",SUMIFS(weekly_demand!$D:$D,weekly_demand!$A:$A,C$1,weekly_demand!$C:$C,$A27)) -> 0 | D27: =IF($A27="","",SUMIFS(weekly_demand!$D:$D,weekly_demand!$A:$A,D$1,weekly_demand!$C:$C,$A27)) -> 0 | E27: =IF($A27="","",SUMIFS(weekly_demand!$D:$D,weekly_demand!$A:$A,E$1,weekly_demand!$C:$C,$A27)) -> 0 | F27: =IF($A27="","",SUMIFS(weekly_demand!$D:$D,weekly_demand!$A:$A,F$1,weekly_demand!$C:$C,$A27)) -> 0 | G27: =IF($A27="","",SUMIFS(weekly_demand!$D:$D,weekly_demand!$A:$A,G$1,weekly_demand!$C:$C,$A27)) -> 0 | H27: =IF($A27="","",SUMPRODUCT($B27:$G27,INDEX($Y$2:$AD$16,MATCH(H$1,$X$2:$X$16,0),0))) -> 0 | I27: =IF($A27="","",SUMPRODUCT($B27:$G27,INDEX($Y$2:$AD$16,MATCH(I$1,$X$2:$X$16,0),0))) -> 0 | J27: =IF($A27="","",SUMPRODUCT($B27:$G27,INDEX($Y$2:$AD$16,MATCH(J$1,$X$2:$X$16,0),0))) -> 0 | K27: =IF($A27="","",SUMPRODUCT($B27:$G27,INDEX($Y$2:$AD$16,MATCH(K$1,$X$2:$X$16,0),0))) -> 0 | L27: =IF($A27="","",SUMPRODUCT($B27:$G27,INDEX($Y$2:$AD$16,MATCH(L$1,$X$2:$X$16,0),0))) -> 0 | M27: =IF($A27="","",SUMPRODUCT($B27:$G27,INDEX($Y$2:$AD$16,MATCH(M$1,$X$2:$X$16,0),0))) -> 0 | N27: =IF($A27="","",SUMPRODUCT($B27:$G27,INDEX($Y$2:$AD$16,MATCH(N$1,$X$2:$X$16,0),0))) -> 0 | O27: =IF($A27="","",SUMPRODUCT($B27:$G27,INDEX($Y$2:$AD$16,MATCH(O$1,$X$2:$X$16,0),0))) -> 0 | ... V27: =IF($A27="","",SUMPRODUCT($B27:$G27,INDEX($Y$2:$AD$16,MATCH(V$1,$X$2:$X$16,0),0))) -> 0
A28: 46314 | B28: =IF($A28="","",SUMIFS(weekly_demand!$D:$D,weekly_demand!$A:$A,B$1,weekly_demand!$C:$C,$A28)) -> 0 | C28: =IF($A28="","",SUMIFS(weekly_demand!$D:$D,weekly_demand!$A:$A,C$1,weekly_demand!$C:$C,$A28)) -> 0 | D28: =IF($A28="","",SUMIFS(weekly_demand!$D:$D,weekly_demand!$A:$A,D$1,weekly_demand!$C:$C,$A28)) -> 0 | E28: =IF($A28="","",SUMIFS(weekly_demand!$D:$D,weekly_demand!$A:$A,E$1,weekly_demand!$C:$C,$A28)) -> 0 | F28: =IF($A28="","",SUMIFS(weekly_demand!$D:$D,weekly_demand!$A:$A,F$1,weekly_demand!$C:$C,$A28)) -> 0 | G28: =IF($A28="","",SUMIFS(weekly_demand!$D:$D,weekly_demand!$A:$A,G$1,weekly_demand!$C:$C,$A28)) -> 0 | H28: =IF($A28="","",SUMPRODUCT($B28:$G28,INDEX($Y$2:$AD$16,MATCH(H$1,$X$2:$X$16,0),0))) -> 0 | I28: =IF($A28="","",SUMPRODUCT($B28:$G28,INDEX($Y$2:$AD$16,MATCH(I$1,$X$2:$X$16,0),0))) -> 0 | J28: =IF($A28="","",SUMPRODUCT($B28:$G28,INDEX($Y$2:$AD$16,MATCH(J$1,$X$2:$X$16,0),0))) -> 0 | K28: =IF($A28="","",SUMPRODUCT($B28:$G28,INDEX($Y$2:$AD$16,MATCH(K$1,$X$2:$X$16,0),0))) -> 0 | L28: =IF($A28="","",SUMPRODUCT($B28:$G28,INDEX($Y$2:$AD$16,MATCH(L$1,$X$2:$X$16,0),0))) -> 0 | M28: =IF($A28="","",SUMPRODUCT($B28:$G28,INDEX($Y$2:$AD$16,MATCH(M$1,$X$2:$X$16,0),0))) -> 0 | N28: =IF($A28="","",SUMPRODUCT($B28:$G28,INDEX($Y$2:$AD$16,MATCH(N$1,$X$2:$X$16,0),0))) -> 0 | O28: =IF($A28="","",SUMPRODUCT($B28:$G28,INDEX($Y$2:$AD$16,MATCH(O$1,$X$2:$X$16,0),0))) -> 0 | ... V28: =IF($A28="","",SUMPRODUCT($B28:$G28,INDEX($Y$2:$AD$16,MATCH(V$1,$X$2:$X$16,0),0))) -> 0
... A36: 46370 | B36: =IF($A36="","",SUMIFS(weekly_demand!$D:$D,weekly_demand!$A:$A,B$1,weekly_demand!$C:$C,$A36)) -> 0 | C36: =IF($A36="","",SUMIFS(weekly_demand!$D:$D,weekly_demand!$A:$A,C$1,weekly_demand!$C:$C,$A36)) -> 0 | D36: =IF($A36="","",SUMIFS(weekly_demand!$D:$D,weekly_demand!$A:$A,D$1,weekly_demand!$C:$C,$A36)) -> 0 | E36: =IF($A36="","",SUMIFS(weekly_demand!$D:$D,weekly_demand!$A:$A,E$1,weekly_demand!$C:$C,$A36)) -> 0 | F36: =IF($A36="","",SUMIFS(weekly_demand!$D:$D,weekly_demand!$A:$A,F$1,weekly_demand!$C:$C,$A36)) -> 0 | G36: =IF($A36="","",SUMIFS(weekly_demand!$D:$D,weekly_demand!$A:$A,G$1,weekly_demand!$C:$C,$A36)) -> 0 | H36: =IF($A36="","",SUMPRODUCT($B36:$G36,INDEX($Y$2:$AD$16,MATCH(H$1,$X$2:$X$16,0),0))) -> 0 | I36: =IF($A36="","",SUMPRODUCT($B36:$G36,INDEX($Y$2:$AD$16,MATCH(I$1,$X$2:$X$16,0),0))) -> 0 | J36: =IF($A36="","",SUMPRODUCT($B36:$G36,INDEX($Y$2:$AD$16,MATCH(J$1,$X$2:$X$16,0),0))) -> 0 | K36: =IF($A36="","",SUMPRODUCT($B36:$G36,INDEX($Y$2:$AD$16,MATCH(K$1,$X$2:$X$16,0),0))) -> 0 | L36: =IF($A36="","",SUMPRODUCT($B36:$G36,INDEX($Y$2:$AD$16,MATCH(L$1,$X$2:$X$16,0),0))) -> 0 | M36: =IF($A36="","",SUMPRODUCT($B36:$G36,INDEX($Y$2:$AD$16,MATCH(M$1,$X$2:$X$16,0),0))) -> 0 | N36: =IF($A36="","",SUMPRODUCT($B36:$G36,INDEX($Y$2:$AD$16,MATCH(N$1,$X$2:$X$16,0),0))) -> 0 | O36: =IF($A36="","",SUMPRODUCT($B36:$G36,INDEX($Y$2:$AD$16,MATCH(O$1,$X$2:$X$16,0),0))) -> 0 | ... V36: =IF($A36="","",SUMPRODUCT($B36:$G36,INDEX($Y$2:$AD$16,MATCH(V$1,$X$2:$X$16,0),0))) -> 0
B37: =IF($A37="","",SUMIFS([2]weekly_demand!$D:$D,[2]weekly_demand!$A:$A,B$1,[2]weekly_demand!$C:$C,$A37)) | C37: =IF($A37="","",SUMIFS([2]weekly_demand!$D:$D,[2]weekly_demand!$A:$A,C$1,[2]weekly_demand!$C:$C,$A37)) | D37: =IF($A37="","",SUMIFS([2]weekly_demand!$D:$D,[2]weekly_demand!$A:$A,D$1,[2]weekly_demand!$C:$C,$A37)) | E37: =IF($A37="","",SUMIFS([2]weekly_demand!$D:$D,[2]weekly_demand!$A:$A,E$1,[2]weekly_demand!$C:$C,$A37)) | F37: =IF($A37="","",SUMIFS([2]weekly_demand!$D:$D,[2]weekly_demand!$A:$A,F$1,[2]weekly_demand!$C:$C,$A37)) | G37: =IF($A37="","",SUMIFS([2]weekly_demand!$D:$D,[2]weekly_demand!$A:$A,G$1,[2]weekly_demand!$C:$C,$A37)) | H37: =IF($A37="","",SUMPRODUCT($B37:$G37,INDEX($Y$2:$AD$16,MATCH(H$1,$X$2:$X$16,0),0))) | I37: =IF($A37="","",SUMPRODUCT($B37:$G37,INDEX($Y$2:$AD$16,MATCH(I$1,$X$2:$X$16,0),0))) | J37: =IF($A37="","",SUMPRODUCT($B37:$G37,INDEX($Y$2:$AD$16,MATCH(J$1,$X$2:$X$16,0),0))) | K37: =IF($A37="","",SUMPRODUCT($B37:$G37,INDEX($Y$2:$AD$16,MATCH(K$1,$X$2:$X$16,0),0))) | L37: =IF($A37="","",SUMPRODUCT($B37:$G37,INDEX($Y$2:$AD$16,MATCH(L$1,$X$2:$X$16,0),0))) | M37: =IF($A37="","",SUMPRODUCT($B37:$G37,INDEX($Y$2:$AD$16,MATCH(M$1,$X$2:$X$16,0),0))) | N37: =IF($A37="","",SUMPRODUCT($B37:$G37,INDEX($Y$2:$AD$16,MATCH(N$1,$X$2:$X$16,0),0))) | O37: =IF($A37="","",SUMPRODUCT($B37:$G37,INDEX($Y$2:$AD$16,MATCH(O$1,$X$2:$X$16,0),0))) | ... V37: =IF($A37="","",SUMPRODUCT($B37:$G37,INDEX($Y$2:$AD$16,MATCH(V$1,$X$2:$X$16,0),0)))
B38: =IF($A38="","",SUMIFS([2]weekly_demand!$D:$D,[2]weekly_demand!$A:$A,B$1,[2]weekly_demand!$C:$C,$A38)) | C38: =IF($A38="","",SUMIFS([2]weekly_demand!$D:$D,[2]weekly_demand!$A:$A,C$1,[2]weekly_demand!$C:$C,$A38)) | D38: =IF($A38="","",SUMIFS([2]weekly_demand!$D:$D,[2]weekly_demand!$A:$A,D$1,[2]weekly_demand!$C:$C,$A38)) | E38: =IF($A38="","",SUMIFS([2]weekly_demand!$D:$D,[2]weekly_demand!$A:$A,E$1,[2]weekly_demand!$C:$C,$A38)) | F38: =IF($A38="","",SUMIFS([2]weekly_demand!$D:$D,[2]weekly_demand!$A:$A,F$1,[2]weekly_demand!$C:$C,$A38)) | G38: =IF($A38="","",SUMIFS([2]weekly_demand!$D:$D,[2]weekly_demand!$A:$A,G$1,[2]weekly_demand!$C:$C,$A38)) | H38: =IF($A38="","",SUMPRODUCT($B38:$G38,INDEX($Y$2:$AD$16,MATCH(H$1,$X$2:$X$16,0),0))) | I38: =IF($A38="","",SUMPRODUCT($B38:$G38,INDEX($Y$2:$AD$16,MATCH(I$1,$X$2:$X$16,0),0))) | J38: =IF($A38="","",SUMPRODUCT($B38:$G38,INDEX($Y$2:$AD$16,MATCH(J$1,$X$2:$X$16,0),0))) | K38: =IF($A38="","",SUMPRODUCT($B38:$G38,INDEX($Y$2:$AD$16,MATCH(K$1,$X$2:$X$16,0),0))) | L38: =IF($A38="","",SUMPRODUCT($B38:$G38,INDEX($Y$2:$AD$16,MATCH(L$1,$X$2:$X$16,0),0))) | M38: =IF($A38="","",SUMPRODUCT($B38:$G38,INDEX($Y$2:$AD$16,MATCH(M$1,$X$2:$X$16,0),0))) | N38: =IF($A38="","",SUMPRODUCT($B38:$G38,INDEX($Y$2:$AD$16,MATCH(N$1,$X$2:$X$16,0),0))) | O38: =IF($A38="","",SUMPRODUCT($B38:$G38,INDEX($Y$2:$AD$16,MATCH(O$1,$X$2:$X$16,0),0))) | ... V38: =IF($A38="","",SUMPRODUCT($B38:$G38,INDEX($Y$2:$AD$16,MATCH(V$1,$X$2:$X$16,0),0)))
B39: =IF($A39="","",SUMIFS([2]weekly_demand!$D:$D,[2]weekly_demand!$A:$A,B$1,[2]weekly_demand!$C:$C,$A39)) | C39: =IF($A39="","",SUMIFS([2]weekly_demand!$D:$D,[2]weekly_demand!$A:$A,C$1,[2]weekly_demand!$C:$C,$A39)) | D39: =IF($A39="","",SUMIFS([2]weekly_demand!$D:$D,[2]weekly_demand!$A:$A,D$1,[2]weekly_demand!$C:$C,$A39)) | E39: =IF($A39="","",SUMIFS([2]weekly_demand!$D:$D,[2]weekly_demand!$A:$A,E$1,[2]weekly_demand!$C:$C,$A39)) | F39: =IF($A39="","",SUMIFS([2]weekly_demand!$D:$D,[2]weekly_demand!$A:$A,F$1,[2]weekly_demand!$C:$C,$A39)) | G39: =IF($A39="","",SUMIFS([2]weekly_demand!$D:$D,[2]weekly_demand!$A:$A,G$1,[2]weekly_demand!$C:$C,$A39)) | H39: =IF($A39="","",SUMPRODUCT($B39:$G39,INDEX($Y$2:$AD$16,MATCH(H$1,$X$2:$X$16,0),0))) | I39: =IF($A39="","",SUMPRODUCT($B39:$G39,INDEX($Y$2:$AD$16,MATCH(I$1,$X$2:$X$16,0),0))) | J39: =IF($A39="","",SUMPRODUCT($B39:$G39,INDEX($Y$2:$AD$16,MATCH(J$1,$X$2:$X$16,0),0))) | K39: =IF($A39="","",SUMPRODUCT($B39:$G39,INDEX($Y$2:$AD$16,MATCH(K$1,$X$2:$X$16,0),0))) | L39: =IF($A39="","",SUMPRODUCT($B39:$G39,INDEX($Y$2:$AD$16,MATCH(L$1,$X$2:$X$16,0),0))) | M39: =IF($A39="","",SUMPRODUCT($B39:$G39,INDEX($Y$2:$AD$16,MATCH(M$1,$X$2:$X$16,0),0))) | N39: =IF($A39="","",SUMPRODUCT($B39:$G39,INDEX($Y$2:$AD$16,MATCH(N$1,$X$2:$X$16,0),0))) | O39: =IF($A39="","",SUMPRODUCT($B39:$G39,INDEX($Y$2:$AD$16,MATCH(O$1,$X$2:$X$16,0),0))) | ... V39: =IF($A39="","",SUMPRODUCT($B39:$G39,INDEX($Y$2:$AD$16,MATCH(V$1,$X$2:$X$16,0),0)))
B40: =IF($A40="","",SUMIFS([2]weekly_demand!$D:$D,[2]weekly_demand!$A:$A,B$1,[2]weekly_demand!$C:$C,$A40)) | C40: =IF($A40="","",SUMIFS([2]weekly_demand!$D:$D,[2]weekly_demand!$A:$A,C$1,[2]weekly_demand!$C:$C,$A40)) | D40: =IF($A40="","",SUMIFS([2]weekly_demand!$D:$D,[2]weekly_demand!$A:$A,D$1,[2]weekly_demand!$C:$C,$A40)) | E40: =IF($A40="","",SUMIFS([2]weekly_demand!$D:$D,[2]weekly_demand!$A:$A,E$1,[2]weekly_demand!$C:$C,$A40)) | F40: =IF($A40="","",SUMIFS([2]weekly_demand!$D:$D,[2]weekly_demand!$A:$A,F$1,[2]weekly_demand!$C:$C,$A40)) | G40: =IF($A40="","",SUMIFS([2]weekly_demand!$D:$D,[2]weekly_demand!$A:$A,G$1,[2]weekly_demand!$C:$C,$A40)) | H40: =IF($A40="","",SUMPRODUCT($B40:$G40,INDEX($Y$2:$AD$16,MATCH(H$1,$X$2:$X$16,0),0))) | I40: =IF($A40="","",SUMPRODUCT($B40:$G40,INDEX($Y$2:$AD$16,MATCH(I$1,$X$2:$X$16,0),0))) | J40: =IF($A40="","",SUMPRODUCT($B40:$G40,INDEX($Y$2:$AD$16,MATCH(J$1,$X$2:$X$16,0),0))) | K40: =IF($A40="","",SUMPRODUCT($B40:$G40,INDEX($Y$2:$AD$16,MATCH(K$1,$X$2:$X$16,0),0))) | L40: =IF($A40="","",SUMPRODUCT($B40:$G40,INDEX($Y$2:$AD$16,MATCH(L$1,$X$2:$X$16,0),0))) | M40: =IF($A40="","",SUMPRODUCT($B40:$G40,INDEX($Y$2:$AD$16,MATCH(M$1,$X$2:$X$16,0),0))) | N40: =IF($A40="","",SUMPRODUCT($B40:$G40,INDEX($Y$2:$AD$16,MATCH(N$1,$X$2:$X$16,0),0))) | O40: =IF($A40="","",SUMPRODUCT($B40:$G40,INDEX($Y$2:$AD$16,MATCH(O$1,$X$2:$X$16,0),0))) | ... V40: =IF($A40="","",SUMPRODUCT($B40:$G40,INDEX($Y$2:$AD$16,MATCH(V$1,$X$2:$X$16,0),0)))
B41: =IF($A41="","",SUMIFS([2]weekly_demand!$D:$D,[2]weekly_demand!$A:$A,B$1,[2]weekly_demand!$C:$C,$A41)) | C41: =IF($A41="","",SUMIFS([2]weekly_demand!$D:$D,[2]weekly_demand!$A:$A,C$1,[2]weekly_demand!$C:$C,$A41)) | D41: =IF($A41="","",SUMIFS([2]weekly_demand!$D:$D,[2]weekly_demand!$A:$A,D$1,[2]weekly_demand!$C:$C,$A41)) | E41: =IF($A41="","",SUMIFS([2]weekly_demand!$D:$D,[2]weekly_demand!$A:$A,E$1,[2]weekly_demand!$C:$C,$A41)) | F41: =IF($A41="","",SUMIFS([2]weekly_demand!$D:$D,[2]weekly_demand!$A:$A,F$1,[2]weekly_demand!$C:$C,$A41)) | G41: =IF($A41="","",SUMIFS([2]weekly_demand!$D:$D,[2]weekly_demand!$A:$A,G$1,[2]weekly_demand!$C:$C,$A41)) | H41: =IF($A41="","",SUMPRODUCT($B41:$G41,INDEX($Y$2:$AD$16,MATCH(H$1,$X$2:$X$16,0),0))) | I41: =IF($A41="","",SUMPRODUCT($B41:$G41,INDEX($Y$2:$AD$16,MATCH(I$1,$X$2:$X$16,0),0))) | J41: =IF($A41="","",SUMPRODUCT($B41:$G41,INDEX($Y$2:$AD$16,MATCH(J$1,$X$2:$X$16,0),0))) | K41: =IF($A41="","",SUMPRODUCT($B41:$G41,INDEX($Y$2:$AD$16,MATCH(K$1,$X$2:$X$16,0),0))) | L41: =IF($A41="","",SUMPRODUCT($B41:$G41,INDEX($Y$2:$AD$16,MATCH(L$1,$X$2:$X$16,0),0))) | M41: =IF($A41="","",SUMPRODUCT($B41:$G41,INDEX($Y$2:$AD$16,MATCH(M$1,$X$2:$X$16,0),0))) | N41: =IF($A41="","",SUMPRODUCT($B41:$G41,INDEX($Y$2:$AD$16,MATCH(N$1,$X$2:$X$16,0),0))) | O41: =IF($A41="","",SUMPRODUCT($B41:$G41,INDEX($Y$2:$AD$16,MATCH(O$1,$X$2:$X$16,0),0))) | ... V41: =IF($A41="","",SUMPRODUCT($B41:$G41,INDEX($Y$2:$AD$16,MATCH(V$1,$X$2:$X$16,0),0)))
B42: =IF($A42="","",SUMIFS([2]weekly_demand!$D:$D,[2]weekly_demand!$A:$A,B$1,[2]weekly_demand!$C:$C,$A42)) | C42: =IF($A42="","",SUMIFS([2]weekly_demand!$D:$D,[2]weekly_demand!$A:$A,C$1,[2]weekly_demand!$C:$C,$A42)) | D42: =IF($A42="","",SUMIFS([2]weekly_demand!$D:$D,[2]weekly_demand!$A:$A,D$1,[2]weekly_demand!$C:$C,$A42)) | E42: =IF($A42="","",SUMIFS([2]weekly_demand!$D:$D,[2]weekly_demand!$A:$A,E$1,[2]weekly_demand!$C:$C,$A42)) | F42: =IF($A42="","",SUMIFS([2]weekly_demand!$D:$D,[2]weekly_demand!$A:$A,F$1,[2]weekly_demand!$C:$C,$A42)) | G42: =IF($A42="","",SUMIFS([2]weekly_demand!$D:$D,[2]weekly_demand!$A:$A,G$1,[2]weekly_demand!$C:$C,$A42)) | H42: =IF($A42="","",SUMPRODUCT($B42:$G42,INDEX($Y$2:$AD$16,MATCH(H$1,$X$2:$X$16,0),0))) | I42: =IF($A42="","",SUMPRODUCT($B42:$G42,INDEX($Y$2:$AD$16,MATCH(I$1,$X$2:$X$16,0),0))) | J42: =IF($A42="","",SUMPRODUCT($B42:$G42,INDEX($Y$2:$AD$16,MATCH(J$1,$X$2:$X$16,0),0))) | K42: =IF($A42="","",SUMPRODUCT($B42:$G42,INDEX($Y$2:$AD$16,MATCH(K$1,$X$2:$X$16,0),0))) | L42: =IF($A42="","",SUMPRODUCT($B42:$G42,INDEX($Y$2:$AD$16,MATCH(L$1,$X$2:$X$16,0),0))) | M42: =IF($A42="","",SUMPRODUCT($B42:$G42,INDEX($Y$2:$AD$16,MATCH(M$1,$X$2:$X$16,0),0))) | N42: =IF($A42="","",SUMPRODUCT($B42:$G42,INDEX($Y$2:$AD$16,MATCH(N$1,$X$2:$X$16,0),0))) | O42: =IF($A42="","",SUMPRODUCT($B42:$G42,INDEX($Y$2:$AD$16,MATCH(O$1,$X$2:$X$16,0),0))) | ... V42: =IF($A42="","",SUMPRODUCT($B42:$G42,INDEX($Y$2:$AD$16,MATCH(V$1,$X$2:$X$16,0),0)))
B43: =IF($A43="","",SUMIFS([2]weekly_demand!$D:$D,[2]weekly_demand!$A:$A,B$1,[2]weekly_demand!$C:$C,$A43)) | C43: =IF($A43="","",SUMIFS([2]weekly_demand!$D:$D,[2]weekly_demand!$A:$A,C$1,[2]weekly_demand!$C:$C,$A43)) | D43: =IF($A43="","",SUMIFS([2]weekly_demand!$D:$D,[2]weekly_demand!$A:$A,D$1,[2]weekly_demand!$C:$C,$A43)) | E43: =IF($A43="","",SUMIFS([2]weekly_demand!$D:$D,[2]weekly_demand!$A:$A,E$1,[2]weekly_demand!$C:$C,$A43)) | F43: =IF($A43="","",SUMIFS([2]weekly_demand!$D:$D,[2]weekly_demand!$A:$A,F$1,[2]weekly_demand!$C:$C,$A43)) | G43: =IF($A43="","",SUMIFS([2]weekly_demand!$D:$D,[2]weekly_demand!$A:$A,G$1,[2]weekly_demand!$C:$C,$A43)) | H43: =IF($A43="","",SUMPRODUCT($B43:$G43,INDEX($Y$2:$AD$16,MATCH(H$1,$X$2:$X$16,0),0))) | I43: =IF($A43="","",SUMPRODUCT($B43:$G43,INDEX($Y$2:$AD$16,MATCH(I$1,$X$2:$X$16,0),0))) | J43: =IF($A43="","",SUMPRODUCT($B43:$G43,INDEX($Y$2:$AD$16,MATCH(J$1,$X$2:$X$16,0),0))) | K43: =IF($A43="","",SUMPRODUCT($B43:$G43,INDEX($Y$2:$AD$16,MATCH(K$1,$X$2:$X$16,0),0))) | L43: =IF($A43="","",SUMPRODUCT($B43:$G43,INDEX($Y$2:$AD$16,MATCH(L$1,$X$2:$X$16,0),0))) | M43: =IF($A43="","",SUMPRODUCT($B43:$G43,INDEX($Y$2:$AD$16,MATCH(M$1,$X$2:$X$16,0),0))) | N43: =IF($A43="","",SUMPRODUCT($B43:$G43,INDEX($Y$2:$AD$16,MATCH(N$1,$X$2:$X$16,0),0))) | O43: =IF($A43="","",SUMPRODUCT($B43:$G43,INDEX($Y$2:$AD$16,MATCH(O$1,$X$2:$X$16,0),0))) | ... V43: =IF($A43="","",SUMPRODUCT($B43:$G43,INDEX($Y$2:$AD$16,MATCH(V$1,$X$2:$X$16,0),0)))
B44: =IF($A44="","",SUMIFS([2]weekly_demand!$D:$D,[2]weekly_demand!$A:$A,B$1,[2]weekly_demand!$C:$C,$A44)) | C44: =IF($A44="","",SUMIFS([2]weekly_demand!$D:$D,[2]weekly_demand!$A:$A,C$1,[2]weekly_demand!$C:$C,$A44)) | D44: =IF($A44="","",SUMIFS([2]weekly_demand!$D:$D,[2]weekly_demand!$A:$A,D$1,[2]weekly_demand!$C:$C,$A44)) | E44: =IF($A44="","",SUMIFS([2]weekly_demand!$D:$D,[2]weekly_demand!$A:$A,E$1,[2]weekly_demand!$C:$C,$A44)) | F44: =IF($A44="","",SUMIFS([2]weekly_demand!$D:$D,[2]weekly_demand!$A:$A,F$1,[2]weekly_demand!$C:$C,$A44)) | G44: =IF($A44="","",SUMIFS([2]weekly_demand!$D:$D,[2]weekly_demand!$A:$A,G$1,[2]weekly_demand!$C:$C,$A44)) | H44: =IF($A44="","",SUMPRODUCT($B44:$G44,INDEX($Y$2:$AD$16,MATCH(H$1,$X$2:$X$16,0),0))) | I44: =IF($A44="","",SUMPRODUCT($B44:$G44,INDEX($Y$2:$AD$16,MATCH(I$1,$X$2:$X$16,0),0))) | J44: =IF($A44="","",SUMPRODUCT($B44:$G44,INDEX($Y$2:$AD$16,MATCH(J$1,$X$2:$X$16,0),0))) | K44: =IF($A44="","",SUMPRODUCT($B44:$G44,INDEX($Y$2:$AD$16,MATCH(K$1,$X$2:$X$16,0),0))) | L44: =IF($A44="","",SUMPRODUCT($B44:$G44,INDEX($Y$2:$AD$16,MATCH(L$1,$X$2:$X$16,0),0))) | M44: =IF($A44="","",SUMPRODUCT($B44:$G44,INDEX($Y$2:$AD$16,MATCH(M$1,$X$2:$X$16,0),0))) | N44: =IF($A44="","",SUMPRODUCT($B44:$G44,INDEX($Y$2:$AD$16,MATCH(N$1,$X$2:$X$16,0),0))) | O44: =IF($A44="","",SUMPRODUCT($B44:$G44,INDEX($Y$2:$AD$16,MATCH(O$1,$X$2:$X$16,0),0))) | ... V44: =IF($A44="","",SUMPRODUCT($B44:$G44,INDEX($Y$2:$AD$16,MATCH(V$1,$X$2:$X$16,0),0)))
B45: =IF($A45="","",SUMIFS([2]weekly_demand!$D:$D,[2]weekly_demand!$A:$A,B$1,[2]weekly_demand!$C:$C,$A45)) | C45: =IF($A45="","",SUMIFS([2]weekly_demand!$D:$D,[2]weekly_demand!$A:$A,C$1,[2]weekly_demand!$C:$C,$A45)) | D45: =IF($A45="","",SUMIFS([2]weekly_demand!$D:$D,[2]weekly_demand!$A:$A,D$1,[2]weekly_demand!$C:$C,$A45)) | E45: =IF($A45="","",SUMIFS([2]weekly_demand!$D:$D,[2]weekly_demand!$A:$A,E$1,[2]weekly_demand!$C:$C,$A45)) | F45: =IF($A45="","",SUMIFS([2]weekly_demand!$D:$D,[2]weekly_demand!$A:$A,F$1,[2]weekly_demand!$C:$C,$A45)) | G45: =IF($A45="","",SUMIFS([2]weekly_demand!$D:$D,[2]weekly_demand!$A:$A,G$1,[2]weekly_demand!$C:$C,$A45)) | H45: =IF($A45="","",SUMPRODUCT($B45:$G45,INDEX($Y$2:$AD$16,MATCH(H$1,$X$2:$X$16,0),0))) | I45: =IF($A45="","",SUMPRODUCT($B45:$G45,INDEX($Y$2:$AD$16,MATCH(I$1,$X$2:$X$16,0),0))) | J45: =IF($A45="","",SUMPRODUCT($B45:$G45,INDEX($Y$2:$AD$16,MATCH(J$1,$X$2:$X$16,0),0))) | K45: =IF($A45="","",SUMPRODUCT($B45:$G45,INDEX($Y$2:$AD$16,MATCH(K$1,$X$2:$X$16,0),0))) | L45: =IF($A45="","",SUMPRODUCT($B45:$G45,INDEX($Y$2:$AD$16,MATCH(L$1,$X$2:$X$16,0),0))) | M45: =IF($A45="","",SUMPRODUCT($B45:$G45,INDEX($Y$2:$AD$16,MATCH(M$1,$X$2:$X$16,0),0))) | N45: =IF($A45="","",SUMPRODUCT($B45:$G45,INDEX($Y$2:$AD$16,MATCH(N$1,$X$2:$X$16,0),0))) | O45: =IF($A45="","",SUMPRODUCT($B45:$G45,INDEX($Y$2:$AD$16,MATCH(O$1,$X$2:$X$16,0),0))) | ... V45: =IF($A45="","",SUMPRODUCT($B45:$G45,INDEX($Y$2:$AD$16,MATCH(V$1,$X$2:$X$16,0),0)))
B46: =IF($A46="","",SUMIFS([2]weekly_demand!$D:$D,[2]weekly_demand!$A:$A,B$1,[2]weekly_demand!$C:$C,$A46)) | C46: =IF($A46="","",SUMIFS([2]weekly_demand!$D:$D,[2]weekly_demand!$A:$A,C$1,[2]weekly_demand!$C:$C,$A46)) | D46: =IF($A46="","",SUMIFS([2]weekly_demand!$D:$D,[2]weekly_demand!$A:$A,D$1,[2]weekly_demand!$C:$C,$A46)) | E46: =IF($A46="","",SUMIFS([2]weekly_demand!$D:$D,[2]weekly_demand!$A:$A,E$1,[2]weekly_demand!$C:$C,$A46)) | F46: =IF($A46="","",SUMIFS([2]weekly_demand!$D:$D,[2]weekly_demand!$A:$A,F$1,[2]weekly_demand!$C:$C,$A46)) | G46: =IF($A46="","",SUMIFS([2]weekly_demand!$D:$D,[2]weekly_demand!$A:$A,G$1,[2]weekly_demand!$C:$C,$A46)) | H46: =IF($A46="","",SUMPRODUCT($B46:$G46,INDEX($Y$2:$AD$16,MATCH(H$1,$X$2:$X$16,0),0))) | I46: =IF($A46="","",SUMPRODUCT($B46:$G46,INDEX($Y$2:$AD$16,MATCH(I$1,$X$2:$X$16,0),0))) | J46: =IF($A46="","",SUMPRODUCT($B46:$G46,INDEX($Y$2:$AD$16,MATCH(J$1,$X$2:$X$16,0),0))) | K46: =IF($A46="","",SUMPRODUCT($B46:$G46,INDEX($Y$2:$AD$16,MATCH(K$1,$X$2:$X$16,0),0))) | L46: =IF($A46="","",SUMPRODUCT($B46:$G46,INDEX($Y$2:$AD$16,MATCH(L$1,$X$2:$X$16,0),0))) | M46: =IF($A46="","",SUMPRODUCT($B46:$G46,INDEX($Y$2:$AD$16,MATCH(M$1,$X$2:$X$16,0),0))) | N46: =IF($A46="","",SUMPRODUCT($B46:$G46,INDEX($Y$2:$AD$16,MATCH(N$1,$X$2:$X$16,0),0))) | O46: =IF($A46="","",SUMPRODUCT($B46:$G46,INDEX($Y$2:$AD$16,MATCH(O$1,$X$2:$X$16,0),0))) | ... V46: =IF($A46="","",SUMPRODUCT($B46:$G46,INDEX($Y$2:$AD$16,MATCH(V$1,$X$2:$X$16,0),0)))
B47: =IF($A47="","",SUMIFS([2]weekly_demand!$D:$D,[2]weekly_demand!$A:$A,B$1,[2]weekly_demand!$C:$C,$A47)) | C47: =IF($A47="","",SUMIFS([2]weekly_demand!$D:$D,[2]weekly_demand!$A:$A,C$1,[2]weekly_demand!$C:$C,$A47)) | D47: =IF($A47="","",SUMIFS([2]weekly_demand!$D:$D,[2]weekly_demand!$A:$A,D$1,[2]weekly_demand!$C:$C,$A47)) | E47: =IF($A47="","",SUMIFS([2]weekly_demand!$D:$D,[2]weekly_demand!$A:$A,E$1,[2]weekly_demand!$C:$C,$A47)) | F47: =IF($A47="","",SUMIFS([2]weekly_demand!$D:$D,[2]weekly_demand!$A:$A,F$1,[2]weekly_demand!$C:$C,$A47)) | G47: =IF($A47="","",SUMIFS([2]weekly_demand!$D:$D,[2]weekly_demand!$A:$A,G$1,[2]weekly_demand!$C:$C,$A47)) | H47: =IF($A47="","",SUMPRODUCT($B47:$G47,INDEX($Y$2:$AD$16,MATCH(H$1,$X$2:$X$16,0),0))) | I47: =IF($A47="","",SUMPRODUCT($B47:$G47,INDEX($Y$2:$AD$16,MATCH(I$1,$X$2:$X$16,0),0))) | J47: =IF($A47="","",SUMPRODUCT($B47:$G47,INDEX($Y$2:$AD$16,MATCH(J$1,$X$2:$X$16,0),0))) | K47: =IF($A47="","",SUMPRODUCT($B47:$G47,INDEX($Y$2:$AD$16,MATCH(K$1,$X$2:$X$16,0),0))) | L47: =IF($A47="","",SUMPRODUCT($B47:$G47,INDEX($Y$2:$AD$16,MATCH(L$1,$X$2:$X$16,0),0))) | M47: =IF($A47="","",SUMPRODUCT($B47:$G47,INDEX($Y$2:$AD$16,MATCH(M$1,$X$2:$X$16,0),0))) | N47: =IF($A47="","",SUMPRODUCT($B47:$G47,INDEX($Y$2:$AD$16,MATCH(N$1,$X$2:$X$16,0),0))) | O47: =IF($A47="","",SUMPRODUCT($B47:$G47,INDEX($Y$2:$AD$16,MATCH(O$1,$X$2:$X$16,0),0))) | ... V47: =IF($A47="","",SUMPRODUCT($B47:$G47,INDEX($Y$2:$AD$16,MATCH(V$1,$X$2:$X$16,0),0)))
B48: =IF($A48="","",SUMIFS([2]weekly_demand!$D:$D,[2]weekly_demand!$A:$A,B$1,[2]weekly_demand!$C:$C,$A48)) | C48: =IF($A48="","",SUMIFS([2]weekly_demand!$D:$D,[2]weekly_demand!$A:$A,C$1,[2]weekly_demand!$C:$C,$A48)) | D48: =IF($A48="","",SUMIFS([2]weekly_demand!$D:$D,[2]weekly_demand!$A:$A,D$1,[2]weekly_demand!$C:$C,$A48)) | E48: =IF($A48="","",SUMIFS([2]weekly_demand!$D:$D,[2]weekly_demand!$A:$A,E$1,[2]weekly_demand!$C:$C,$A48)) | F48: =IF($A48="","",SUMIFS([2]weekly_demand!$D:$D,[2]weekly_demand!$A:$A,F$1,[2]weekly_demand!$C:$C,$A48)) | G48: =IF($A48="","",SUMIFS([2]weekly_demand!$D:$D,[2]weekly_demand!$A:$A,G$1,[2]weekly_demand!$C:$C,$A48)) | H48: =IF($A48="","",SUMPRODUCT($B48:$G48,INDEX($Y$2:$AD$16,MATCH(H$1,$X$2:$X$16,0),0))) | I48: =IF($A48="","",SUMPRODUCT($B48:$G48,INDEX($Y$2:$AD$16,MATCH(I$1,$X$2:$X$16,0),0))) | J48: =IF($A48="","",SUMPRODUCT($B48:$G48,INDEX($Y$2:$AD$16,MATCH(J$1,$X$2:$X$16,0),0))) | K48: =IF($A48="","",SUMPRODUCT($B48:$G48,INDEX($Y$2:$AD$16,MATCH(K$1,$X$2:$X$16,0),0))) | L48: =IF($A48="","",SUMPRODUCT($B48:$G48,INDEX($Y$2:$AD$16,MATCH(L$1,$X$2:$X$16,0),0))) | M48: =IF($A48="","",SUMPRODUCT($B48:$G48,INDEX($Y$2:$AD$16,MATCH(M$1,$X$2:$X$16,0),0))) | N48: =IF($A48="","",SUMPRODUCT($B48:$G48,INDEX($Y$2:$AD$16,MATCH(N$1,$X$2:$X$16,0),0))) | O48: =IF($A48="","",SUMPRODUCT($B48:$G48,INDEX($Y$2:$AD$16,MATCH(O$1,$X$2:$X$16,0),0))) | ... V48: =IF($A48="","",SUMPRODUCT($B48:$G48,INDEX($Y$2:$AD$16,MATCH(V$1,$X$2:$X$16,0),0)))
... B200: =IF($A200="","",SUMIFS([2]weekly_demand!$D:$D,[2]weekly_demand!$A:$A,B$1,[2]weekly_demand!$C:$C,$A200)) | C200: =IF($A200="","",SUMIFS([2]weekly_demand!$D:$D,[2]weekly_demand!$A:$A,C$1,[2]weekly_demand!$C:$C,$A200)) | D200: =IF($A200="","",SUMIFS([2]weekly_demand!$D:$D,[2]weekly_demand!$A:$A,D$1,[2]weekly_demand!$C:$C,$A200)) | E200: =IF($A200="","",SUMIFS([2]weekly_demand!$D:$D,[2]weekly_demand!$A:$A,E$1,[2]weekly_demand!$C:$C,$A200)) | F200: =IF($A200="","",SUMIFS([2]weekly_demand!$D:$D,[2]weekly_demand!$A:$A,F$1,[2]weekly_demand!$C:$C,$A200)) | G200: =IF($A200="","",SUMIFS([2]weekly_demand!$D:$D,[2]weekly_demand!$A:$A,G$1,[2]weekly_demand!$C:$C,$A200)) | H200: =IF($A200="","",SUMPRODUCT($B200:$G200,INDEX($Y$2:$AD$16,MATCH(H$1,$X$2:$X$16,0),0))) | I200: =IF($A200="","",SUMPRODUCT($B200:$G200,INDEX($Y$2:$AD$16,MATCH(I$1,$X$2:$X$16,0),0))) | J200: =IF($A200="","",SUMPRODUCT($B200:$G200,INDEX($Y$2:$AD$16,MATCH(J$1,$X$2:$X$16,0),0))) | K200: =IF($A200="","",SUMPRODUCT($B200:$G200,INDEX($Y$2:$AD$16,MATCH(K$1,$X$2:$X$16,0),0))) | L200: =IF($A200="","",SUMPRODUCT($B200:$G200,INDEX($Y$2:$AD$16,MATCH(L$1,$X$2:$X$16,0),0))) | M200: =IF($A200="","",SUMPRODUCT($B200:$G200,INDEX($Y$2:$AD$16,MATCH(M$1,$X$2:$X$16,0),0))) | N200: =IF($A200="","",SUMPRODUCT($B200:$G200,INDEX($Y$2:$AD$16,MATCH(N$1,$X$2:$X$16,0),0))) | O200: =IF($A200="","",SUMPRODUCT($B200:$G200,INDEX($Y$2:$AD$16,MATCH(O$1,$X$2:$X$16,0),0))) | ... V200: =IF($A200="","",SUMPRODUCT($B200:$G200,INDEX($Y$2:$AD$16,MATCH(V$1,$X$2:$X$16,0),0)))

Sheet MRP
Z1: A | AG1: D
X2: RM01 | Y2: RM02 | Z2: RM03 | AA2: RM04 | AB2: RM05 | AE2: RM01 | AF2: RM02 | AG2: RM03 | AH2: RM10 | AI2: RM11
A3: Items | B3: A | C3: B | D3: C | E3: D | F3: E | G3: F | H3: RM01 | I3: RM02 | J3: RM03 | K3: RM04 | L3: RM05 | M3: RM06 | N3: RM07 | O3: RM08 | P3: RM09 | Q3: RM10 | R3: RM11 | S3: RM12 | T3: RM13 | U3: RM14 | V3: RM15 | X3: 1 | Y3: 0.25 | Z3: 1 | AA3: 2 | AB3: 1 | AE3: 1 | AF3: 0.25 | AG3: 1 | AH3: 2 | AI3: 1.5
A4: Lot size
A5: Lead time | B5: 1-2 weeks | H5: 7 | I5: 14 | J5: 21 | K5: 140 | L5: 70 | M5: 35 | N5: 42 | O5: 63 | P5: 28 | Q5: 77 | R5: 21 | S5: 56 | T5: 35 | U5: 63 | V5: 49
A6: Beginning inventory | H6: 588 | I6: 1443 | J6: 42524 | K6: 340000 | L6: 90000 | M6: 76000 | N6: 50000 | O6: 123000 | P6: 6500 | Q6: 60000 | R6: 100000 | S6: 5500 | T6: 6000 | U6: 130000 | V6: 20000 | Z6: B | AG6: E
A7: Scheduled receipts | K7: 30000 | O7: 38000 | Q7: 5000 | T7: 1000 | V7: 21000 | X7: RM01 | Y7: RM02 | Z7: RM03 | AA7: RM06 | AB7: RM07 | AE7: RM01 | AF7: RM02 | AG7: RM03 | AH7: RM12 | AI7: RM13
A8: Safety stock | B8: Local=1 wk avg demand; Oversea=2 wks avg demand | H8: =ROUNDUP(AVERAGE([3]BOM_demand!H$2:H$36)*IF(INDEX('[3]BOM & Inventory'!$G$6:$G$35,MATCH(H$3,'[3]BOM & Inventory'!$E$6:$E$35,0))="Local",1,2),0) -> 19438 | I8: =ROUNDUP(AVERAGE([3]BOM_demand!I$2:I$36)*IF(INDEX('[3]BOM & Inventory'!$G$6:$G$35,MATCH(I$3,'[3]BOM & Inventory'!$E$6:$E$35,0))="Local",1,2),0) -> 5264 | J8: =ROUNDUP(AVERAGE([3]BOM_demand!J$2:J$36)*IF(INDEX('[3]BOM & Inventory'!$G$6:$G$35,MATCH(J$3,'[3]BOM & Inventory'!$E$6:$E$35,0))="Local",1,2),0) -> 19438 | K8: =ROUNDUP(AVERAGE([3]BOM_demand!K$2:K$36)*IF(INDEX('[3]BOM & Inventory'!$G$6:$G$35,MATCH(K$3,'[3]BOM & Inventory'!$E$6:$E$35,0))="Local",1,2),0) -> 34070 | L8: =ROUNDUP(AVERAGE([3]BOM_demand!L$2:L$36)*IF(INDEX('[3]BOM & Inventory'!$G$6:$G$35,MATCH(L$3,'[3]BOM & Inventory'!$E$6:$E$35,0))="Local",1,2),0) -> 17035 | M8: =ROUNDUP(AVERAGE([3]BOM_demand!M$2:M$36)*IF(INDEX('[3]BOM & Inventory'!$G$6:$G$35,MATCH(M$3,'[3]BOM & Inventory'!$E$6:$E$35,0))="Local",1,2),0) -> 21645 | N8: =ROUNDUP(AVERAGE([3]BOM_demand!N$2:N$36)*IF(INDEX('[3]BOM & Inventory'!$G$6:$G$35,MATCH(N$3,'[3]BOM & Inventory'!$E$6:$E$35,0))="Local",1,2),0) -> 12987 | O8: =ROUNDUP(AVERAGE([3]BOM_demand!O$2:O$36)*IF(INDEX('[3]BOM & Inventory'!$G$6:$G$35,MATCH(O$3,'[3]BOM & Inventory'!$E$6:$E$35,0))="Local",1,2),0) -> 16059 | ... V8: =ROUNDUP(AVERAGE([3]BOM_demand!V$2:V$36)*IF(INDEX('[3]BOM & Inventory'!$G$6:$G$35,MATCH(V$3,'[3]BOM & Inventory'!$E$6:$E$35,0))="Local",1,2),0) -> 9664 | X8: 1 | Y8: 0.25 | Z8: 1 | AA8: 2.5 | AB8: 1.5 | AE8: 1 | AF8: 0.5 | AG8: 1 | AH8: 3 | AI8: 4
Z11: C | AG11: F
X12: RM01 | Y12: RM02 | Z12: RM03 | AA12: RM08 | AB12: RM09 | AE12: RM01 | AF12: RM02 | AG12: RM03 | AH12: RM14 | AI12: RM15
X13: 1 | Y13: 0.5 | Z13: 1 | AA13: 3 | AB13: 0.5 | AE13: 1 | AF13: 0.125 | AG13: 1 | AH13: 5 | AI13: 2
A15: Item RM01 | B15: LLC: 1 | C15: Week
A16: Lot size: L4L | B16: ="LT: "&ROUND(INDEX($H$5:$V$5,1,MATCH("RM01",$H$3:$V$3,0))/7,0) -> LT: 1 | C16: {=TRANSPOSE([3]BOM_demand!$A$2:$A$36)} -> 46132 | D16: 46139 | E16: 46146 | F16: 46153 | G16: 46160 | H16: 46167 | I16: 46174 | J16: 46181 | K16: 46188 | L16: 46195 | M16: 46202 | N16: 46209 | O16: 46216 | P16: 46223 | Q16: 46230 | R16: 46237 | S16: 46244 | T16: 46251 | U16: 46258 | V16: 46265 | W16: 46272 | X16: 46279 | Y16: 46286 | Z16: 46293 | AA16: 46300 | AB16: 46307 | AC16: 46314 | AD16: 46321 | AE16: 46328 | AF16: 46335 | AG16: 46342 | AH16: 46349 | AI16: 46356 | AJ16: 46363 | AK16: 46370
A17: Gross requirement | C17: {=TRANSPOSE([3]BOM_demand!$H$2:$H$36)} -> 588 | D17: 5184 | E17: 36752 | F17: 58518 | G17: 41987 | H17: 38270 | I17: 29637 | J17: 25780 | K17: 22109 | L17: 19736 | M17: 23041 | N17: 23040 | O17: 11046 | P17: 8000 | Q17: 31636 | R17: 29184 | S17: 9248 | T17: 8946 | U17: 10655 | V17: 10554 | W17: 8797 | X17: 8398 | Y17: 7797 | Z17: 6652 | AA17: 19977 | AB17: 21425 | AC17: 21424 | AD17: 25215 | AE17: 14085 | AF17: 13788 | AG17: 13787 | AH17: 16538 | AI17: 17009 | AJ17: 20756 | AK17: 20753
A18: Scheduled receipts | C18: =IFERROR(INDEX($H$7:$V$7,1,MATCH("RM01",$H$3:$V$3,0)),0) -> 0 | D18: =0 -> 0 | E18: =0 -> 0 | F18: =0 -> 0 | G18: =0 -> 0 | H18: =0 -> 0 | I18: =0 -> 0 | J18: =0 -> 0 | K18: =0 -> 0 | ... AK18: =0 -> 0
A19: Safety stock | B19: =IFERROR(INDEX($H$8:$V$8,1,MATCH("RM01",$H$3:$V$3,0)),0) -> 19438 | C19: =$B19 -> 19438 | D19: =$B19 -> 19438 | E19: =$B19 -> 19438 | F19: =$B19 -> 19438 | G19: =$B19 -> 19438 | H19: =$B19 -> 19438 | I19: =$B19 -> 19438 | J19: =$B19 -> 19438 | ... AK19: =$B19 -> 19438
A20: Projected on hand | B20: =IFERROR(INDEX($H$6:$V$6,1,MATCH("RM01",$H$3:$V$3,0)),0) -> 588 | C20: =$B20+C18+C22-C17 -> 19438 | D20: =C20+D18+D22-D17 -> 19438 | E20: =D20+E18+E22-E17 -> 19438 | F20: =E20+F18+F22-F17 -> 19438 | G20: =F20+G18+G22-G17 -> 19438 | H20: =G20+H18+H22-H17 -> 19438 | I20: =H20+I18+I22-I17 -> 19438 | J20: =I20+J18+J22-J17 -> 19438 | K20: =J20+K18+K22-K17 -> 19438 | ... AK20: =AJ20+AK18+AK22-AK17 -> 19438
A21: Net requirements | C21: =MAX(C17+C19-($B20+C18),0) -> 19438 | D21: =MAX(D17+D19-(C20+D18),0) -> 5184 | E21: =MAX(E17+E19-(D20+E18),0) -> 36752 | F21: =MAX(F17+F19-(E20+F18),0) -> 58518 | G21: =MAX(G17+G19-(F20+G18),0) -> 41987 | H21: =MAX(H17+H19-(G20+H18),0) -> 38270 | I21: =MAX(I17+I19-(H20+I18),0) -> 29637 | J21: =MAX(J17+J19-(I20+J18),0) -> 25780 | K21: =MAX(K17+K19-(J20+K18),0) -> 22109 | ... AK21: =MAX(AK17+AK19-(AJ20+AK18),0) -> 20753
A22: Planned order receipts | C22: =C21 -> 19438 | D22: =D21 -> 5184 | E22: =E21 -> 36752 | F22: =F21 -> 58518 | G22: =G21 -> 41987 | H22: =H21 -> 38270 | I22: =I21 -> 29637 | J22: =J21 -> 25780 | ... AK22: =AK21 -> 20753
A23: Planned order releases | C23: =IFERROR(INDEX($C$22:$AK$22,1,1+ROUND(INDEX($H$5:$V$5,1,MATCH("RM01",$H$3:$V$3,0))/7,0)),0) -> 5184 | D23: =IFERROR(INDEX($C$22:$AK$22,1,2+ROUND(INDEX($H$5:$V$5,1,MATCH("RM01",$H$3:$V$3,0))/7,0)),0) -> 36752 | E23: =IFERROR(INDEX($C$22:$AK$22,1,3+ROUND(INDEX($H$5:$V$5,1,MATCH("RM01",$H$3:$V$3,0))/7,0)),0) -> 58518 | F23: =IFERROR(INDEX($C$22:$AK$22,1,4+ROUND(INDEX($H$5:$V$5,1,MATCH("RM01",$H$3:$V$3,0))/7,0)),0) -> 41987 | G23: =IFERROR(INDEX($C$22:$AK$22,1,5+ROUND(INDEX($H$5:$V$5,1,MATCH("RM01",$H$3:$V$3,0))/7,0)),0) -> 38270 | H23: =IFERROR(INDEX($C$22:$AK$22,1,6+ROUND(INDEX($H$5:$V$5,1,MATCH("RM01",$H$3:$V$3,0))/7,0)),0) -> 29637 | I23: =IFERROR(INDEX($C$22:$AK$22,1,7+ROUND(INDEX($H$5:$V$5,1,MATCH("RM01",$H$3:$V$3,0))/7,0)),0) -> 25780 | J23: =IFERROR(INDEX($C$22:$AK$22,1,8+ROUND(INDEX($H$5:$V$5,1,MATCH("RM01",$H$3:$V$3,0))/7,0)),0) -> 22109 | K23: =IFERROR(INDEX($C$22:$AK$22,1,9+ROUND(INDEX($H$5:$V$5,1,MATCH("RM01",$H$3:$V$3,0))/7,0)),0) -> 19736 | L23: =IFERROR(INDEX($C$22:$AK$22,1,10+ROUND(INDEX($H$5:$V$5,1,MATCH("RM01",$H$3:$V$3,0))/7,0)),0) -> 23041 | M23: =IFERROR(INDEX($C$22:$AK$22,1,11+ROUND(INDEX($H$5:$V$5,1,MATCH("RM01",$H$3:$V$3,0))/7,0)),0) -> 23040 | N23: =IFERROR(INDEX($C$22:$AK$22,1,12+ROUND(INDEX($H$5:$V$5,1,MATCH("RM01",$H$3:$V$3,0))/7,0)),0) -> 11046 | O23: =IFERROR(INDEX($C$22:$AK$22,1,13+ROUND(INDEX($H$5:$V$5,1,MATCH("RM01",$H$3:$V$3,0))/7,0)),0) -> 8000 | P23: =IFERROR(INDEX($C$22:$AK$22,1,14+ROUND(INDEX($H$5:$V$5,1,MATCH("RM01",$H$3:$V$3,0))/7,0)),0) -> 31636 | Q23: =IFERROR(INDEX($C$22:$AK$22,1,15+ROUND(INDEX($H$5:$V$5,1,MATCH("RM01",$H$3:$V$3,0))/7,0)),0) -> 29184 | R23: =IFERROR(INDEX($C$22:$AK$22,1,16+ROUND(INDEX($H$5:$V$5,1,MATCH("RM01",$H$3:$V$3,0))/7,0)),0) -> 9248 | S23: =IFERROR(INDEX($C$22:$AK$22,1,17+ROUND(INDEX($H$5:$V$5,1,MATCH("RM01",$H$3:$V$3,0))/7,0)),0) -> 8946 | T23: =IFERROR(INDEX($C$22:$AK$22,1,18+ROUND(INDEX($H$5:$V$5,1,MATCH("RM01",$H$3:$V$3,0))/7,0)),0) -> 10655 | U23: =IFERROR(INDEX($C$22:$AK$22,1,19+ROUND(INDEX($H$5:$V$5,1,MATCH("RM01",$H$3:$V$3,0))/7,0)),0) -> 10554 | V23: =IFERROR(INDEX($C$22:$AK$22,1,20+ROUND(INDEX($H$5:$V$5,1,MATCH("RM01",$H$3:$V$3,0))/7,0)),0) -> 8797 | W23: =IFERROR(INDEX($C$22:$AK$22,1,21+ROUND(INDEX($H$5:$V$5,1,MATCH("RM01",$H$3:$V$3,0))/7,0)),0) -> 8398 | X23: =IFERROR(INDEX($C$22:$AK$22,1,22+ROUND(INDEX($H$5:$V$5,1,MATCH("RM01",$H$3:$V$3,0))/7,0)),0) -> 7797 | Y23: =IFERROR(INDEX($C$22:$AK$22,1,23+ROUND(INDEX($H$5:$V$5,1,MATCH("RM01",$H$3:$V$3,0))/7,0)),0) -> 6652 | Z23: =IFERROR(INDEX($C$22:$AK$22,1,24+ROUND(INDEX($H$5:$V$5,1,MATCH("RM01",$H$3:$V$3,0))/7,0)),0) -> 19977 | AA23: =IFERROR(INDEX($C$22:$AK$22,1,25+ROUND(INDEX($H$5:$V$5,1,MATCH("RM01",$H$3:$V$3,0))/7,0)),0) -> 21425 | AB23: =IFERROR(INDEX($C$22:$AK$22,1,26+ROUND(INDEX($H$5:$V$5,1,MATCH("RM01",$H$3:$V$3,0))/7,0)),0) -> 21424 | AC23: =IFERROR(INDEX($C$22:$AK$22,1,27+ROUND(INDEX($H$5:$V$5,1,MATCH("RM01",$H$3:$V$3,0))/7,0)),0) -> 25215 | AD23: =IFERROR(INDEX($C$22:$AK$22,1,28+ROUND(INDEX($H$5:$V$5,1,MATCH("RM01",$H$3:$V$3,0))/7,0)),0) -> 14085 | AE23: =IFERROR(INDEX($C$22:$AK$22,1,29+ROUND(INDEX($H$5:$V$5,1,MATCH("RM01",$H$3:$V$3,0))/7,0)),0) -> 13788 | AF23: =IFERROR(INDEX($C$22:$AK$22,1,30+ROUND(INDEX($H$5:$V$5,1,MATCH("RM01",$H$3:$V$3,0))/7,0)),0) -> 13787 | AG23: =IFERROR(INDEX($C$22:$AK$22,1,31+ROUND(INDEX($H$5:$V$5,1,MATCH("RM01",$H$3:$V$3,0))/7,0)),0) -> 16538 | AH23: =IFERROR(INDEX($C$22:$AK$22,1,32+ROUND(INDEX($H$5:$V$5,1,MATCH("RM01",$H$3:$V$3,0))/7,0)),0) -> 17009 | AI23: =IFERROR(INDEX($C$22:$AK$22,1,33+ROUND(INDEX($H$5:$V$5,1,MATCH("RM01",$H$3:$V$3,0))/7,0)),0) -> 20756 | AJ23: =IFERROR(INDEX($C$22:$AK$22,1,34+ROUND(INDEX($H$5:$V$5,1,MATCH("RM01",$H$3:$V$3,0))/7,0)),0) -> 20753 | AK23: =IFERROR(INDEX($C$22:$AK$22,1,35+ROUND(INDEX($H$5:$V$5,1,MATCH("RM01",$H$3:$V$3,0))/7,0)),0) -> 0
A25: Item RM02 | B25: LLC: 1 | C25: Week
A26: Lot size: L4L | B26: ="LT: "&ROUND(INDEX($H$5:$V$5,1,MATCH("RM02",$H$3:$V$3,0))/7,0) -> LT: 2 | C26: {=TRANSPOSE([3]BOM_demand!$A$2:$A$36)} -> 46132 | D26: 46139 | E26: 46146 | F26: 46153 | G26: 46160 | H26: 46167 | I26: 46174 | J26: 46181 | K26: 46188 | L26: 46195 | M26: 46202 | N26: 46209 | O26: 46216 | P26: 46223 | Q26: 46230 | R26: 46237 | S26: 46244 | T26: 46251 | U26: 46258 | V26: 46265 | W26: 46272 | X26: 46279 | Y26: 46286 | Z26: 46293 | AA26: 46300 | AB26: 46307 | AC26: 46314 | AD26: 46321 | AE26: 46328 | AF26: 46335 | AG26: 46342 | AH26: 46349 | AI26: 46356 | AJ26: 46363 | AK26: 46370
A27: Gross requirement | C27: {=TRANSPOSE([3]BOM_demand!$I$2:$I$36)} -> 73.5 | D27: 910.5 | E27: 9818 | F27: 16421.25 | G27: 12879.75 | H27: 11748.5 | I27: 7656.75 | J27: 7493 | K27: 7527.75 | L27: 6232.75 | M27: 6022.75 | N27: 5872.5 | O27: 2868.25 | P27: 1787.5 | Q27: 8099.5 | R27: 7383.75 | S27: 2474.5 | T27: 2324.25 | U27: 2663 | V27: 2712.75 | W27: 2198.5 | X27: 2098.75 | Y27: 1918.5 | Z27: 1888 | AA27: 5144.25 | AB27: 5325.25 | AC27: 5325 | AD27: 6247.75 | AE27: 3502 | AF27: 3352.5 | AG27: 3352.25 | AH27: 4665 | AI27: 4836.25 | AJ27: 5697.75 | AK27: 5697.25
A28: Scheduled receipts | C28: =IFERROR(INDEX($H$7:$V$7,1,MATCH("RM02",$H$3:$V$3,0)),0) -> 0 | D28: =0 -> 0 | E28: =0 -> 0 | F28: =0 -> 0 | G28: =0 -> 0 | H28: =0 -> 0 | I28: =0 -> 0 | J28: =0 -> 0 | K28: =0 -> 0 | ... AK28: =0 -> 0
A29: Safety stock | B29: =IFERROR(INDEX($H$8:$V$8,1,MATCH("RM02",$H$3:$V$3,0)),0) -> 5264 | C29: =$B29 -> 5264 | D29: =$B29 -> 5264 | E29: =$B29 -> 5264 | F29: =$B29 -> 5264 | G29: =$B29 -> 5264 | H29: =$B29 -> 5264 | I29: =$B29 -> 5264 | J29: =$B29 -> 5264 | ... AK29: =$B29 -> 5264
A30: Projected on hand | B30: =IFERROR(INDEX($H$6:$V$6,1,MATCH("RM02",$H$3:$V$3,0)),0) -> 1443 | C30: =$B30+C28+C32-C27 -> 5264 | D30: =C30+D28+D32-D27 -> 5264 | E30: =D30+E28+E32-E27 -> 5264 | F30: =E30+F28+F32-F27 -> 5264 | G30: =F30+G28+G32-G27 -> 5264 | H30: =G30+H28+H32-H27 -> 5264 | I30: =H30+I28+I32-I27 -> 5264 | J30: =I30+J28+J32-J27 -> 5264 | K30: =J30+K28+K32-K27 -> 5264 | ... AK30: =AJ30+AK28+AK32-AK27 -> 5264
A31: Net requirements | C31: =MAX(C27+C29-($B30+C28),0) -> 3894.5 | D31: =MAX(D27+D29-(C30+D28),0) -> 910.5 | E31: =MAX(E27+E29-(D30+E28),0) -> 9818 | F31: =MAX(F27+F29-(E30+F28),0) -> 16421.25 | G31: =MAX(G27+G29-(F30+G28),0) -> 12879.75 | H31: =MAX(H27+H29-(G30+H28),0) -> 11748.5 | I31: =MAX(I27+I29-(H30+I28),0) -> 7656.75 | J31: =MAX(J27+J29-(I30+J28),0) -> 7493 | K31: =MAX(K27+K29-(J30+K28),0) -> 7527.75 | ... AK31: =MAX(AK27+AK29-(AJ30+AK28),0) -> 5697.25
A32: Planned order receipts | C32: =C31 -> 3894.5 | D32: =D31 -> 910.5 | E32: =E31 -> 9818 | F32: =F31 -> 16421.25 | G32: =G31 -> 12879.75 | H32: =H31 -> 11748.5 | I32: =I31 -> 7656.75 | J32: =J31 -> 7493 | ... AK32: =AK31 -> 5697.25
A33: Planned order releases | C33: =IFERROR(INDEX($C$32:$AK$32,1,1+ROUND(INDEX($H$5:$V$5,1,MATCH("RM02",$H$3:$V$3,0))/7,0)),0) -> 9818 | D33: =IFERROR(INDEX($C$32:$AK$32,1,2+ROUND(INDEX($H$5:$V$5,1,MATCH("RM02",$H$3:$V$3,0))/7,0)),0) -> 16421.25 | E33: =IFERROR(INDEX($C$32:$AK$32,1,3+ROUND(INDEX($H$5:$V$5,1,MATCH("RM02",$H$3:$V$3,0))/7,0)),0) -> 12879.75 | F33: =IFERROR(INDEX($C$32:$AK$32,1,4+ROUND(INDEX($H$5:$V$5,1,MATCH("RM02",$H$3:$V$3,0))/7,0)),0) -> 11748.5 | G33: =IFERROR(INDEX($C$32:$AK$32,1,5+ROUND(INDEX($H$5:$V$5,1,MATCH("RM02",$H$3:$V$3,0))/7,0)),0) -> 7656.75 | H33: =IFERROR(INDEX($C$32:$AK$32,1,6+ROUND(INDEX($H$5:$V$5,1,MATCH("RM02",$H$3:$V$3,0))/7,0)),0) -> 7493 | I33: =IFERROR(INDEX($C$32:$AK$32,1,7+ROUND(INDEX($H$5:$V$5,1,MATCH("RM02",$H$3:$V$3,0))/7,0)),0) -> 7527.75 | J33: =IFERROR(INDEX($C$32:$AK$32,1,8+ROUND(INDEX($H$5:$V$5,1,MATCH("RM02",$H$3:$V$3,0))/7,0)),0) -> 6232.75 | K33: =IFERROR(INDEX($C$32:$AK$32,1,9+ROUND(INDEX($H$5:$V$5,1,MATCH("RM02",$H$3:$V$3,0))/7,0)),0) -> 6022.75 | L33: =IFERROR(INDEX($C$32:$AK$32,1,10+ROUND(INDEX($H$5:$V$5,1,MATCH("RM02",$H$3:$V$3,0))/7,0)),0) -> 5872.5 | M33: =IFERROR(INDEX($C$32:$AK$32,1,11+ROUND(INDEX($H$5:$V$5,1,MATCH("RM02",$H$3:$V$3,0))/7,0)),0) -> 2868.25 | N33: =IFERROR(INDEX($C$32:$AK$32,1,12+ROUND(INDEX($H$5:$V$5,1,MATCH("RM02",$H$3:$V$3,0))/7,0)),0) -> 1787.5 | O33: =IFERROR(INDEX($C$32:$AK$32,1,13+ROUND(INDEX($H$5:$V$5,1,MATCH("RM02",$H$3:$V$3,0))/7,0)),0) -> 8099.5 | P33: =IFERROR(INDEX($C$32:$AK$32,1,14+ROUND(INDEX($H$5:$V$5,1,MATCH("RM02",$H$3:$V$3,0))/7,0)),0) -> 7383.75 | Q33: =IFERROR(INDEX($C$32:$AK$32,1,15+ROUND(INDEX($H$5:$V$5,1,MATCH("RM02",$H$3:$V$3,0))/7,0)),0) -> 2474.5 | R33: =IFERROR(INDEX($C$32:$AK$32,1,16+ROUND(INDEX($H$5:$V$5,1,MATCH("RM02",$H$3:$V$3,0))/7,0)),0) -> 2324.25 | S33: =IFERROR(INDEX($C$32:$AK$32,1,17+ROUND(INDEX($H$5:$V$5,1,MATCH("RM02",$H$3:$V$3,0))/7,0)),0) -> 2663 | T33: =IFERROR(INDEX($C$32:$AK$32,1,18+ROUND(INDEX($H$5:$V$5,1,MATCH("RM02",$H$3:$V$3,0))/7,0)),0) -> 2712.75 | U33: =IFERROR(INDEX($C$32:$AK$32,1,19+ROUND(INDEX($H$5:$V$5,1,MATCH("RM02",$H$3:$V$3,0))/7,0)),0) -> 2198.5 | V33: =IFERROR(INDEX($C$32:$AK$32,1,20+ROUND(INDEX($H$5:$V$5,1,MATCH("RM02",$H$3:$V$3,0))/7,0)),0) -> 2098.75 | W33: =IFERROR(INDEX($C$32:$AK$32,1,21+ROUND(INDEX($H$5:$V$5,1,MATCH("RM02",$H$3:$V$3,0))/7,0)),0) -> 1918.5 | X33: =IFERROR(INDEX($C$32:$AK$32,1,22+ROUND(INDEX($H$5:$V$5,1,MATCH("RM02",$H$3:$V$3,0))/7,0)),0) -> 1888 | Y33: =IFERROR(INDEX($C$32:$AK$32,1,23+ROUND(INDEX($H$5:$V$5,1,MATCH("RM02",$H$3:$V$3,0))/7,0)),0) -> 5144.25 | Z33: =IFERROR(INDEX($C$32:$AK$32,1,24+ROUND(INDEX($H$5:$V$5,1,MATCH("RM02",$H$3:$V$3,0))/7,0)),0) -> 5325.25 | AA33: =IFERROR(INDEX($C$32:$AK$32,1,25+ROUND(INDEX($H$5:$V$5,1,MATCH("RM02",$H$3:$V$3,0))/7,0)),0) -> 5325 | AB33: =IFERROR(INDEX($C$32:$AK$32,1,26+ROUND(INDEX($H$5:$V$5,1,MATCH("RM02",$H$3:$V$3,0))/7,0)),0) -> 6247.75 | AC33: =IFERROR(INDEX($C$32:$AK$32,1,27+ROUND(INDEX($H$5:$V$5,1,MATCH("RM02",$H$3:$V$3,0))/7,0)),0) -> 3502 | AD33: =IFERROR(INDEX($C$32:$AK$32,1,28+ROUND(INDEX($H$5:$V$5,1,MATCH("RM02",$H$3:$V$3,0))/7,0)),0) -> 3352.5 | AE33: =IFERROR(INDEX($C$32:$AK$32,1,29+ROUND(INDEX($H$5:$V$5,1,MATCH("RM02",$H$3:$V$3,0))/7,0)),0) -> 3352.25 | AF33: =IFERROR(INDEX($C$32:$AK$32,1,30+ROUND(INDEX($H$5:$V$5,1,MATCH("RM02",$H$3:$V$3,0))/7,0)),0) -> 4665 | AG33: =IFERROR(INDEX($C$32:$AK$32,1,31+ROUND(INDEX($H$5:$V$5,1,MATCH("RM02",$H$3:$V$3,0))/7,0)),0) -> 4836.25 | AH33: =IFERROR(INDEX($C$32:$AK$32,1,32+ROUND(INDEX($H$5:$V$5,1,MATCH("RM02",$H$3:$V$3,0))/7,0)),0) -> 5697.75 | AI33: =IFERROR(INDEX($C$32:$AK$32,1,33+ROUND(INDEX($H$5:$V$5,1,MATCH("RM02",$H$3:$V$3,0))/7,0)),0) -> 5697.25 | AJ33: =IFERROR(INDEX($C$32:$AK$32,1,34+ROUND(INDEX($H$5:$V$5,1,MATCH("RM02",$H$3:$V$3,0))/7,0)),0) -> 0 | AK33: =IFERROR(INDEX($C$32:$AK$32,1,35+ROUND(INDEX($H$5:$V$5,1,MATCH("RM02",$H$3:$V$3,0))/7,0)),0) -> 0
A35: Item RM03 | B35: LLC: 1 | C35: Week
A36: Lot size: L4L | B36: ="LT: "&ROUND(INDEX($H$5:$V$5,1,MATCH("RM03",$H$3:$V$3,0))/7,0) -> LT: 3 | C36: {=TRANSPOSE([3]BOM_demand!$A$2:$A$36)} -> 46132 | D36: 46139 | E36: 46146 | F36: 46153 | G36: 46160 | H36: 46167 | I36: 46174 | J36: 46181 | K36: 46188 | L36: 46195 | M36: 46202 | N36: 46209 | O36: 46216 | P36: 46223 | Q36: 46230 | R36: 46237 | S36: 46244 | T36: 46251 | U36: 46258 | V36: 46265 | W36: 46272 | X36: 46279 | Y36: 46286 | Z36: 46293 | AA36: 46300 | AB36: 46307 | AC36: 46314 | AD36: 46321 | AE36: 46328 | AF36: 46335 | AG36: 46342 | AH36: 46349 | AI36: 46356 | AJ36: 46363 | AK36: 46370
A37: Gross requirement | C37: {=TRANSPOSE([3]BOM_demand!$J$2:$J$36)} -> 588 | D37: 5184 | E37: 36752 | F37: 58518 | G37: 41987 | H37: 38270 | I37: 29637 | J37: 25780 | K37: 22109 | L37: 19736 | M37: 23041 | N37: 23040 | O37: 11046 | P37: 8000 | Q37: 31636 | R37: 29184 | S37: 9248 | T37: 8946 | U37: 10655 | V37: 10554 | W37: 8797 | X37: 8398 | Y37: 7797 | Z37: 6652 | AA37: 19977 | AB37: 21425 | AC37: 21424 | AD37: 25215 | AE37: 14085 | AF37: 13788 | AG37: 13787 | AH37: 16538 | AI37: 17009 | AJ37: 20756 | AK37: 20753
A38: Scheduled receipts | C38: =IFERROR(INDEX($H$7:$V$7,1,MATCH("RM03",$H$3:$V$3,0)),0) -> 0 | D38: =0 -> 0 | E38: =0 -> 0 | F38: =0 -> 0 | G38: =0 -> 0 | H38: =0 -> 0 | I38: =0 -> 0 | J38: =0 -> 0 | K38: =0 -> 0 | ... AK38: =0 -> 0
A39: Safety stock | B39: =IFERROR(INDEX($H$8:$V$8,1,MATCH("RM03",$H$3:$V$3,0)),0) -> 19438 | C39: =$B39 -> 19438 | D39: =$B39 -> 19438 | E39: =$B39 -> 19438 | F39: =$B39 -> 19438 | G39: =$B39 -> 19438 | H39: =$B39 -> 19438 | I39: =$B39 -> 19438 | J39: =$B39 -> 19438 | ... AK39: =$B39 -> 19438
A40: Projected on hand | B40: =IFERROR(INDEX($H$6:$V$6,1,MATCH("RM03",$H$3:$V$3,0)),0) -> 42524 | C40: =$B40+C38+C42-C37 -> 41936 | D40: =C40+D38+D42-D37 -> 36752 | E40: =D40+E38+E42-E37 -> 19438 | F40: =E40+F38+F42-F37 -> 19438 | G40: =F40+G38+G42-G37 -> 19438 | H40: =G40+H38+H42-H37 -> 19438 | I40: =H40+I38+I42-I37 -> 19438 | J40: =I40+J38+J42-J37 -> 19438 | K40: =J40+K38+K42-K37 -> 19438 | ... AK40: =AJ40+AK38+AK42-AK37 -> 19438
A41: Net requirements | C41: =MAX(C37+C39-($B40+C38),0) -> 0 | D41: =MAX(D37+D39-(C40+D38),0) -> 0 | E41: =MAX(E37+E39-(D40+E38),0) -> 19438 | F41: =MAX(F37+F39-(E40+F38),0) -> 58518 | G41: =MAX(G37+G39-(F40+G38),0) -> 41987 | H41: =MAX(H37+H39-(G40+H38),0) -> 38270 | I41: =MAX(I37+I39-(H40+I38),0) -> 29637 | J41: =MAX(J37+J39-(I40+J38),0) -> 25780 | K41: =MAX(K37+K39-(J40+K38),0) -> 22109 | ... AK41: =MAX(AK37+AK39-(AJ40+AK38),0) -> 20753
A42: Planned order receipts | C42: =C41 -> 0 | D42: =D41 -> 0 | E42: =E41 -> 19438 | F42: =F41 -> 58518 | G42: =G41 -> 41987 | H42: =H41 -> 38270 | I42: =I41 -> 29637 | J42: =J41 -> 25780 | ... AK42: =AK41 -> 20753
A43: Planned order releases | C43: =IFERROR(INDEX($C$42:$AK$42,1,1+ROUND(INDEX($H$5:$V$5,1,MATCH("RM03",$H$3:$V$3,0))/7,0)),0) -> 58518 | D43: =IFERROR(INDEX($C$42:$AK$42,1,2+ROUND(INDEX($H$5:$V$5,1,MATCH("RM03",$H$3:$V$3,0))/7,0)),0) -> 41987 | E43: =IFERROR(INDEX($C$42:$AK$42,1,3+ROUND(INDEX($H$5:$V$5,1,MATCH("RM03",$H$3:$V$3,0))/7,0)),0) -> 38270 | F43: =IFERROR(INDEX($C$42:$AK$42,1,4+ROUND(INDEX($H$5:$V$5,1,MATCH("RM03",$H$3:$V$3,0))/7,0)),0) -> 29637 | G43: =IFERROR(INDEX($C$42:$AK$42,1,5+ROUND(INDEX($H$5:$V$5,1,MATCH("RM03",$H$3:$V$3,0))/7,0)),0) -> 25780 | H43: =IFERROR(INDEX($C$42:$AK$42,1,6+ROUND(INDEX($H$5:$V$5,1,MATCH("RM03",$H$3:$V$3,0))/7,0)),0) -> 22109 | I43: =IFERROR(INDEX($C$42:$AK$42,1,7+ROUND(INDEX($H$5:$V$5,1,MATCH("RM03",$H$3:$V$3,0))/7,0)),0) -> 19736 | J43: =IFERROR(INDEX($C$42:$AK$42,1,8+ROUND(INDEX($H$5:$V$5,1,MATCH("RM03",$H$3:$V$3,0))/7,0)),0) -> 23041 | K43: =IFERROR(INDEX($C$42:$AK$42,1,9+ROUND(INDEX($H$5:$V$5,1,MATCH("RM03",$H$3:$V$3,0))/7,0)),0) -> 23040 | L43: =IFERROR(INDEX($C$42:$AK$42,1,10+ROUND(INDEX($H$5:$V$5,1,MATCH("RM03",$H$3:$V$3,0))/7,0)),0) -> 11046 | M43: =IFERROR(INDEX($C$42:$AK$42,1,11+ROUND(INDEX($H$5:$V$5,1,MATCH("RM03",$H$3:$V$3,0))/7,0)),0) -> 8000 | N43: =IFERROR(INDEX($C$42:$AK$42,1,12+ROUND(INDEX($H$5:$V$5,1,MATCH("RM03",$H$3:$V$3,0))/7,0)),0) -> 31636 | O43: =IFERROR(INDEX($C$42:$AK$42,1,13+ROUND(INDEX($H$5:$V$5,1,MATCH("RM03",$H$3:$V$3,0))/7,0)),0) -> 29184 | P43: =IFERROR(INDEX($C$42:$AK$42,1,14+ROUND(INDEX($H$5:$V$5,1,MATCH("RM03",$H$3:$V$3,0))/7,0)),0) -> 9248 | Q43: =IFERROR(INDEX($C$42:$AK$42,1,15+ROUND(INDEX($H$5:$V$5,1,MATCH("RM03",$H$3:$V$3,0))/7,0)),0) -> 8946 | R43: =IFERROR(INDEX($C$42:$AK$42,1,16+ROUND(INDEX($H$5:$V$5,1,MATCH("RM03",$H$3:$V$3,0))/7,0)),0) -> 10655 | S43: =IFERROR(INDEX($C$42:$AK$42,1,17+ROUND(INDEX($H$5:$V$5,1,MATCH("RM03",$H$3:$V$3,0))/7,0)),0) -> 10554 | T43: =IFERROR(INDEX($C$42:$AK$42,1,18+ROUND(INDEX($H$5:$V$5,1,MATCH("RM03",$H$3:$V$3,0))/7,0)),0) -> 8797 | U43: =IFERROR(INDEX($C$42:$AK$42,1,19+ROUND(INDEX($H$5:$V$5,1,MATCH("RM03",$H$3:$V$3,0))/7,0)),0) -> 8398 | V43: =IFERROR(INDEX($C$42:$AK$42,1,20+ROUND(INDEX($H$5:$V$5,1,MATCH("RM03",$H$3:$V$3,0))/7,0)),0) -> 7797 | W43: =IFERROR(INDEX($C$42:$AK$42,1,21+ROUND(INDEX($H$5:$V$5,1,MATCH("RM03",$H$3:$V$3,0))/7,0)),0) -> 6652 | X43: =IFERROR(INDEX($C$42:$AK$42,1,22+ROUND(INDEX($H$5:$V$5,1,MATCH("RM03",$H$3:$V$3,0))/7,0)),0) -> 19977 | Y43: =IFERROR(INDEX($C$42:$AK$42,1,23+ROUND(INDEX($H$5:$V$5,1,MATCH("RM03",$H$3:$V$3,0))/7,0)),0) -> 21425 | Z43: =IFERROR(INDEX($C$42:$AK$42,1,24+ROUND(INDEX($H$5:$V$5,1,MATCH("RM03",$H$3:$V$3,0))/7,0)),0) -> 21424 | AA43: =IFERROR(INDEX($C$42:$AK$42,1,25+ROUND(INDEX($H$5:$V$5,1,MATCH("RM03",$H$3:$V$3,0))/7,0)),0) -> 25215 | AB43: =IFERROR(INDEX($C$42:$AK$42,1,26+ROUND(INDEX($H$5:$V$5,1,MATCH("RM03",$H$3:$V$3,0))/7,0)),0) -> 14085 | AC43: =IFERROR(INDEX($C$42:$AK$42,1,27+ROUND(INDEX($H$5:$V$5,1,MATCH("RM03",$H$3:$V$3,0))/7,0)),0) -> 13788 | AD43: =IFERROR(INDEX($C$42:$AK$42,1,28+ROUND(INDEX($H$5:$V$5,1,MATCH("RM03",$H$3:$V$3,0))/7,0)),0) -> 13787 | AE43: =IFERROR(INDEX($C$42:$AK$42,1,29+ROUND(INDEX($H$5:$V$5,1,MATCH("RM03",$H$3:$V$3,0))/7,0)),0) -> 16538 | AF43: =IFERROR(INDEX($C$42:$AK$42,1,30+ROUND(INDEX($H$5:$V$5,1,MATCH("RM03",$H$3:$V$3,0))/7,0)),0) -> 17009 | AG43: =IFERROR(INDEX($C$42:$AK$42,1,31+ROUND(INDEX($H$5:$V$5,1,MATCH("RM03",$H$3:$V$3,0))/7,0)),0) -> 20756 | AH43: =IFERROR(INDEX($C$42:$AK$42,1,32+ROUND(INDEX($H$5:$V$5,1,MATCH("RM03",$H$3:$V$3,0))/7,0)),0) -> 20753 | AI43: =IFERROR(INDEX($C$42:$AK$42,1,33+ROUND(INDEX($H$5:$V$5,1,MATCH("RM03",$H$3:$V$3,0))/7,0)),0) -> 0 | AJ43: =IFERROR(INDEX($C$42:$AK$42,1,34+ROUND(INDEX($H$5:$V$5,1,MATCH("RM03",$H$3:$V$3,0))/7,0)),0) -> 0 | AK43: =IFERROR(INDEX($C$42:$AK$42,1,35+ROUND(INDEX($H$5:$V$5,1,MATCH("RM03",$H$3:$V$3,0))/7,0)),0) -> 0
A45: Item RM04 | B45: LLC: 1 | C45: Week
A46: Lot size: L4L | B46: ="LT: "&ROUND(INDEX($H$5:$V$5,1,MATCH("RM04",$H$3:$V$3,0))/7,0) -> LT: 20 | C46: {=TRANSPOSE([3]BOM_demand!$A$2:$A$36)} -> 46132 | D46: 46139 | E46: 46146 | F46: 46153 | G46: 46160 | H46: 46167 | I46: 46174 | J46: 46181 | K46: 46188 | L46: 46195 | M46: 46202 | N46: 46209 | O46: 46216 | P46: 46223 | Q46: 46230 | R46: 46237 | S46: 46244 | T46: 46251 | U46: 46258 | V46: 46265 | W46: 46272 | X46: 46279 | Y46: 46286 | Z46: 46293 | AA46: 46300 | AB46: 46307 | AC46: 46314 | AD46: 46321 | AE46: 46328 | AF46: 46335 | AG46: 46342 | AH46: 46349 | AI46: 46356 | AJ46: 46363 | AK46: 46370
A47: Gross requirement | C47: {=TRANSPOSE([3]BOM_demand!$K$2:$K$36)} -> 0 | D47: 1368 | E47: 40000 | F47: 40000 | G47: 22000 | H47: 26000 | I47: 27546 | J47: 14116 | K47: 4080 | L47: 7082 | M47: 24082 | N47: 24080 | O47: 0 | P47: 0 | Q47: 55520 | R47: 52972 | S47: 8496 | T47: 8496 | U47: 8498 | V47: 8496 | W47: 4782 | X47: 4784 | Y47: 4782 | Z47: 4784 | AA47: 32034 | AB47: 32034 | AC47: 32032 | AD47: 32034 | AE47: 8562 | AF47: 8564 | AG47: 8562 | AH47: 8564 | AI47: 8562 | AJ47: 16652 | AK47: 16650
A48: Scheduled receipts | C48: =IFERROR(INDEX($H$7:$V$7,1,MATCH("RM04",$H$3:$V$3,0)),0) -> 30000 | D48: =0 -> 0 | E48: =0 -> 0 | F48: =0 -> 0 | G48: =0 -> 0 | H48: =0 -> 0 | I48: =0 -> 0 | J48: =0 -> 0 | K48: =0 -> 0 | ... AK48: =0 -> 0
A49: Safety stock | B49: =IFERROR(INDEX($H$8:$V$8,1,MATCH("RM04",$H$3:$V$3,0)),0) -> 34070 | C49: =$B49 -> 34070 | D49: =$B49 -> 34070 | E49: =$B49 -> 34070 | F49: =$B49 -> 34070 | G49: =$B49 -> 34070 | H49: =$B49 -> 34070 | I49: =$B49 -> 34070 | J49: =$B49 -> 34070 | ... AK49: =$B49 -> 34070
A50: Projected on hand | B50: =IFERROR(INDEX($H$6:$V$6,1,MATCH("RM04",$H$3:$V$3,0)),0) -> 340000 | C50: =$B50+C48+C52-C47 -> 370000 | D50: =C50+D48+D52-D47 -> 368632 | E50: =D50+E48+E52-E47 -> 328632 | F50: =E50+F48+F52-F47 -> 288632 | G50: =F50+G48+G52-G47 -> 266632 | H50: =G50+H48+H52-H47 -> 240632 | I50: =H50+I48+I52-I47 -> 213086 | J50: =I50+J48+J52-J47 -> 198970 | K50: =J50+K48+K52-K47 -> 194890 | ... AK50: =AJ50+AK48+AK52-AK47 -> 34070
A51: Net requirements | C51: =MAX(C47+C49-($B50+C48),0) -> 0 | D51: =MAX(D47+D49-(C50+D48),0) -> 0 | E51: =MAX(E47+E49-(D50+E48),0) -> 0 | F51: =MAX(F47+F49-(E50+F48),0) -> 0 | G51: =MAX(G47+G49-(F50+G48),0) -> 0 | H51: =MAX(H47+H49-(G50+H48),0) -> 0 | I51: =MAX(I47+I49-(H50+I48),0) -> 0 | J51: =MAX(J47+J49-(I50+J48),0) -> 0 | K51: =MAX(K47+K49-(J50+K48),0) -> 0 | ... AK51: =MAX(AK47+AK49-(AJ50+AK48),0) -> 16650
A52: Planned order receipts | C52: =C51 -> 0 | D52: =D51 -> 0 | E52: =E51 -> 0 | F52: =F51 -> 0 | G52: =G51 -> 0 | H52: =H51 -> 0 | I52: =I51 -> 0 | J52: =J51 -> 0 | ... AK52: =AK51 -> 16650
A53: Planned order releases | C53: =IFERROR(INDEX($C$52:$AK$52,1,1+ROUND(INDEX($H$5:$V$5,1,MATCH("RM04",$H$3:$V$3,0))/7,0)),0) -> 4782 | D53: =IFERROR(INDEX($C$52:$AK$52,1,2+ROUND(INDEX($H$5:$V$5,1,MATCH("RM04",$H$3:$V$3,0))/7,0)),0) -> 4784 | E53: =IFERROR(INDEX($C$52:$AK$52,1,3+ROUND(INDEX($H$5:$V$5,1,MATCH("RM04",$H$3:$V$3,0))/7,0)),0) -> 4782 | F53: =IFERROR(INDEX($C$52:$AK$52,1,4+ROUND(INDEX($H$5:$V$5,1,MATCH("RM04",$H$3:$V$3,0))/7,0)),0) -> 4784 | G53: =IFERROR(INDEX($C$52:$AK$52,1,5+ROUND(INDEX($H$5:$V$5,1,MATCH("RM04",$H$3:$V$3,0))/7,0)),0) -> 32034 | H53: =IFERROR(INDEX($C$52:$AK$52,1,6+ROUND(INDEX($H$5:$V$5,1,MATCH("RM04",$H$3:$V$3,0))/7,0)),0) -> 32034 | I53: =IFERROR(INDEX($C$52:$AK$52,1,7+ROUND(INDEX($H$5:$V$5,1,MATCH("RM04",$H$3:$V$3,0))/7,0)),0) -> 32032 | J53: =IFERROR(INDEX($C$52:$AK$52,1,8+ROUND(INDEX($H$5:$V$5,1,MATCH("RM04",$H$3:$V$3,0))/7,0)),0) -> 32034 | K53: =IFERROR(INDEX($C$52:$AK$52,1,9+ROUND(INDEX($H$5:$V$5,1,MATCH("RM04",$H$3:$V$3,0))/7,0)),0) -> 8562 | L53: =IFERROR(INDEX($C$52:$AK$52,1,10+ROUND(INDEX($H$5:$V$5,1,MATCH("RM04",$H$3:$V$3,0))/7,0)),0) -> 8564 | M53: =IFERROR(INDEX($C$52:$AK$52,1,11+ROUND(INDEX($H$5:$V$5,1,MATCH("RM04",$H$3:$V$3,0))/7,0)),0) -> 8562 | N53: =IFERROR(INDEX($C$52:$AK$52,1,12+ROUND(INDEX($H$5:$V$5,1,MATCH("RM04",$H$3:$V$3,0))/7,0)),0) -> 8564 | O53: =IFERROR(INDEX($C$52:$AK$52,1,13+ROUND(INDEX($H$5:$V$5,1,MATCH("RM04",$H$3:$V$3,0))/7,0)),0) -> 8562 | P53: =IFERROR(INDEX($C$52:$AK$52,1,14+ROUND(INDEX($H$5:$V$5,1,MATCH("RM04",$H$3:$V$3,0))/7,0)),0) -> 16652 | Q53: =IFERROR(INDEX($C$52:$AK$52,1,15+ROUND(INDEX($H$5:$V$5,1,MATCH("RM04",$H$3:$V$3,0))/7,0)),0) -> 16650 | R53: =IFERROR(INDEX($C$52:$AK$52,1,16+ROUND(INDEX($H$5:$V$5,1,MATCH("RM04",$H$3:$V$3,0))/7,0)),0) -> 0 | S53: =IFERROR(INDEX($C$52:$AK$52,1,17+ROUND(INDEX($H$5:$V$5,1,MATCH("RM04",$H$3:$V$3,0))/7,0)),0) -> 0 | T53: =IFERROR(INDEX($C$52:$AK$52,1,18+ROUND(INDEX($H$5:$V$5,1,MATCH("RM04",$H$3:$V$3,0))/7,0)),0) -> 0 | U53: =IFERROR(INDEX($C$52:$AK$52,1,19+ROUND(INDEX($H$5:$V$5,1,MATCH("RM04",$H$3:$V$3,0))/7,0)),0) -> 0 | V53: =IFERROR(INDEX($C$52:$AK$52,1,20+ROUND(INDEX($H$5:$V$5,1,MATCH("RM04",$H$3:$V$3,0))/7,0)),0) -> 0 | W53: =IFERROR(INDEX($C$52:$AK$52,1,21+ROUND(INDEX($H$5:$V$5,1,MATCH("RM04",$H$3:$V$3,0))/7,0)),0) -> 0 | X53: =IFERROR(INDEX($C$52:$AK$52,1,22+ROUND(INDEX($H$5:$V$5,1,MATCH("RM04",$H$3:$V$3,0))/7,0)),0) -> 0 | Y53: =IFERROR(INDEX($C$52:$AK$52,1,23+ROUND(INDEX($H$5:$V$5,1,MATCH("RM04",$H$3:$V$3,0))/7,0)),0) -> 0 | Z53: =IFERROR(INDEX($C$52:$AK$52,1,24+ROUND(INDEX($H$5:$V$5,1,MATCH("RM04",$H$3:$V$3,0))/7,0)),0) -> 0 | AA53: =IFERROR(INDEX($C$52:$AK$52,1,25+ROUND(INDEX($H$5:$V$5,1,MATCH("RM04",$H$3:$V$3,0))/7,0)),0) -> 0 | AB53: =IFERROR(INDEX($C$52:$AK$52,1,26+ROUND(INDEX($H$5:$V$5,1,MATCH("RM04",$H$3:$V$3,0))/7,0)),0) -> 0 | AC53: =IFERROR(INDEX($C$52:$AK$52,1,27+ROUND(INDEX($H$5:$V$5,1,MATCH("RM04",$H$3:$V$3,0))/7,0)),0) -> 0 | AD53: =IFERROR(INDEX($C$52:$AK$52,1,28+ROUND(INDEX($H$5:$V$5,1,MATCH("RM04",$H$3:$V$3,0))/7,0)),0) -> 0 | AE53: =IFERROR(INDEX($C$52:$AK$52,1,29+ROUND(INDEX($H$5:$V$5,1,MATCH("RM04",$H$3:$V$3,0))/7,0)),0) -> 0 | AF53: =IFERROR(INDEX($C$52:$AK$52,1,30+ROUND(INDEX($H$5:$V$5,1,MATCH("RM04",$H$3:$V$3,0))/7,0)),0) -> 0 | AG53: =IFERROR(INDEX($C$52:$AK$52,1,31+ROUND(INDEX($H$5:$V$5,1,MATCH("RM04",$H$3:$V$3,0))/7,0)),0) -> 0 | AH53: =IFERROR(INDEX($C$52:$AK$52,1,32+ROUND(INDEX($H$5:$V$5,1,MATCH("RM04",$H$3:$V$3,0))/7,0)),0) -> 0 | AI53: =IFERROR(INDEX($C$52:$AK$52,1,33+ROUND(INDEX($H$5:$V$5,1,MATCH("RM04",$H$3:$V$3,0))/7,0)),0) -> 0 | AJ53: =IFERROR(INDEX($C$52:$AK$52,1,34+ROUND(INDEX($H$5:$V$5,1,MATCH("RM04",$H$3:$V$3,0))/7,0)),0) -> 0 | AK53: =IFERROR(INDEX($C$52:$AK$52,1,35+ROUND(INDEX($H$5:$V$5,1,MATCH("RM04",$H$3:$V$3,0))/7,0)),0) -> 0
A55: Item RM05 | B55: LLC: 1 | C55: Week
A56: Lot size: L4L | B56: ="LT: "&ROUND(INDEX($H$5:$V$5,1,MATCH("RM05",$H$3:$V$3,0))/7,0) -> LT: 10 | C56: {=TRANSPOSE([3]BOM_demand!$A$2:$A$36)} -> 46132 | D56: 46139 | E56: 46146 | F56: 46153 | G56: 46160 | H56: 46167 | I56: 46174 | J56: 46181 | K56: 46188 | L56: 46195 | M56: 46202 | N56: 46209 | O56: 46216 | P56: 46223 | Q56: 46230 | R56: 46237 | S56: 46244 | T56: 46251 | U56: 46258 | V56: 46265 | W56: 46272 | X56: 46279 | Y56: 46286 | Z56: 46293 | AA56: 46300 | AB56: 46307 | AC56: 46314 | AD56: 46321 | AE56: 46328 | AF56: 46335 | AG56: 46342 | AH56: 46349 | AI56: 46356 | AJ56: 46363 | AK56: 46370
A57: Gross requirement | C57: {=TRANSPOSE([3]BOM_demand!$L$2:$L$36)} -> 0 | D57: 684 | E57: 20000 | F57: 20000 | G57: 11000 | H57: 13000 | I57: 13773 | J57: 7058 | K57: 2040 | L57: 3541 | M57: 12041 | N57: 12040 | O57: 0 | P57: 0 | Q57: 27760 | R57: 26486 | S57: 4248 | T57: 4248 | U57: 4249 | V57: 4248 | W57: 2391 | X57: 2392 | Y57: 2391 | Z57: 2392 | AA57: 16017 | AB57: 16017 | AC57: 16016 | AD57: 16017 | AE57: 4281 | AF57: 4282 | AG57: 4281 | AH57: 4282 | AI57: 4281 | AJ57: 8326 | AK57: 8325
A58: Scheduled receipts | C58: =IFERROR(INDEX($H$7:$V$7,1,MATCH("RM05",$H$3:$V$3,0)),0) -> 0 | D58: =0 -> 0 | E58: =0 -> 0 | F58: =0 -> 0 | G58: =0 -> 0 | H58: =0 -> 0 | I58: =0 -> 0 | J58: =0 -> 0 | K58: =0 -> 0 | ... AK58: =0 -> 0
A59: Safety stock | B59: =IFERROR(INDEX($H$8:$V$8,1,MATCH("RM05",$H$3:$V$3,0)),0) -> 17035 | C59: =$B59 -> 17035 | D59: =$B59 -> 17035 | E59: =$B59 -> 17035 | F59: =$B59 -> 17035 | G59: =$B59 -> 17035 | H59: =$B59 -> 17035 | I59: =$B59 -> 17035 | J59: =$B59 -> 17035 | ... AK59: =$B59 -> 17035
A60: Projected on hand | B60: =IFERROR(INDEX($H$6:$V$6,1,MATCH("RM05",$H$3:$V$3,0)),0) -> 90000 | C60: =$B60+C58+C62-C57 -> 90000 | D60: =C60+D58+D62-D57 -> 89316 | E60: =D60+E58+E62-E57 -> 69316 | F60: =E60+F58+F62-F57 -> 49316 | G60: =F60+G58+G62-G57 -> 38316 | H60: =G60+H58+H62-H57 -> 25316 | I60: =H60+I58+I62-I57 -> 17035 | J60: =I60+J58+J62-J57 -> 17035 | K60: =J60+K58+K62-K57 -> 17035 | ... AK60: =AJ60+AK58+AK62-AK57 -> 17035
A61: Net requirements | C61: =MAX(C57+C59-($B60+C58),0) -> 0 | D61: =MAX(D57+D59-(C60+D58),0) -> 0 | E61: =MAX(E57+E59-(D60+E58),0) -> 0 | F61: =MAX(F57+F59-(E60+F58),0) -> 0 | G61: =MAX(G57+G59-(F60+G58),0) -> 0 | H61: =MAX(H57+H59-(G60+H58),0) -> 0 | I61: =MAX(I57+I59-(H60+I58),0) -> 5492 | J61: =MAX(J57+J59-(I60+J58),0) -> 7058 | K61: =MAX(K57+K59-(J60+K58),0) -> 2040 | ... AK61: =MAX(AK57+AK59-(AJ60+AK58),0) -> 8325
A62: Planned order receipts | C62: =C61 -> 0 | D62: =D61 -> 0 | E62: =E61 -> 0 | F62: =F61 -> 0 | G62: =G61 -> 0 | H62: =H61 -> 0 | I62: =I61 -> 5492 | J62: =J61 -> 7058 | ... AK62: =AK61 -> 8325
A63: Planned order releases | C63: =IFERROR(INDEX($C$62:$AK$62,1,1+ROUND(INDEX($H$5:$V$5,1,MATCH("RM05",$H$3:$V$3,0))/7,0)),0) -> 12041 | D63: =IFERROR(INDEX($C$62:$AK$62,1,2+ROUND(INDEX($H$5:$V$5,1,MATCH("RM05",$H$3:$V$3,0))/7,0)),0) -> 12040 | E63: =IFERROR(INDEX($C$62:$AK$62,1,3+ROUND(INDEX($H$5:$V$5,1,MATCH("RM05",$H$3:$V$3,0))/7,0)),0) -> 0 | F63: =IFERROR(INDEX($C$62:$AK$62,1,4+ROUND(INDEX($H$5:$V$5,1,MATCH("RM05",$H$3:$V$3,0))/7,0)),0) -> 0 | G63: =IFERROR(INDEX($C$62:$AK$62,1,5+ROUND(INDEX($H$5:$V$5,1,MATCH("RM05",$H$3:$V$3,0))/7,0)),0) -> 27760 | H63: =IFERROR(INDEX($C$62:$AK$62,1,6+ROUND(INDEX($H$5:$V$5,1,MATCH("RM05",$H$3:$V$3,0))/7,0)),0) -> 26486 | I63: =IFERROR(INDEX($C$62:$AK$62,1,7+ROUND(INDEX($H$5:$V$5,1,MATCH("RM05",$H$3:$V$3,0))/7,0)),0) -> 4248 | J63: =IFERROR(INDEX($C$62:$AK$62,1,8+ROUND(INDEX($H$5:$V$5,1,MATCH("RM05",$H$3:$V$3,0))/7,0)),0) -> 4248 | K63: =IFERROR(INDEX($C$62:$AK$62,1,9+ROUND(INDEX($H$5:$V$5,1,MATCH("RM05",$H$3:$V$3,0))/7,0)),0) -> 4249 | L63: =IFERROR(INDEX($C$62:$AK$62,1,10+ROUND(INDEX($H$5:$V$5,1,MATCH("RM05",$H$3:$V$3,0))/7,0)),0) -> 4248 | M63: =IFERROR(INDEX($C$62:$AK$62,1,11+ROUND(INDEX($H$5:$V$5,1,MATCH("RM05",$H$3:$V$3,0))/7,0)),0) -> 2391 | N63: =IFERROR(INDEX($C$62:$AK$62,1,12+ROUND(INDEX($H$5:$V$5,1,MATCH("RM05",$H$3:$V$3,0))/7,0)),0) -> 2392 | O63: =IFERROR(INDEX($C$62:$AK$62,1,13+ROUND(INDEX($H$5:$V$5,1,MATCH("RM05",$H$3:$V$3,0))/7,0)),0) -> 2391 | P63: =IFERROR(INDEX($C$62:$AK$62,1,14+ROUND(INDEX($H$5:$V$5,1,MATCH("RM05",$H$3:$V$3,0))/7,0)),0) -> 2392 | Q63: =IFERROR(INDEX($C$62:$AK$62,1,15+ROUND(INDEX($H$5:$V$5,1,MATCH("RM05",$H$3:$V$3,0))/7,0)),0) -> 16017 | R63: =IFERROR(INDEX($C$62:$AK$62,1,16+ROUND(INDEX($H$5:$V$5,1,MATCH("RM05",$H$3:$V$3,0))/7,0)),0) -> 16017 | S63: =IFERROR(INDEX($C$62:$AK$62,1,17+ROUND(INDEX($H$5:$V$5,1,MATCH("RM05",$H$3:$V$3,0))/7,0)),0) -> 16016 | T63: =IFERROR(INDEX($C$62:$AK$62,1,18+ROUND(INDEX($H$5:$V$5,1,MATCH("RM05",$H$3:$V$3,0))/7,0)),0) -> 16017 | U63: =IFERROR(INDEX($C$62:$AK$62,1,19+ROUND(INDEX($H$5:$V$5,1,MATCH("RM05",$H$3:$V$3,0))/7,0)),0) -> 4281 | V63: =IFERROR(INDEX($C$62:$AK$62,1,20+ROUND(INDEX($H$5:$V$5,1,MATCH("RM05",$H$3:$V$3,0))/7,0)),0) -> 4282 | W63: =IFERROR(INDEX($C$62:$AK$62,1,21+ROUND(INDEX($H$5:$V$5,1,MATCH("RM05",$H$3:$V$3,0))/7,0)),0) -> 4281 | X63: =IFERROR(INDEX($C$62:$AK$62,1,22+ROUND(INDEX($H$5:$V$5,1,MATCH("RM05",$H$3:$V$3,0))/7,0)),0) -> 4282 | Y63: =IFERROR(INDEX($C$62:$AK$62,1,23+ROUND(INDEX($H$5:$V$5,1,MATCH("RM05",$H$3:$V$3,0))/7,0)),0) -> 4281 | Z63: =IFERROR(INDEX($C$62:$AK$62,1,24+ROUND(INDEX($H$5:$V$5,1,MATCH("RM05",$H$3:$V$3,0))/7,0)),0) -> 8326 | AA63: =IFERROR(INDEX($C$62:$AK$62,1,25+ROUND(INDEX($H$5:$V$5,1,MATCH("RM05",$H$3:$V$3,0))/7,0)),0) -> 8325 | AB63: =IFERROR(INDEX($C$62:$AK$62,1,26+ROUND(INDEX($H$5:$V$5,1,MATCH("RM05",$H$3:$V$3,0))/7,0)),0) -> 0 | AC63: =IFERROR(INDEX($C$62:$AK$62,1,27+ROUND(INDEX($H$5:$V$5,1,MATCH("RM05",$H$3:$V$3,0))/7,0)),0) -> 0 | AD63: =IFERROR(INDEX($C$62:$AK$62,1,28+ROUND(INDEX($H$5:$V$5,1,MATCH("RM05",$H$3:$V$3,0))/7,0)),0) -> 0 | AE63: =IFERROR(INDEX($C$62:$AK$62,1,29+ROUND(INDEX($H$5:$V$5,1,MATCH("RM05",$H$3:$V$3,0))/7,0)),0) -> 0 | AF63: =IFERROR(INDEX($C$62:$AK$62,1,30+ROUND(INDEX($H$5:$V$5,1,MATCH("RM05",$H$3:$V$3,0))/7,0)),0) -> 0 | AG63: =IFERROR(INDEX($C$62:$AK$62,1,31+ROUND(INDEX($H$5:$V$5,1,MATCH("RM05",$H$3:$V$3,0))/7,0)),0) -> 0 | AH63: =IFERROR(INDEX($C$62:$AK$62,1,32+ROUND(INDEX($H$5:$V$5,1,MATCH("RM05",$H$3:$V$3,0))/7,0)),0) -> 0 | AI63: =IFERROR(INDEX($C$62:$AK$62,1,33+ROUND(INDEX($H$5:$V$5,1,MATCH("RM05",$H$3:$V$3,0))/7,0)),0) -> 0 | AJ63: =IFERROR(INDEX($C$62:$AK$62,1,34+ROUND(INDEX($H$5:$V$5,1,MATCH("RM05",$H$3:$V$3,0))/7,0)),0) -> 0 | AK63: =IFERROR(INDEX($C$62:$AK$62,1,35+ROUND(INDEX($H$5:$V$5,1,MATCH("RM05",$H$3:$V$3,0))/7,0)),0) -> 0
A65: Item RM06 | B65: LLC: 1 | C65: Week
A66: Lot size: L4L | B66: ="LT: "&ROUND(INDEX($H$5:$V$5,1,MATCH("RM06",$H$3:$V$3,0))/7,0) -> LT: 5 | C66: {=TRANSPOSE([3]BOM_demand!$A$2:$A$36)} -> 46132 | D66: 46139 | E66: 46146 | F66: 46153 | G66: 46160 | H66: 46167 | I66: 46174 | J66: 46181 | K66: 46188 | L66: 46195 | M66: 46202 | N66: 46209 | O66: 46216 | P66: 46223 | Q66: 46230 | R66: 46237 | S66: 46244 | T66: 46251 | U66: 46258 | V66: 46265 | W66: 46272 | X66: 46279 | Y66: 46286 | Z66: 46293 | AA66: 46300 | AB66: 46307 | AC66: 46314 | AD66: 46321 | AE66: 46328 | AF66: 46335 | AG66: 46342 | AH66: 46349 | AI66: 46356 | AJ66: 46363 | AK66: 46370
A67: Gross requirement | C67: {=TRANSPOSE([3]BOM_demand!$M$2:$M$36)} -> 0 | D67: 0 | E67: 13755 | F67: 39145 | G67: 22162.5 | H67: 5365 | I67: 17807.5 | J67: 13272.5 | K67: 13272.5 | L67: 7500 | M67: 7500 | N67: 7500 | O67: 7500 | P67: 6000 | Q67: 6000 | R67: 0 | S67: 6000 | T67: 6000 | U67: 9375 | V67: 9375 | W67: 9375 | X67: 9375 | Y67: 7500 | Z67: 7500 | AA67: 7500 | AB67: 7500 | AC67: 7500 | AD67: 15625 | AE67: 15625 | AF67: 15625 | AG67: 15625 | AH67: 15625 | AI67: 15625 | AJ67: 15625 | AK67: 15625
A68: Scheduled receipts | C68: =IFERROR(INDEX($H$7:$V$7,1,MATCH("RM06",$H$3:$V$3,0)),0) -> 0 | D68: =0 -> 0 | E68: =0 -> 0 | F68: =0 -> 0 | G68: =0 -> 0 | H68: =0 -> 0 | I68: =0 -> 0 | J68: =0 -> 0 | K68: =0 -> 0 | ... AK68: =0 -> 0
A69: Safety stock | B69: =IFERROR(INDEX($H$8:$V$8,1,MATCH("RM06",$H$3:$V$3,0)),0) -> 21645 | C69: =$B69 -> 21645 | D69: =$B69 -> 21645 | E69: =$B69 -> 21645 | F69: =$B69 -> 21645 | G69: =$B69 -> 21645 | H69: =$B69 -> 21645 | I69: =$B69 -> 21645 | J69: =$B69 -> 21645 | ... AK69: =$B69 -> 21645
A70: Projected on hand | B70: =IFERROR(INDEX($H$6:$V$6,1,MATCH("RM06",$H$3:$V$3,0)),0) -> 76000 | C70: =$B70+C68+C72-C67 -> 76000 | D70: =C70+D68+D72-D67 -> 76000 | E70: =D70+E68+E72-E67 -> 62245 | F70: =E70+F68+F72-F67 -> 23100 | G70: =F70+G68+G72-G67 -> 21645 | H70: =G70+H68+H72-H67 -> 21645 | I70: =H70+I68+I72-I67 -> 21645 | J70: =I70+J68+J72-J67 -> 21645 | K70: =J70+K68+K72-K67 -> 21645 | ... AK70: =AJ70+AK68+AK72-AK67 -> 21645
A71: Net requirements | C71: =MAX(C67+C69-($B70+C68),0) -> 0 | D71: =MAX(D67+D69-(C70+D68),0) -> 0 | E71: =MAX(E67+E69-(D70+E68),0) -> 0 | F71: =MAX(F67+F69-(E70+F68),0) -> 0 | G71: =MAX(G67+G69-(F70+G68),0) -> 20707.5 | H71: =MAX(H67+H69-(G70+H68),0) -> 5365 | I71: =MAX(I67+I69-(H70+I68),0) -> 17807.5 | J71: =MAX(J67+J69-(I70+J68),0) -> 13272.5 | K71: =MAX(K67+K69-(J70+K68),0) -> 13272.5 | ... AK71: =MAX(AK67+AK69-(AJ70+AK68),0) -> 15625
A72: Planned order receipts | C72: =C71 -> 0 | D72: =D71 -> 0 | E72: =E71 -> 0 | F72: =F71 -> 0 | G72: =G71 -> 20707.5 | H72: =H71 -> 5365 | I72: =I71 -> 17807.5 | J72: =J71 -> 13272.5 | ... AK72: =AK71 -> 15625
A73: Planned order releases | C73: =IFERROR(INDEX($C$72:$AK$72,1,1+ROUND(INDEX($H$5:$V$5,1,MATCH("RM06",$H$3:$V$3,0))/7,0)),0) -> 5365 | D73: =IFERROR(INDEX($C$72:$AK$72,1,2+ROUND(INDEX($H$5:$V$5,1,MATCH("RM06",$H$3:$V$3,0))/7,0)),0) -> 17807.5 | E73: =IFERROR(INDEX($C$72:$AK$72,1,3+ROUND(INDEX($H$5:$V$5,1,MATCH("RM06",$H$3:$V$3,0))/7,0)),0) -> 13272.5 | F73: =IFERROR(INDEX($C$72:$AK$72,1,4+ROUND(INDEX($H$5:$V$5,1,MATCH("RM06",$H$3:$V$3,0))/7,0)),0) -> 13272.5 | G73: =IFERROR(INDEX($C$72:$AK$72,1,5+ROUND(INDEX($H$5:$V$5,1,MATCH("RM06",$H$3:$V$3,0))/7,0)),0) -> 7500 | H73: =IFERROR(INDEX($C$72:$AK$72,1,6+ROUND(INDEX($H$5:$V$5,1,MATCH("RM06",$H$3:$V$3,0))/7,0)),0) -> 7500 | I73: =IFERROR(INDEX($C$72:$AK$72,1,7+ROUND(INDEX($H$5:$V$5,1,MATCH("RM06",$H$3:$V$3,0))/7,0)),0) -> 7500 | J73: =IFERROR(INDEX($C$72:$AK$72,1,8+ROUND(INDEX($H$5:$V$5,1,MATCH("RM06",$H$3:$V$3,0))/7,0)),0) -> 7500 | K73: =IFERROR(INDEX($C$72:$AK$72,1,9+ROUND(INDEX($H$5:$V$5,1,MATCH("RM06",$H$3:$V$3,0))/7,0)),0) -> 6000 | L73: =IFERROR(INDEX($C$72:$AK$72,1,10+ROUND(INDEX($H$5:$V$5,1,MATCH("RM06",$H$3:$V$3,0))/7,0)),0) -> 6000 | M73: =IFERROR(INDEX($C$72:$AK$72,1,11+ROUND(INDEX($H$5:$V$5,1,MATCH("RM06",$H$3:$V$3,0))/7,0)),0) -> 0 | N73: =IFERROR(INDEX($C$72:$AK$72,1,12+ROUND(INDEX($H$5:$V$5,1,MATCH("RM06",$H$3:$V$3,0))/7,0)),0) -> 6000 | O73: =IFERROR(INDEX($C$72:$AK$72,1,13+ROUND(INDEX($H$5:$V$5,1,MATCH("RM06",$H$3:$V$3,0))/7,0)),0) -> 6000 | P73: =IFERROR(INDEX($C$72:$AK$72,1,14+ROUND(INDEX($H$5:$V$5,1,MATCH("RM06",$H$3:$V$3,0))/7,0)),0) -> 9375 | Q73: =IFERROR(INDEX($C$72:$AK$72,1,15+ROUND(INDEX($H$5:$V$5,1,MATCH("RM06",$H$3:$V$3,0))/7,0)),0) -> 9375 | R73: =IFERROR(INDEX($C$72:$AK$72,1,16+ROUND(INDEX($H$5:$V$5,1,MATCH("RM06",$H$3:$V$3,0))/7,0)),0) -> 9375 | S73: =IFERROR(INDEX($C$72:$AK$72,1,17+ROUND(INDEX($H$5:$V$5,1,MATCH("RM06",$H$3:$V$3,0))/7,0)),0) -> 9375 | T73: =IFERROR(INDEX($C$72:$AK$72,1,18+ROUND(INDEX($H$5:$V$5,1,MATCH("RM06",$H$3:$V$3,0))/7,0)),0) -> 7500 | U73: =IFERROR(INDEX($C$72:$AK$72,1,19+ROUND(INDEX($H$5:$V$5,1,MATCH("RM06",$H$3:$V$3,0))/7,0)),0) -> 7500 | V73: =IFERROR(INDEX($C$72:$AK$72,1,20+ROUND(INDEX($H$5:$V$5,1,MATCH("RM06",$H$3:$V$3,0))/7,0)),0) -> 7500 | W73: =IFERROR(INDEX($C$72:$AK$72,1,21+ROUND(INDEX($H$5:$V$5,1,MATCH("RM06",$H$3:$V$3,0))/7,0)),0) -> 7500 | X73: =IFERROR(INDEX($C$72:$AK$72,1,22+ROUND(INDEX($H$5:$V$5,1,MATCH("RM06",$H$3:$V$3,0))/7,0)),0) -> 7500 | Y73: =IFERROR(INDEX($C$72:$AK$72,1,23+ROUND(INDEX($H$5:$V$5,1,MATCH("RM06",$H$3:$V$3,0))/7,0)),0) -> 15625 | Z73: =IFERROR(INDEX($C$72:$AK$72,1,24+ROUND(INDEX($H$5:$V$5,1,MATCH("RM06",$H$3:$V$3,0))/7,0)),0) -> 15625 | AA73: =IFERROR(INDEX($C$72:$AK$72,1,25+ROUND(INDEX($H$5:$V$5,1,MATCH("RM06",$H$3:$V$3,0))/7,0)),0) -> 15625 | AB73: =IFERROR(INDEX($C$72:$AK$72,1,26+ROUND(INDEX($H$5:$V$5,1,MATCH("RM06",$H$3:$V$3,0))/7,0)),0) -> 15625 | AC73: =IFERROR(INDEX($C$72:$AK$72,1,27+ROUND(INDEX($H$5:$V$5,1,MATCH("RM06",$H$3:$V$3,0))/7,0)),0) -> 15625 | AD73: =IFERROR(INDEX($C$72:$AK$72,1,28+ROUND(INDEX($H$5:$V$5,1,MATCH("RM06",$H$3:$V$3,0))/7,0)),0) -> 15625 | AE73: =IFERROR(INDEX($C$72:$AK$72,1,29+ROUND(INDEX($H$5:$V$5,1,MATCH("RM06",$H$3:$V$3,0))/7,0)),0) -> 15625 | AF73: =IFERROR(INDEX($C$72:$AK$72,1,30+ROUND(INDEX($H$5:$V$5,1,MATCH("RM06",$H$3:$V$3,0))/7,0)),0) -> 15625 | AG73: =IFERROR(INDEX($C$72:$AK$72,1,31+ROUND(INDEX($H$5:$V$5,1,MATCH("RM06",$H$3:$V$3,0))/7,0)),0) -> 0 | AH73: =IFERROR(INDEX($C$72:$AK$72,1,32+ROUND(INDEX($H$5:$V$5,1,MATCH("RM06",$H$3:$V$3,0))/7,0)),0) -> 0 | AI73: =IFERROR(INDEX($C$72:$AK$72,1,33+ROUND(INDEX($H$5:$V$5,1,MATCH("RM06",$H$3:$V$3,0))/7,0)),0) -> 0 | AJ73: =IFERROR(INDEX($C$72:$AK$72,1,34+ROUND(INDEX($H$5:$V$5,1,MATCH("RM06",$H$3:$V$3,0))/7,0)),0) -> 0 | AK73: =IFERROR(INDEX($C$72:$AK$72,1,35+ROUND(INDEX($H$5:$V$5,1,MATCH("RM06",$H$3:$V$3,0))/7,0)),0) -> 0
A75: Item RM07 | B75: LLC: 1 | C75: Week
A76: Lot size: L4L | B76: ="LT: "&ROUND(INDEX($H$5:$V$5,1,MATCH("RM07",$H$3:$V$3,0))/7,0) -> LT: 6 | C76: {=TRANSPOSE([3]BOM_demand!$A$2:$A$36)} -> 46132 | D76: 46139 | E76: 46146 | F76: 46153 | G76: 46160 | H76: 46167 | I76: 46174 | J76: 46181 | K76: 46188 | L76: 46195 | M76: 46202 | N76: 46209 | O76: 46216 | P76: 46223 | Q76: 46230 | R76: 46237 | S76: 46244 | T76: 46251 | U76: 46258 | V76: 46265 | W76: 46272 | X76: 46279 | Y76: 46286 | Z76: 46293 | AA76: 46300 | AB76: 46307 | AC76: 46314 | AD76: 46321 | AE76: 46328 | AF76: 46335 | AG76: 46342 | AH76: 46349 | AI76: 46356 | AJ76: 46363 | AK76: 46370
A77: Gross requirement | C77: {=TRANSPOSE([3]BOM_demand!$N$2:$N$36)} -> 0 | D77: 0 | E77: 8253 | F77: 23487 | G77: 13297.5 | H77: 3219 | I77: 10684.5 | J77: 7963.5 | K77: 7963.5 | L77: 4500 | M77: 4500 | N77: 4500 | O77: 4500 | P77: 3600 | Q77: 3600 | R77: 0 | S77: 3600 | T77: 3600 | U77: 5625 | V77: 5625 | W77: 5625 | X77: 5625 | Y77: 4500 | Z77: 4500 | AA77: 4500 | AB77: 4500 | AC77: 4500 | AD77: 9375 | AE77: 9375 | AF77: 9375 | AG77: 9375 | AH77: 9375 | AI77: 9375 | AJ77: 9375 | AK77: 9375
A78: Scheduled receipts | C78: =IFERROR(INDEX($H$7:$V$7,1,MATCH("RM07",$H$3:$V$3,0)),0) -> 0 | D78: =0 -> 0 | E78: =0 -> 0 | F78: =0 -> 0 | G78: =0 -> 0 | H78: =0 -> 0 | I78: =0 -> 0 | J78: =0 -> 0 | K78: =0 -> 0 | ... AK78: =0 -> 0
A79: Safety stock | B79: =IFERROR(INDEX($H$8:$V$8,1,MATCH("RM07",$H$3:$V$3,0)),0) -> 12987 | C79: =$B79 -> 12987 | D79: =$B79 -> 12987 | E79: =$B79 -> 12987 | F79: =$B79 -> 12987 | G79: =$B79 -> 12987 | H79: =$B79 -> 12987 | I79: =$B79 -> 12987 | J79: =$B79 -> 12987 | ... AK79: =$B79 -> 12987
A80: Projected on hand | B80: =IFERROR(INDEX($H$6:$V$6,1,MATCH("RM07",$H$3:$V$3,0)),0) -> 50000 | C80: =$B80+C78+C82-C77 -> 50000 | D80: =C80+D78+D82-D77 -> 50000 | E80: =D80+E78+E82-E77 -> 41747 | F80: =E80+F78+F82-F77 -> 18260 | G80: =F80+G78+G82-G77 -> 12987 | H80: =G80+H78+H82-H77 -> 12987 | I80: =H80+I78+I82-I77 -> 12987 | J80: =I80+J78+J82-J77 -> 12987 | K80: =J80+K78+K82-K77 -> 12987 | ... AK80: =AJ80+AK78+AK82-AK77 -> 12987
A81: Net requirements | C81: =MAX(C77+C79-($B80+C78),0) -> 0 | D81: =MAX(D77+D79-(C80+D78),0) -> 0 | E81: =MAX(E77+E79-(D80+E78),0) -> 0 | F81: =MAX(F77+F79-(E80+F78),0) -> 0 | G81: =MAX(G77+G79-(F80+G78),0) -> 8024.5 | H81: =MAX(H77+H79-(G80+H78),0) -> 3219 | I81: =MAX(I77+I79-(H80+I78),0) -> 10684.5 | J81: =MAX(J77+J79-(I80+J78),0) -> 7963.5 | K81: =MAX(K77+K79-(J80+K78),0) -> 7963.5 | ... AK81: =MAX(AK77+AK79-(AJ80+AK78),0) -> 9375
A82: Planned order receipts | C82: =C81 -> 0 | D82: =D81 -> 0 | E82: =E81 -> 0 | F82: =F81 -> 0 | G82: =G81 -> 8024.5 | H82: =H81 -> 3219 | I82: =I81 -> 10684.5 | J82: =J81 -> 7963.5 | ... AK82: =AK81 -> 9375
A83: Planned order releases | C83: =IFERROR(INDEX($C$82:$AK$82,1,1+ROUND(INDEX($H$5:$V$5,1,MATCH("RM07",$H$3:$V$3,0))/7,0)),0) -> 10684.5 | D83: =IFERROR(INDEX($C$82:$AK$82,1,2+ROUND(INDEX($H$5:$V$5,1,MATCH("RM07",$H$3:$V$3,0))/7,0)),0) -> 7963.5 | E83: =IFERROR(INDEX($C$82:$AK$82,1,3+ROUND(INDEX($H$5:$V$5,1,MATCH("RM07",$H$3:$V$3,0))/7,0)),0) -> 7963.5 | F83: =IFERROR(INDEX($C$82:$AK$82,1,4+ROUND(INDEX($H$5:$V$5,1,MATCH("RM07",$H$3:$V$3,0))/7,0)),0) -> 4500 | G83: =IFERROR(INDEX($C$82:$AK$82,1,5+ROUND(INDEX($H$5:$V$5,1,MATCH("RM07",$H$3:$V$3,0))/7,0)),0) -> 4500 | H83: =IFERROR(INDEX($C$82:$AK$82,1,6+ROUND(INDEX($H$5:$V$5,1,MATCH("RM07",$H$3:$V$3,0))/7,0)),0) -> 4500 | I83: =IFERROR(INDEX($C$82:$AK$82,1,7+ROUND(INDEX($H$5:$V$5,1,MATCH("RM07",$H$3:$V$3,0))/7,0)),0) -> 4500 | J83: =IFERROR(INDEX($C$82:$AK$82,1,8+ROUND(INDEX($H$5:$V$5,1,MATCH("RM07",$H$3:$V$3,0))/7,0)),0) -> 3600 | K83: =IFERROR(INDEX($C$82:$AK$82,1,9+ROUND(INDEX($H$5:$V$5,1,MATCH("RM07",$H$3:$V$3,0))/7,0)),0) -> 3600 | L83: =IFERROR(INDEX($C$82:$AK$82,1,10+ROUND(INDEX($H$5:$V$5,1,MATCH("RM07",$H$3:$V$3,0))/7,0)),0) -> 0 | M83: =IFERROR(INDEX($C$82:$AK$82,1,11+ROUND(INDEX($H$5:$V$5,1,MATCH("RM07",$H$3:$V$3,0))/7,0)),0) -> 3600 | N83: =IFERROR(INDEX($C$82:$AK$82,1,12+ROUND(INDEX($H$5:$V$5,1,MATCH("RM07",$H$3:$V$3,0))/7,0)),0) -> 3600 | O83: =IFERROR(INDEX($C$82:$AK$82,1,13+ROUND(INDEX($H$5:$V$5,1,MATCH("RM07",$H$3:$V$3,0))/7,0)),0) -> 5625 | P83: =IFERROR(INDEX($C$82:$AK$82,1,14+ROUND(INDEX($H$5:$V$5,1,MATCH("RM07",$H$3:$V$3,0))/7,0)),0) -> 5625 | Q83: =IFERROR(INDEX($C$82:$AK$82,1,15+ROUND(INDEX($H$5:$V$5,1,MATCH("RM07",$H$3:$V$3,0))/7,0)),0) -> 5625 | R83: =IFERROR(INDEX($C$82:$AK$82,1,16+ROUND(INDEX($H$5:$V$5,1,MATCH("RM07",$H$3:$V$3,0))/7,0)),0) -> 5625 | S83: =IFERROR(INDEX($C$82:$AK$82,1,17+ROUND(INDEX($H$5:$V$5,1,MATCH("RM07",$H$3:$V$3,0))/7,0)),0) -> 4500 | T83: =IFERROR(INDEX($C$82:$AK$82,1,18+ROUND(INDEX($H$5:$V$5,1,MATCH("RM07",$H$3:$V$3,0))/7,0)),0) -> 4500 | U83: =IFERROR(INDEX($C$82:$AK$82,1,19+ROUND(INDEX($H$5:$V$5,1,MATCH("RM07",$H$3:$V$3,0))/7,0)),0) -> 4500 | V83: =IFERROR(INDEX($C$82:$AK$82,1,20+ROUND(INDEX($H$5:$V$5,1,MATCH("RM07",$H$3:$V$3,0))/7,0)),0) -> 4500 | W83: =IFERROR(INDEX($C$82:$AK$82,1,21+ROUND(INDEX($H$5:$V$5,1,MATCH("RM07",$H$3:$V$3,0))/7,0)),0) -> 4500 | X83: =IFERROR(INDEX($C$82:$AK$82,1,22+ROUND(INDEX($H$5:$V$5,1,MATCH("RM07",$H$3:$V$3,0))/7,0)),0) -> 9375 | Y83: =IFERROR(INDEX($C$82:$AK$82,1,23+ROUND(INDEX($H$5:$V$5,1,MATCH("RM07",$H$3:$V$3,0))/7,0)),0) -> 9375 | Z83: =IFERROR(INDEX($C$82:$AK$82,1,24+ROUND(INDEX($H$5:$V$5,1,MATCH("RM07",$H$3:$V$3,0))/7,0)),0) -> 9375 | AA83: =IFERROR(INDEX($C$82:$AK$82,1,25+ROUND(INDEX($H$5:$V$5,1,MATCH("RM07",$H$3:$V$3,0))/7,0)),0) -> 9375 | AB83: =IFERROR(INDEX($C$82:$AK$82,1,26+ROUND(INDEX($H$5:$V$5,1,MATCH("RM07",$H$3:$V$3,0))/7,0)),0) -> 9375 | AC83: =IFERROR(INDEX($C$82:$AK$82,1,27+ROUND(INDEX($H$5:$V$5,1,MATCH("RM07",$H$3:$V$3,0))/7,0)),0) -> 9375 | AD83: =IFERROR(INDEX($C$82:$AK$82,1,28+ROUND(INDEX($H$5:$V$5,1,MATCH("RM07",$H$3:$V$3,0))/7,0)),0) -> 9375 | AE83: =IFERROR(INDEX($C$82:$AK$82,1,29+ROUND(INDEX($H$5:$V$5,1,MATCH("RM07",$H$3:$V$3,0))/7,0)),0) -> 9375 | AF83: =IFERROR(INDEX($C$82:$AK$82,1,30+ROUND(INDEX($H$5:$V$5,1,MATCH("RM07",$H$3:$V$3,0))/7,0)),0) -> 0 | AG83: =IFERROR(INDEX($C$82:$AK$82,1,31+ROUND(INDEX($H$5:$V$5,1,MATCH("RM07",$H$3:$V$3,0))/7,0)),0) -> 0 | AH83: =IFERROR(INDEX($C$82:$AK$82,1,32+ROUND(INDEX($H$5:$V$5,1,MATCH("RM07",$H$3:$V$3,0))/7,0)),0) -> 0 | AI83: =IFERROR(INDEX($C$82:$AK$82,1,33+ROUND(INDEX($H$5:$V$5,1,MATCH("RM07",$H$3:$V$3,0))/7,0)),0) -> 0 | AJ83: =IFERROR(INDEX($C$82:$AK$82,1,34+ROUND(INDEX($H$5:$V$5,1,MATCH("RM07",$H$3:$V$3,0))/7,0)),0) -> 0 | AK83: =IFERROR(INDEX($C$82:$AK$82,1,35+ROUND(INDEX($H$5:$V$5,1,MATCH("RM07",$H$3:$V$3,0))/7,0)),0) -> 0
A85: Item RM08 | B85: LLC: 1 | C85: Week
A86: Lot size: L4L | B86: ="LT: "&ROUND(INDEX($H$5:$V$5,1,MATCH("RM08",$H$3:$V$3,0))/7,0) -> LT: 9 | C86: {=TRANSPOSE([3]BOM_demand!$A$2:$A$36)} -> 46132 | D86: 46139 | E86: 46146 | F86: 46153 | G86: 46160 | H86: 46167 | I86: 46174 | J86: 46181 | K86: 46188 | L86: 46195 | M86: 46202 | N86: 46209 | O86: 46216 | P86: 46223 | Q86: 46230 | R86: 46237 | S86: 46244 | T86: 46251 | U86: 46258 | V86: 46265 | W86: 46272 | X86: 46279 | Y86: 46286 | Z86: 46293 | AA86: 46300 | AB86: 46307 | AC86: 46314 | AD86: 46321 | AE86: 46328 | AF86: 46335 | AG86: 46342 | AH86: 46349 | AI86: 46356 | AJ86: 46363 | AK86: 46370
A87: Gross requirement | C87: {=TRANSPOSE([3]BOM_demand!$O$2:$O$36)} -> 0 | D87: 0 | E87: 12960 | F87: 25110 | G87: 35346 | H87: 31572 | I87: 9720 | J87: 19326 | K87: 26406 | L87: 23085 | M87: 7500 | N87: 7500 | O87: 7500 | P87: 3000 | Q87: 3000 | R87: 3000 | S87: 3000 | T87: 3000 | U87: 2250 | V87: 2250 | W87: 2250 | X87: 2250 | Y87: 1800 | Z87: 1800 | AA87: 1800 | AB87: 1800 | AC87: 1800 | AD87: 1500 | AE87: 1500 | AF87: 1500 | AG87: 1500 | AH87: 9000 | AI87: 9000 | AJ87: 9000 | AK87: 9000
A88: Scheduled receipts | C88: =IFERROR(INDEX($H$7:$V$7,1,MATCH("RM08",$H$3:$V$3,0)),0) -> 38000 | D88: =0 -> 0 | E88: =0 -> 0 | F88: =0 -> 0 | G88: =0 -> 0 | H88: =0 -> 0 | I88: =0 -> 0 | J88: =0 -> 0 | K88: =0 -> 0 | ... AK88: =0 -> 0
A89: Safety stock | B89: =IFERROR(INDEX($H$8:$V$8,1,MATCH("RM08",$H$3:$V$3,0)),0) -> 16059 | C89: =$B89 -> 16059 | D89: =$B89 -> 16059 | E89: =$B89 -> 16059 | F89: =$B89 -> 16059 | G89: =$B89 -> 16059 | H89: =$B89 -> 16059 | I89: =$B89 -> 16059 | J89: =$B89 -> 16059 | ... AK89: =$B89 -> 16059
A90: Projected on hand | B90: =IFERROR(INDEX($H$6:$V$6,1,MATCH("RM08",$H$3:$V$3,0)),0) -> 123000 | C90: =$B90+C88+C92-C87 -> 161000 | D90: =C90+D88+D92-D87 -> 161000 | E90: =D90+E88+E92-E87 -> 148040 | F90: =E90+F88+F92-F87 -> 122930 | G90: =F90+G88+G92-G87 -> 87584 | H90: =G90+H88+H92-H87 -> 56012 | I90: =H90+I88+I92-I87 -> 46292 | J90: =I90+J88+J92-J87 -> 26966 | K90: =J90+K88+K92-K87 -> 16059 | ... AK90: =AJ90+AK88+AK92-AK87 -> 16059
A91: Net requirements | C91: =MAX(C87+C89-($B90+C88),0) -> 0 | D91: =MAX(D87+D89-(C90+D88),0) -> 0 | E91: =MAX(E87+E89-(D90+E88),0) -> 0 | F91: =MAX(F87+F89-(E90+F88),0) -> 0 | G91: =MAX(G87+G89-(F90+G88),0) -> 0 | H91: =MAX(H87+H89-(G90+H88),0) -> 0 | I91: =MAX(I87+I89-(H90+I88),0) -> 0 | J91: =MAX(J87+J89-(I90+J88),0) -> 0 | K91: =MAX(K87+K89-(J90+K88),0) -> 15499 | ... AK91: =MAX(AK87+AK89-(AJ90+AK88),0) -> 9000
A92: Planned order receipts | C92: =C91 -> 0 | D92: =D91 -> 0 | E92: =E91 -> 0 | F92: =F91 -> 0 | G92: =G91 -> 0 | H92: =H91 -> 0 | I92: =I91 -> 0 | J92: =J91 -> 0 | ... AK92: =AK91 -> 9000
A93: Planned order releases | C93: =IFERROR(INDEX($C$92:$AK$92,1,1+ROUND(INDEX($H$5:$V$5,1,MATCH("RM08",$H$3:$V$3,0))/7,0)),0) -> 23085 | D93: =IFERROR(INDEX($C$92:$AK$92,1,2+ROUND(INDEX($H$5:$V$5,1,MATCH("RM08",$H$3:$V$3,0))/7,0)),0) -> 7500 | E93: =IFERROR(INDEX($C$92:$AK$92,1,3+ROUND(INDEX($H$5:$V$5,1,MATCH("RM08",$H$3:$V$3,0))/7,0)),0) -> 7500 | F93: =IFERROR(INDEX($C$92:$AK$92,1,4+ROUND(INDEX($H$5:$V$5,1,MATCH("RM08",$H$3:$V$3,0))/7,0)),0) -> 7500 | G93: =IFERROR(INDEX($C$92:$AK$92,1,5+ROUND(INDEX($H$5:$V$5,1,MATCH("RM08",$H$3:$V$3,0))/7,0)),0) -> 3000 | H93: =IFERROR(INDEX($C$92:$AK$92,1,6+ROUND(INDEX($H$5:$V$5,1,MATCH("RM08",$H$3:$V$3,0))/7,0)),0) -> 3000 | I93: =IFERROR(INDEX($C$92:$AK$92,1,7+ROUND(INDEX($H$5:$V$5,1,MATCH("RM08",$H$3:$V$3,0))/7,0)),0) -> 3000 | J93: =IFERROR(INDEX($C$92:$AK$92,1,8+ROUND(INDEX($H$5:$V$5,1,MATCH("RM08",$H$3:$V$3,0))/7,0)),0) -> 3000 | K93: =IFERROR(INDEX($C$92:$AK$92,1,9+ROUND(INDEX($H$5:$V$5,1,MATCH("RM08",$H$3:$V$3,0))/7,0)),0) -> 3000 | L93: =IFERROR(INDEX($C$92:$AK$92,1,10+ROUND(INDEX($H$5:$V$5,1,MATCH("RM08",$H$3:$V$3,0))/7,0)),0) -> 2250 | M93: =IFERROR(INDEX($C$92:$AK$92,1,11+ROUND(INDEX($H$5:$V$5,1,MATCH("RM08",$H$3:$V$3,0))/7,0)),0) -> 2250 | N93: =IFERROR(INDEX($C$92:$AK$92,1,12+ROUND(INDEX($H$5:$V$5,1,MATCH("RM08",$H$3:$V$3,0))/7,0)),0) -> 2250 | O93: =IFERROR(INDEX($C$92:$AK$92,1,13+ROUND(INDEX($H$5:$V$5,1,MATCH("RM08",$H$3:$V$3,0))/7,0)),0) -> 2250 | P93: =IFERROR(INDEX($C$92:$AK$92,1,14+ROUND(INDEX($H$5:$V$5,1,MATCH("RM08",$H$3:$V$3,0))/7,0)),0) -> 1800 | Q93: =IFERROR(INDEX($C$92:$AK$92,1,15+ROUND(INDEX($H$5:$V$5,1,MATCH("RM08",$H$3:$V$3,0))/7,0)),0) -> 1800 | R93: =IFERROR(INDEX($C$92:$AK$92,1,16+ROUND(INDEX($H$5:$V$5,1,MATCH("RM08",$H$3:$V$3,0))/7,0)),0) -> 1800 | S93: =IFERROR(INDEX($C$92:$AK$92,1,17+ROUND(INDEX($H$5:$V$5,1,MATCH("RM08",$H$3:$V$3,0))/7,0)),0) -> 1800 | T93: =IFERROR(INDEX($C$92:$AK$92,1,18+ROUND(INDEX($H$5:$V$5,1,MATCH("RM08",$H$3:$V$3,0))/7,0)),0) -> 1800 | U93: =IFERROR(INDEX($C$92:$AK$92,1,19+ROUND(INDEX($H$5:$V$5,1,MATCH("RM08",$H$3:$V$3,0))/7,0)),0) -> 1500 | V93: =IFERROR(INDEX($C$92:$AK$92,1,20+ROUND(INDEX($H$5:$V$5,1,MATCH("RM08",$H$3:$V$3,0))/7,0)),0) -> 1500 | W93: =IFERROR(INDEX($C$92:$AK$92,1,21+ROUND(INDEX($H$5:$V$5,1,MATCH("RM08",$H$3:$V$3,0))/7,0)),0) -> 1500 | X93: =IFERROR(INDEX($C$92:$AK$92,1,22+ROUND(INDEX($H$5:$V$5,1,MATCH("RM08",$H$3:$V$3,0))/7,0)),0) -> 1500 | Y93: =IFERROR(INDEX($C$92:$AK$92,1,23+ROUND(INDEX($H$5:$V$5,1,MATCH("RM08",$H$3:$V$3,0))/7,0)),0) -> 9000 | Z93: =IFERROR(INDEX($C$92:$AK$92,1,24+ROUND(INDEX($H$5:$V$5,1,MATCH("RM08",$H$3:$V$3,0))/7,0)),0) -> 9000 | AA93: =IFERROR(INDEX($C$92:$AK$92,1,25+ROUND(INDEX($H$5:$V$5,1,MATCH("RM08",$H$3:$V$3,0))/7,0)),0) -> 9000 | AB93: =IFERROR(INDEX($C$92:$AK$92,1,26+ROUND(INDEX($H$5:$V$5,1,MATCH("RM08",$H$3:$V$3,0))/7,0)),0) -> 9000 | AC93: =IFERROR(INDEX($C$92:$AK$92,1,27+ROUND(INDEX($H$5:$V$5,1,MATCH("RM08",$H$3:$V$3,0))/7,0)),0) -> 0 | AD93: =IFERROR(INDEX($C$92:$AK$92,1,28+ROUND(INDEX($H$5:$V$5,1,MATCH("RM08",$H$3:$V$3,0))/7,0)),0) -> 0 | AE93: =IFERROR(INDEX($C$92:$AK$92,1,29+ROUND(INDEX($H$5:$V$5,1,MATCH("RM08",$H$3:$V$3,0))/7,0)),0) -> 0 | AF93: =IFERROR(INDEX($C$92:$AK$92,1,30+ROUND(INDEX($H$5:$V$5,1,MATCH("RM08",$H$3:$V$3,0))/7,0)),0) -> 0 | AG93: =IFERROR(INDEX($C$92:$AK$92,1,31+ROUND(INDEX($H$5:$V$5,1,MATCH("RM08",$H$3:$V$3,0))/7,0)),0) -> 0 | AH93: =IFERROR(INDEX($C$92:$AK$92,1,32+ROUND(INDEX($H$5:$V$5,1,MATCH("RM08",$H$3:$V$3,0))/7,0)),0) -> 0 | AI93: =IFERROR(INDEX($C$92:$AK$92,1,33+ROUND(INDEX($H$5:$V$5,1,MATCH("RM08",$H$3:$V$3,0))/7,0)),0) -> 0 | AJ93: =IFERROR(INDEX($C$92:$AK$92,1,34+ROUND(INDEX($H$5:$V$5,1,MATCH("RM08",$H$3:$V$3,0))/7,0)),0) -> 0 | AK93: =IFERROR(INDEX($C$92:$AK$92,1,35+ROUND(INDEX($H$5:$V$5,1,MATCH("RM08",$H$3:$V$3,0))/7,0)),0) -> 0
A95: Item RM09 | B95: LLC: 1 | C95: Week
A96: Lot size: L4L | B96: ="LT: "&ROUND(INDEX($H$5:$V$5,1,MATCH("RM09",$H$3:$V$3,0))/7,0) -> LT: 4 | C96: {=TRANSPOSE([3]BOM_demand!$A$2:$A$36)} -> 46132 | D96: 46139 | E96: 46146 | F96: 46153 | G96: 46160 | H96: 46167 | I96: 46174 | J96: 46181 | K96: 46188 | L96: 46195 | M96: 46202 | N96: 46209 | O96: 46216 | P96: 46223 | Q96: 46230 | R96: 46237 | S96: 46244 | T96: 46251 | U96: 46258 | V96: 46265 | W96: 46272 | X96: 46279 | Y96: 46286 | Z96: 46293 | AA96: 46300 | AB96: 46307 | AC96: 46314 | AD96: 46321 | AE96: 46328 | AF96: 46335 | AG96: 46342 | AH96: 46349 | AI96: 46356 | AJ96: 46363 | AK96: 46370
A97: Gross requirement | C97: {=TRANSPOSE([3]BOM_demand!$P$2:$P$36)} -> 0 | D97: 0 | E97: 2160 | F97: 4185 | G97: 5891 | H97: 5262 | I97: 1620 | J97: 3221 | K97: 4401 | L97: 3847.5 | M97: 1250 | N97: 1250 | O97: 1250 | P97: 500 | Q97: 500 | R97: 500 | S97: 500 | T97: 500 | U97: 375 | V97: 375 | W97: 375 | X97: 375 | Y97: 300 | Z97: 300 | AA97: 300 | AB97: 300 | AC97: 300 | AD97: 250 | AE97: 250 | AF97: 250 | AG97: 250 | AH97: 1500 | AI97: 1500 | AJ97: 1500 | AK97: 1500
A98: Scheduled receipts | C98: =IFERROR(INDEX($H$7:$V$7,1,MATCH("RM09",$H$3:$V$3,0)),0) -> 0 | D98: =0 -> 0 | E98: =0 -> 0 | F98: =0 -> 0 | G98: =0 -> 0 | H98: =0 -> 0 | I98: =0 -> 0 | J98: =0 -> 0 | K98: =0 -> 0 | ... AK98: =0 -> 0
A99: Safety stock | B99: =IFERROR(INDEX($H$8:$V$8,1,MATCH("RM09",$H$3:$V$3,0)),0) -> 2677 | C99: =$B99 -> 2677 | D99: =$B99 -> 2677 | E99: =$B99 -> 2677 | F99: =$B99 -> 2677 | G99: =$B99 -> 2677 | H99: =$B99 -> 2677 | I99: =$B99 -> 2677 | J99: =$B99 -> 2677 | ... AK99: =$B99 -> 2677
A100: Projected on hand | B100: =IFERROR(INDEX($H$6:$V$6,1,MATCH("RM09",$H$3:$V$3,0)),0) -> 6500 | C100: =$B100+C98+C102-C97 -> 6500 | D100: =C100+D98+D102-D97 -> 6500 | E100: =D100+E98+E102-E97 -> 4340 | F100: =E100+F98+F102-F97 -> 2677 | G100: =F100+G98+G102-G97 -> 2677 | H100: =G100+H98+H102-H97 -> 2677 | I100: =H100+I98+I102-I97 -> 2677 | J100: =I100+J98+J102-J97 -> 2677 | K100: =J100+K98+K102-K97 -> 2677 | ... AK100: =AJ100+AK98+AK102-AK97 -> 2677
A101: Net requirements | C101: =MAX(C97+C99-($B100+C98),0) -> 0 | D101: =MAX(D97+D99-(C100+D98),0) -> 0 | E101: =MAX(E97+E99-(D100+E98),0) -> 0 | F101: =MAX(F97+F99-(E100+F98),0) -> 2522 | G101: =MAX(G97+G99-(F100+G98),0) -> 5891 | H101: =MAX(H97+H99-(G100+H98),0) -> 5262 | I101: =MAX(I97+I99-(H100+I98),0) -> 1620 | J101: =MAX(J97+J99-(I100+J98),0) -> 3221 | K101: =MAX(K97+K99-(J100+K98),0) -> 4401 | ... AK101: =MAX(AK97+AK99-(AJ100+AK98),0) -> 1500
A102: Planned order receipts | C102: =C101 -> 0 | D102: =D101 -> 0 | E102: =E101 -> 0 | F102: =F101 -> 2522 | G102: =G101 -> 5891 | H102: =H101 -> 5262 | I102: =I101 -> 1620 | J102: =J101 -> 3221 | ... AK102: =AK101 -> 1500
A103: Planned order releases | C103: =IFERROR(INDEX($C$102:$AK$102,1,1+ROUND(INDEX($H$5:$V$5,1,MATCH("RM09",$H$3:$V$3,0))/7,0)),0) -> 5891 | D103: =IFERROR(INDEX($C$102:$AK$102,1,2+ROUND(INDEX($H$5:$V$5,1,MATCH("RM09",$H$3:$V$3,0))/7,0)),0) -> 5262 | E103: =IFERROR(INDEX($C$102:$AK$102,1,3+ROUND(INDEX($H$5:$V$5,1,MATCH("RM09",$H$3:$V$3,0))/7,0)),0) -> 1620 | F103: =IFERROR(INDEX($C$102:$AK$102,1,4+ROUND(INDEX($H$5:$V$5,1,MATCH("RM09",$H$3:$V$3,0))/7,0)),0) -> 3221 | G103: =IFERROR(INDEX($C$102:$AK$102,1,5+ROUND(INDEX($H$5:$V$5,1,MATCH("RM09",$H$3:$V$3,0))/7,0)),0) -> 4401 | H103: =IFERROR(INDEX($C$102:$AK$102,1,6+ROUND(INDEX($H$5:$V$5,1,MATCH("RM09",$H$3:$V$3,0))/7,0)),0) -> 3847.5 | I103: =IFERROR(INDEX($C$102:$AK$102,1,7+ROUND(INDEX($H$5:$V$5,1,MATCH("RM09",$H$3:$V$3,0))/7,0)),0) -> 1250 | J103: =IFERROR(INDEX($C$102:$AK$102,1,8+ROUND(INDEX($H$5:$V$5,1,MATCH("RM09",$H$3:$V$3,0))/7,0)),0) -> 1250 | K103: =IFERROR(INDEX($C$102:$AK$102,1,9+ROUND(INDEX($H$5:$V$5,1,MATCH("RM09",$H$3:$V$3,0))/7,0)),0) -> 1250 | L103: =IFERROR(INDEX($C$102:$AK$102,1,10+ROUND(INDEX($H$5:$V$5,1,MATCH("RM09",$H$3:$V$3,0))/7,0)),0) -> 500 | M103: =IFERROR(INDEX($C$102:$AK$102,1,11+ROUND(INDEX($H$5:$V$5,1,MATCH("RM09",$H$3:$V$3,0))/7,0)),0) -> 500 | N103: =IFERROR(INDEX($C$102:$AK$102,1,12+ROUND(INDEX($H$5:$V$5,1,MATCH("RM09",$H$3:$V$3,0))/7,0)),0) -> 500 | O103: =IFERROR(INDEX($C$102:$AK$102,1,13+ROUND(INDEX($H$5:$V$5,1,MATCH("RM09",$H$3:$V$3,0))/7,0)),0) -> 500 | P103: =IFERROR(INDEX($C$102:$AK$102,1,14+ROUND(INDEX($H$5:$V$5,1,MATCH("RM09",$H$3:$V$3,0))/7,0)),0) -> 500 | Q103: =IFERROR(INDEX($C$102:$AK$102,1,15+ROUND(INDEX($H$5:$V$5,1,MATCH("RM09",$H$3:$V$3,0))/7,0)),0) -> 375 | R103: =IFERROR(INDEX($C$102:$AK$102,1,16+ROUND(INDEX($H$5:$V$5,1,MATCH("RM09",$H$3:$V$3,0))/7,0)),0) -> 375 | S103: =IFERROR(INDEX($C$102:$AK$102,1,17+ROUND(INDEX($H$5:$V$5,1,MATCH("RM09",$H$3:$V$3,0))/7,0)),0) -> 375 | T103: =IFERROR(INDEX($C$102:$AK$102,1,18+ROUND(INDEX($H$5:$V$5,1,MATCH("RM09",$H$3:$V$3,0))/7,0)),0) -> 375 | U103: =IFERROR(INDEX($C$102:$AK$102,1,19+ROUND(INDEX($H$5:$V$5,1,MATCH("RM09",$H$3:$V$3,0))/7,0)),0) -> 300 | V103: =IFERROR(INDEX($C$102:$AK$102,1,20+ROUND(INDEX($H$5:$V$5,1,MATCH("RM09",$H$3:$V$3,0))/7,0)),0) -> 300 | W103: =IFERROR(INDEX($C$102:$AK$102,1,21+ROUND(INDEX($H$5:$V$5,1,MATCH("RM09",$H$3:$V$3,0))/7,0)),0) -> 300 | X103: =IFERROR(INDEX($C$102:$AK$102,1,22+ROUND(INDEX($H$5:$V$5,1,MATCH("RM09",$H$3:$V$3,0))/7,0)),0) -> 300 | Y103: =IFERROR(INDEX($C$102:$AK$102,1,23+ROUND(INDEX($H$5:$V$5,1,MATCH("RM09",$H$3:$V$3,0))/7,0)),0) -> 300 | Z103: =IFERROR(INDEX($C$102:$AK$102,1,24+ROUND(INDEX($H$5:$V$5,1,MATCH("RM09",$H$3:$V$3,0))/7,0)),0) -> 250 | AA103: =IFERROR(INDEX($C$102:$AK$102,1,25+ROUND(INDEX($H$5:$V$5,1,MATCH("RM09",$H$3:$V$3,0))/7,0)),0) -> 250 | AB103: =IFERROR(INDEX($C$102:$AK$102,1,26+ROUND(INDEX($H$5:$V$5,1,MATCH("RM09",$H$3:$V$3,0))/7,0)),0) -> 250 | AC103: =IFERROR(INDEX($C$102:$AK$102,1,27+ROUND(INDEX($H$5:$V$5,1,MATCH("RM09",$H$3:$V$3,0))/7,0)),0) -> 250 | AD103: =IFERROR(INDEX($C$102:$AK$102,1,28+ROUND(INDEX($H$5:$V$5,1,MATCH("RM09",$H$3:$V$3,0))/7,0)),0) -> 1500 | AE103: =IFERROR(INDEX($C$102:$AK$102,1,29+ROUND(INDEX($H$5:$V$5,1,MATCH("RM09",$H$3:$V$3,0))/7,0)),0) -> 1500 | AF103: =IFERROR(INDEX($C$102:$AK$102,1,30+ROUND(INDEX($H$5:$V$5,1,MATCH("RM09",$H$3:$V$3,0))/7,0)),0) -> 1500 | AG103: =IFERROR(INDEX($C$102:$AK$102,1,31+ROUND(INDEX($H$5:$V$5,1,MATCH("RM09",$H$3:$V$3,0))/7,0)),0) -> 1500 | AH103: =IFERROR(INDEX($C$102:$AK$102,1,32+ROUND(INDEX($H$5:$V$5,1,MATCH("RM09",$H$3:$V$3,0))/7,0)),0) -> 0 | AI103: =IFERROR(INDEX($C$102:$AK$102,1,33+ROUND(INDEX($H$5:$V$5,1,MATCH("RM09",$H$3:$V$3,0))/7,0)),0) -> 0 | AJ103: =IFERROR(INDEX($C$102:$AK$102,1,34+ROUND(INDEX($H$5:$V$5,1,MATCH("RM09",$H$3:$V$3,0))/7,0)),0) -> 0 | AK103: =IFERROR(INDEX($C$102:$AK$102,1,35+ROUND(INDEX($H$5:$V$5,1,MATCH("RM09",$H$3:$V$3,0))/7,0)),0) -> 0
A105: Item RM10 | B105: LLC: 1 | C105: Week
A106: Lot size: L4L | B106: ="LT: "&ROUND(INDEX($H$5:$V$5,1,MATCH("RM10",$H$3:$V$3,0))/7,0) -> LT: 11 | C106: {=TRANSPOSE([3]BOM_demand!$A$2:$A$36)} -> 46132 | D106: 46139 | E106: 46146 | F106: 46153 | G106: 46160 | H106: 46167 | I106: 46174 | J106: 46181 | K106: 46188 | L106: 46195 | M106: 46202 | N106: 46209 | O106: 46216 | P106: 46223 | Q106: 46230 | R106: 46237 | S106: 46244 | T106: 46251 | U106: 46258 | V106: 46265 | W106: 46272 | X106: 46279 | Y106: 46286 | Z106: 46293 | AA106: 46300 | AB106: 46307 | AC106: 46314 | AD106: 46321 | AE106: 46328 | AF106: 46335 | AG106: 46342 | AH106: 46349 | AI106: 46356 | AJ106: 46363 | AK106: 46370
A107: Gross requirement | C107: {=TRANSPOSE([3]BOM_demand!$Q$2:$Q$36)} -> 0 | D107: 0 | E107: 4860 | F107: 19980 | G107: 11680 | H107: 16200 | I107: 2002 | J107: 4942 | K107: 6916 | L107: 1000 | M107: 1000 | N107: 1000 | O107: 1000 | P107: 0 | Q107: 0 | R107: 800 | S107: 0 | T107: 0 | U107: 800 | V107: 0 | W107: 800 | X107: 0 | Y107: 720 | Z107: 720 | AA107: 720 | AB107: 720 | AC107: 720 | AD107: 2000 | AE107: 2000 | AF107: 2000 | AG107: 2000 | AH107: 2500 | AI107: 2500 | AJ107: 2500 | AK107: 2500
A108: Scheduled receipts | C108: =IFERROR(INDEX($H$7:$V$7,1,MATCH("RM10",$H$3:$V$3,0)),0) -> 5000 | D108: =0 -> 0 | E108: =0 -> 0 | F108: =0 -> 0 | G108: =0 -> 0 | H108: =0 -> 0 | I108: =0 -> 0 | J108: =0 -> 0 | K108: =0 -> 0 | ... AK108: =0 -> 0
A109: Safety stock | B109: =IFERROR(INDEX($H$8:$V$8,1,MATCH("RM10",$H$3:$V$3,0)),0) -> 5405 | C109: =$B109 -> 5405 | D109: =$B109 -> 5405 | E109: =$B109 -> 5405 | F109: =$B109 -> 5405 | G109: =$B109 -> 5405 | H109: =$B109 -> 5405 | I109: =$B109 -> 5405 | J109: =$B109 -> 5405 | ... AK109: =$B109 -> 5405
A110: Projected on hand | B110: =IFERROR(INDEX($H$6:$V$6,1,MATCH("RM10",$H$3:$V$3,0)),0) -> 60000 | C110: =$B110+C108+C112-C107 -> 65000 | D110: =C110+D108+D112-D107 -> 65000 | E110: =D110+E108+E112-E107 -> 60140 | F110: =E110+F108+F112-F107 -> 40160 | G110: =F110+G108+G112-G107 -> 28480 | H110: =G110+H108+H112-H107 -> 12280 | I110: =H110+I108+I112-I107 -> 10278 | J110: =I110+J108+J112-J107 -> 5405 | K110: =J110+K108+K112-K107 -> 5405 | ... AK110: =AJ110+AK108+AK112-AK107 -> 5405
A111: Net requirements | C111: =MAX(C107+C109-($B110+C108),0) -> 0 | D111: =MAX(D107+D109-(C110+D108),0) -> 0 | E111: =MAX(E107+E109-(D110+E108),0) -> 0 | F111: =MAX(F107+F109-(E110+F108),0) -> 0 | G111: =MAX(G107+G109-(F110+G108),0) -> 0 | H111: =MAX(H107+H109-(G110+H108),0) -> 0 | I111: =MAX(I107+I109-(H110+I108),0) -> 0 | J111: =MAX(J107+J109-(I110+J108),0) -> 69 | K111: =MAX(K107+K109-(J110+K108),0) -> 6916 | ... AK111: =MAX(AK107+AK109-(AJ110+AK108),0) -> 2500
A112: Planned order receipts | C112: =C111 -> 0 | D112: =D111 -> 0 | E112: =E111 -> 0 | F112: =F111 -> 0 | G112: =G111 -> 0 | H112: =H111 -> 0 | I112: =I111 -> 0 | J112: =J111 -> 69 | ... AK112: =AK111 -> 2500
...

Sheet BOM & Inventory
C5: No. | D5: Model number | E5: Component number | F5: Description | G5: Vendor location | H5: BOM usage | I5: Leadtime | J5: Stock | K5: Pending PO | L5: U/P (USD/ uom) | M5: UOM
C6: 1 | D6: A | E6: RM01 | F6: Packaging label | G6: Local | H6: 1 | I6: 7 | J6: 588 | K6: 0 | L6: 0.2 | M6: pc
C7: 2 | D7: A | E7: RM02 | F7: Packaging carton | G7: Local | H7: 0.25 | I7: 14 | J7: 1443 | K7: 0 | L7: 4 | M7: Pc
C8: 3 | D8: A | E8: RM03 | F8: Common plastic | G8: Local | H8: 1 | I8: 21 | J8: 42524 | K8: 0 | L8: 5 | M8: Kg
C9: 4 | D9: A | E9: RM04 | F9: PCBA | G9: Oversea | H9: 2 | I9: 140 | J9: 340000 | K9: 30000 | L9: 15 | M9: pc
C10: 5 | D10: A | E10: RM05 | F10: Charger | G10: Oversea | H10: 1 | I10: 70 | J10: 90000 | K10: 0 | L10: 25 | M10: pc
C11: 6 | D11: B | E11: RM01 | F11: Packaging label | G11: Local | H11: 1 | I11: 7 | J11: 588 | K11: 0 | L11: 0.2 | M11: pc
C12: 7 | D12: B | E12: RM02 | F12: Packaging carton | G12: Local | H12: 0.25 | I12: 14 | J12: 1443 | K12: 0 | L12: 4 | M12: Pc
C13: 8 | D13: B | E13: RM03 | F13: Common plastic | G13: Local | H13: 1 | I13: 21 | J13: 42524 | K13: 0 | L13: 5 | M13: Kg
C14: 9 | D14: B | E14: RM06 | F14: Fabric | G14: Oversea | H14: 2.5 | I14: 35 | J14: 76000 | K14: 0 | L14: 10 | M14: m
C15: 10 | D15: B | E15: RM07 | F15: Industrial color | G15: Oversea | H15: 1.5 | I15: 42 | J15: 50000 | K15: 0 | L15: 7 | M15: gr
C16: 11 | D16: C | E16: RM01 | F16: Packaging label | G16: Local | H16: 1 | I16: 7 | J16: 588 | K16: 0 | L16: 0.2 | M16: pc
C17: 12 | D17: C | E17: RM02 | F17: Packaging carton | G17: Local | H17: 0.5 | I17: 14 | J17: 2886 | K17: 0 | L17: 4 | M17: Pc
... C35: 30 | D35: F | E35: RM15 | F35: Cell | G35: Oversea | H35: 2 | I35: 49 | J35: 20000 | K35: 21000 | L35: 6 | M35: pc

Sheet FGs & Log information 
B2: Item name | C2: Des | D2: Packing size (pcs/ carton) | E2: CBM (100 cartons) | F2: Ex. Work price (Usd/ pc) | G2: Market
B3: A | C3: 2026 Automatic Robot ver | D3: 4 | E3: 1 | F3: 105 | G3: US
B4: B | C4: 2025 Barbie ver colorful | D4: 4 | E4: 0.625 | F4: 55 | G4: US
B5: C | C5: 2026 Castle & Farm Blocks | D5: 2 | E5: 1 | F5: 80 | G5: UK
B6: D | C6: 2026 Animal Animation Book | D6: 4 | E6: 0.625 | F6: 40 | G6: UK
B7: E | C7: 2026 Scooter ver | D7: 2 | E7: 0.625 | F7: 30 | G7: Australia
B8: F | C8: 2025 Fantasy Spaceship Model DIY kits | D8: 8 | E8: 0.78125 | F8: 90 | G8: US
B15: Coporate Ocean frieght charge
B17: FCL | C17: US | D17: UK | E17: AU | F17: Max load CBM / container
B18: 40" | C18: 5200 | D18: 4200 | E18: 2000 | F18: 65
B19: 20" | C19: 3000 | D19: 2500 | E19: 1100 | F19: 28
B20: LT (day) | C20: 50 | D20: 40 | E20: 25
B22: LCL
B23: per CBM | C23: 200 | D23: 70 | E23: 35
B24: LT (day) | C24: 55 | D24: 45 | E24: 30
B26: Airfreigh , follow forwarder website at demand date

Sheet Production Plan
A1: Production Planning | J1: Calendar Buckets & Available Capacity (6 workdays/week, Sunday off)
J2: Bucket | K2: Start | L2: End | M2: Workdays | N2: Workdays/6 | O2: Notes
A3: Start date | B3: 46127 | J3: B1 | K3: =$B$3 -> 46127 | L3: =MIN(B3+($B$5-WEEKDAY(B3,2)), $B$4) -> 46130 | M3: =L3-K3+1 -> 4 | N3: 0.67 | O3: Mon–Sat; Sunday off
A4: End date | B4: 46157 | J4: B2 | K4: =L3+2 -> 46132 | L4: =K4+5 -> 46137 | M4: =L4-K4+1 -> 6 | N4: 1 | O4: Mon–Sat; Sunday off
A5: Workdays / week | B5: 6 | J5: B3 | K5: =L4+2 -> 46139 | L5: =K5+5 -> 46144 | M5: =L5-K5+1 -> 6 | N5: 1 | O5: Mon–Sat; Sunday off
A6: Shifts / day | B6: 2 | J6: B4 | K6: =L5+2 -> 46146 | L6: =K6+5 -> 46151 | M6: =L6-K6+1 -> 6 | N6: 1 | O6: Mon–Sat; Sunday off
A7: Lead time min (days) | B7: 7 | J7: B5 | K7: =L6+2 -> 46153 | L7: =$B$4 -> 46157 | M7: =L7-K7+1 -> 5 | N7: 0.83 | O7: Mon–Sat; Sunday off
A8: Lead time max (days) | B8: 14
A9: Note | B9: Factory runs 2 shifts/day, 6 days/week (Sunday off). Plan buckets follow Mon–Sat weeks.
A10: Overall
A11: Total workdays in horizon | B11: =(B4-B3-4)+1 -> 27
A12: Theoretical shipment request estimated by lead time | B12: =TEXT(B3+B7,"dd/mm")&" - "&TEXT(B4+B8,"dd/mm") -> 22/04 - 29/05
L13: Fixture capacity by bucket
A14: Demand Aggregated for Production Horizon (15.4-15.5) | L14: Fixture | M14: Weekly capacity | N14: B1 | O14: B2 | P14: B3 | Q14: B4 | R14: B5 | S14: Total capacity (horizon)
L15: 123AB | M15: =_xlfn.XLOOKUP(L15,Table1[Fixture],Table1[Weekly Capcity]) -> 15000 | N15: =M15*$M$3/6 -> 10000 | O15: =M15*$M$4/6 -> 15000 | P15: =M15*$M$5/6 -> 15000 | Q15: =M15*$M$6/6 -> 15000 | R15: =M15*$M$7/6 -> 12500 | S15: =SUM(N15:R15) -> 67500
A16: SKU | B16: Description | C16: Market | D16: Product group | E16: Fixture | F16: Weekly capacity | G16: Ship request | H16: Demand quantity | I16: Earliest production date (Ship-LeadMax) | J16: Latest production date (Ship-LeadMin) | L16: 456CD | M16: =_xlfn.XLOOKUP(L16,Table1[Fixture],Table1[Weekly Capcity]) -> 5000 | N16: =M16*$M$3/6 -> 3333.3333 | O16: =M16*$M$4/6 -> 5000 | P16: =M16*$M$5/6 -> 5000 | Q16: =M16*$M$6/6 -> 5000 | R16: =M16*$M$7/6 -> 4166.6667 | S16: =SUM(N16:R16) -> 22500
A17: A | B17: 2026 Automatic Robot ver | C17: US | D17: Electronic Toy | E17: 123AB | F17: 15000 | G17: 46150 | H17: =SUMIFS('Demand for Production Plan'!$I:$I,'Demand for Production Plan'!$A:$A,$A17,'Demand for Production Plan'!$C:$C,$C17,'Demand for Production Plan'!$F:$F,$E17,'Demand for Production Plan'!$H:$H,$G17) -> 684 | I17: =G17-$B$8 -> 46136 | J17: =G17-$B$7 -> 46143 | L17: 789EF | M17: =_xlfn.XLOOKUP(L17,Table1[Fixture],Table1[Weekly Capcity]) -> 3000 | N17: =M17*$M$3/6 -> 2000 | O17: =M17*$M$4/6 -> 3000 | P17: =M17*$M$5/6 -> 3000 | Q17: =M17*$M$6/6 -> 3000 | R17: =M17*$M$7/6 -> 2500 | S17: =SUM(N17:R17) -> 13500
A18: A | B18: 2026 Automatic Robot ver | C18: US | D18: Electronic Toy | E18: 123AB | F18: 15000 | G18: 46157 | H18: =SUMIFS('Demand for Production Plan'!$I:$I,'Demand for Production Plan'!$A:$A,$A18,'Demand for Production Plan'!$C:$C,$C18,'Demand for Production Plan'!$F:$F,$E18,'Demand for Production Plan'!$H:$H,$G18) -> 20000 | I18: =G18-$B$8 -> 46143 | J18: =G18-$B$7 -> 46150
A19: A | B19: 2026 Automatic Robot ver | C19: US | D19: Electronic Toy | E19: 123AB | F19: 15000 | G19: 46164 | H19: =SUMIFS('Demand for Production Plan'!$I:$I,'Demand for Production Plan'!$A:$A,$A19,'Demand for Production Plan'!$C:$C,$C19,'Demand for Production Plan'!$F:$F,$E19,'Demand for Production Plan'!$H:$H,$G19) -> 20000 | I19: =G19-$B$8 -> 46150 | J19: =G19-$B$7 -> 46157
A20: A | B20: 2026 Automatic Robot ver | C20: US | D20: Electronic Toy | E20: 123AB | F20: 15000 | G20: 46171 | H20: =SUMIFS('Demand for Production Plan'!$I:$I,'Demand for Production Plan'!$A:$A,$A20,'Demand for Production Plan'!$C:$C,$C20,'Demand for Production Plan'!$F:$F,$E20,'Demand for Production Plan'!$H:$H,$G20) -> 11000 | I20: =G20-$B$8 -> 46157 | J20: =G20-$B$7 -> 46164
A21: B | B21: 2025 Barbie ver colorful | C21: US | D21: Doll | E21: 123AB | F21: 15000 | G21: 46157 | H21: =SUMIFS('Demand for Production Plan'!$I:$I,'Demand for Production Plan'!$A:$A,$A21,'Demand for Production Plan'!$C:$C,$C21,'Demand for Production Plan'!$F:$F,$E21,'Demand for Production Plan'!$H:$H,$G21) -> 5502 | I21: =G21-$B$8 -> 46143 | J21: =G21-$B$7 -> 46150
A22: B | B22: 2025 Barbie ver colorful | C22: US | D22: Doll | E22: 123AB | F22: 15000 | G22: 46164 | H22: =SUMIFS('Demand for Production Plan'!$I:$I,'Demand for Production Plan'!$A:$A,$A22,'Demand for Production Plan'!$C:$C,$C22,'Demand for Production Plan'!$F:$F,$E22,'Demand for Production Plan'!$H:$H,$G22) -> 15658 | I22: =G22-$B$8 -> 46150 | J22: =G22-$B$7 -> 46157
A23: B | B23: 2025 Barbie ver colorful | C23: US | D23: Doll | E23: 123AB | F23: 15000 | G23: 46171 | H23: =SUMIFS('Demand for Production Plan'!$I:$I,'Demand for Production Plan'!$A:$A,$A23,'Demand for Production Plan'!$C:$C,$C23,'Demand for Production Plan'!$F:$F,$E23,'Demand for Production Plan'!$H:$H,$G23) -> 8865 | I23: =G23-$B$8 -> 46157 | J23: =G23-$B$7 -> 46164
A24: C | B24: 2026 Castle & Farm Blocks | C24: UK | D24: Building & Construction Toy | E24: 456CD | F24: 5000 | G24: 46157 | H24: =SUMIFS('Demand for Production Plan'!$I:$I,'Demand for Production Plan'!$A:$A,$A24,'Demand for Production Plan'!$C:$C,$C24,'Demand for Production Plan'!$F:$F,$E24,'Demand for Production Plan'!$H:$H,$G24) -> 4320 | I24: =G24-$B$8 -> 46143 | J24: =G24-$B$7 -> 46150
A25: C | B25: 2026 Castle & Farm Blocks | C25: UK | D25: Building & Construction Toy | E25: 456CD | F25: 5000 | G25: 46164 | H25: =SUMIFS('Demand for Production Plan'!$I:$I,'Demand for Production Plan'!$A:$A,$A25,'Demand for Production Plan'!$C:$C,$C25,'Demand for Production Plan'!$F:$F,$E25,'Demand for Production Plan'!$H:$H,$G25) -> 8370 | I25: =G25-$B$8 -> 46150 | J25: =G25-$B$7 -> 46157
A26: C | B26: 2026 Castle & Farm Blocks | C26: UK | D26: Building & Construction Toy | E26: 456CD | F26: 5000 | G26: 46171 | H26: =SUMIFS('Demand for Production Plan'!$I:$I,'Demand for Production Plan'!$A:$A,$A26,'Demand for Production Plan'!$C:$C,$C26,'Demand for Production Plan'!$F:$F,$E26,'Demand for Production Plan'!$H:$H,$G26) -> 11782 | I26: =G26-$B$8 -> 46157 | J26: =G26-$B$7 -> 46164
A27: D | B27: 2026 Animal Animation Book | C27: UK | D27: Educational Toy | E27: 456CD | F27: 5000 | G27: 46157 | H27: =SUMIFS('Demand for Production Plan'!$I:$I,'Demand for Production Plan'!$A:$A,$A27,'Demand for Production Plan'!$C:$C,$C27,'Demand for Production Plan'!$F:$F,$E27,'Demand for Production Plan'!$H:$H,$G27) -> 2430 | I27: =G27-$B$8 -> 46143 | J27: =G27-$B$7 -> 46150
A28: D | B28: 2026 Animal Animation Book | C28: UK | D28: Educational Toy | E28: 456CD | F28: 5000 | G28: 46164 | H28: =SUMIFS('Demand for Production Plan'!$I:$I,'Demand for Production Plan'!$A:$A,$A28,'Demand for Production Plan'!$C:$C,$C28,'Demand for Production Plan'!$F:$F,$E28,'Demand for Production Plan'!$H:$H,$G28) -> 9990 | I28: =G28-$B$8 -> 46150 | J28: =G28-$B$7 -> 46157
A29: D | B29: 2026 Animal Animation Book | C29: UK | D29: Educational Toy | E29: 456CD | F29: 5000 | G29: 46171 | H29: =SUMIFS('Demand for Production Plan'!$I:$I,'Demand for Production Plan'!$A:$A,$A29,'Demand for Production Plan'!$C:$C,$C29,'Demand for Production Plan'!$F:$F,$E29,'Demand for Production Plan'!$H:$H,$G29) -> 5840 | I29: =G29-$B$8 -> 46157 | J29: =G29-$B$7 -> 46164
... A37: F | B37: 2025 Fantasy Spaceship Model DIY kits | C37: US | D37: Arts & Crafts Toy | E37: 789EF | F37: 3000 | G37: 46171 | H37: =SUMIFS('Demand for Production Plan'!$I:$I,'Demand for Production Plan'!$A:$A,$A37,'Demand for Production Plan'!$C:$C,$C37,'Demand for Production Plan'!$F:$F,$E37,'Demand for Production Plan'!$H:$H,$G37) -> 4500 | I37: =G37-$B$8 -> 46157 | J37: =G37-$B$7 -> 46164
A39: Production Plan (Daily workday view)
A41: SKU | B41: Description | C41: Market | D41: Product group | E41: Fixture | F41: Weekly cap | G41: Ship request | H41: Demand quantity | I41: Earliest production date | J41: Latest production date | K41: Week 1 | O41: Week 2 | U41: Week 3 | AA41: Week 4 | AG41: Week 5 | AL41: Planned total | AM41: Shortage | AN41: Risk | AO41: Late qty | AP41: Horizon status
K42: 46127 | L42: 46128 | M42: 46129 | N42: 46130 | O42: 46132 | P42: 46133 | Q42: 46134 | R42: 46135 | S42: 46136 | T42: 46137 | U42: 46139 | V42: 46140 | W42: 46141 | X42: 46142 | Y42: 46143 | Z42: 46144 | AA42: 46146 | AB42: 46147 | AC42: 46148 | AD42: 46149 | AE42: 46150 | AF42: 46151 | AG42: 46153 | AH42: 46154 | AI42: 46155 | AJ42: 46156 | AK42: 46157
A43: F | B43: 2025 Fantasy Spaceship Model DIY kits | C43: US | D43: Arts & Crafts Toy | E43: 789EF | F43: 3000 | G43: 46143 | H43: 588 | I43: =G43-$B$8 -> 46129 | J43: =G43-$B$7 -> 46136 | K43: 0 | L43: 0 | M43: 0 | N43: 0 | O43: 0 | P43: 0 | Q43: 88 | R43: 500 | S43: 0 | T43: 0 | U43: 0 | V43: 0 | W43: 0 | X43: 0 | Y43: 0 | Z43: 0 | AA43: 0 | AB43: 0 | AC43: 0 | AD43: 0 | AE43: 0 | AF43: 0 | AG43: 0 | AH43: 0 | AI43: 0 | AJ43: 0 | AK43: 0 | AL43: =SUM(K43:AK43) -> 588 | AM43: =MAX(0,$H43-AL43) -> 0 | AN43: =IF($AP43="WITHIN_HORIZON",IF(AND($AM43>0,$AO43>0),"SHORTAGE + LATE",IF($AM43>0,"SHORTAGE",IF($AO43>0,"LATE","OK"))),IF(AND($AP43="PARTIAL_HORIZON",$AM43=0,$AO43=0),"OK","OUT_OF_HORIZON")) -> OK | AO43: =SUMPRODUCT(($K$42:$AK$42>$J43)*(K43:AK43)) -> 0 | AP43: =IF($I43>$AK$42,"OUT_OF_HORIZON",IF($J43>$AK$42,"PARTIAL_HORIZON","WITHIN_HORIZON")) -> WITHIN_HORIZON
A44: A | B44: 2026 Automatic Robot ver | C44: US | D44: Electronic Toy | E44: 123AB | F44: 15000 | G44: 46150 | H44: 684 | I44: =G44-$B$8 -> 46136 | J44: =G44-$B$7 -> 46143 | K44: 0 | L44: 0 | M44: 0 | N44: 0 | O44: 0 | P44: 0 | Q44: 0 | R44: 0 | S44: 0 | T44: 0 | U44: 0 | V44: 0 | W44: 0 | X44: 684 | Y44: 0 | Z44: 0 | AA44: 0 | AB44: 0 | AC44: 0 | AD44: 0 | AE44: 0 | AF44: 0 | AG44: 0 | AH44: 0 | AI44: 0 | AJ44: 0 | AK44: 0 | AL44: =SUM(K44:AK44) -> 684 | AM44: =MAX(0,$H44-AL44) -> 0 | AN44: =IF($AP44="WITHIN_HORIZON",IF(AND($AM44>0,$AO44>0),"SHORTAGE + LATE",IF($AM44>0,"SHORTAGE",IF($AO44>0,"LATE","OK"))),IF(AND($AP44="PARTIAL_HORIZON",$AM44=0,$AO44=0),"OK","OUT_OF_HORIZON")) -> OK | AO44: =SUMPRODUCT(($K$42:$AK$42>$J44)*(K44:AK44)) -> 0 | AP44: =IF($I44>$AK$42,"OUT_OF_HORIZON",IF($J44>$AK$42,"PARTIAL_HORIZON","WITHIN_HORIZON")) -> WITHIN_HORIZON
A45: E | B45: 2026 Scooter ver | C45: Australia | D45: Outdoor & Sports Toy | E45: 789EF | F45: 3000 | G45: 46150 | H45: 472 | I45: =G45-$B$8 -> 46136 | J45: =G45-$B$7 -> 46143 | K45: 0 | L45: 0 | M45: 0 | N45: 0 | O45: 0 | P45: 0 | Q45: 0 | R45: 0 | S45: 472 | T45: 0 | U45: 0 | V45: 0 | W45: 0 | X45: 0 | Y45: 0 | Z45: 0 | AA45: 0 | AB45: 0 | AC45: 0 | AD45: 0 | AE45: 0 | AF45: 0 | AG45: 0 | AH45: 0 | AI45: 0 | AJ45: 0 | AK45: 0 | AL45: =SUM(K45:AK45) -> 472 | AM45: =MAX(0,$H45-AL45) -> 0 | AN45: =IF($AP45="WITHIN_HORIZON",IF(AND($AM45>0,$AO45>0),"SHORTAGE + LATE",IF($AM45>0,"SHORTAGE",IF($AO45>0,"LATE","OK"))),IF(AND($AP45="PARTIAL_HORIZON",$AM45=0,$AO45=0),"OK","OUT_OF_HORIZON")) -> OK | AO45: =SUMPRODUCT(($K$42:$AK$42>$J45)*(K45:AK45)) -> 0 | AP45: =IF($I45>$AK$42,"OUT_OF_HORIZON",IF($J45>$AK$42,"PARTIAL_HORIZON","WITHIN_HORIZON")) -> WITHIN_HORIZON
A46: F | B46: 2025 Fantasy Spaceship Model DIY kits | C46: US | D46: Arts & Crafts Toy | E46: 789EF | F46: 3000 | G46: 46150 | H46: 4028 | I46: =G46-$B$8 -> 46136 | J46: =G46-$B$7 -> 46143 | K46: 0 | L46: 0 | M46: 0 | N46: 0 | O46: 0 | P46: 0 | Q46: 0 | R46: 0 | S46: 28 | T46: 500 | U46: 500 | V46: 500 | W46: 500 | X46: 500 | Y46: 500 | Z46: 0 | AA46: 0 | AB46: 0 | AC46: 0 | AD46: 0 | AE46: 0 | AF46: 0 | AG46: 0 | AH46: 0 | AI46: 0 | AJ46: 0 | AK46: 0 | AL46: =SUM(K46:AK46) -> 3028 | AM46: =MAX(0,$H46-AL46) -> 1000 | AN46: =IF($AP46="WITHIN_HORIZON",IF(AND($AM46>0,$AO46>0),"SHORTAGE + LATE",IF($AM46>0,"SHORTAGE",IF($AO46>0,"LATE","OK"))),IF(AND($AP46="PARTIAL_HORIZON",$AM46=0,$AO46=0),"OK","OUT_OF_HORIZON")) -> SHORTAGE | AO46: =SUMPRODUCT(($K$42:$AK$42>$J46)*(K46:AK46)) -> 0 | AP46: =IF($I46>$AK$42,"OUT_OF_HORIZON",IF($J46>$AK$42,"PARTIAL_HORIZON","WITHIN_HORIZON")) -> WITHIN_HORIZON
A47: A | B47: 2026 Automatic Robot ver | C47: US | D47: Electronic Toy | E47: 123AB | F47: 15000 | G47: 46157 | H47: 20000 | I47: =G47-$B$8 -> 46143 | J47: =G47-$B$7 -> 46150 | K47: 0 | L47: 0 | M47: 0 | N47: 0 | O47: 0 | P47: 0 | Q47: 0 | R47: 0 | S47: 0 | T47: 0 | U47: 0 | V47: 0 | W47: 0 | X47: 0 | Y47: 2500 | Z47: 2500 | AA47: 2500 | AB47: 2500 | AC47: 1998 | AD47: 0 | AE47: 0 | AF47: 0 | AG47: 0 | AH47: 0 | AI47: 0 | AJ47: 0 | AK47: 0 | AL47: =SUM(K47:AK47) -> 11998 | AM47: =MAX(0,$H47-AL47) -> 8002 | AN47: =IF($AP47="WITHIN_HORIZON",IF(AND($AM47>0,$AO47>0),"SHORTAGE + LATE",IF($AM47>0,"SHORTAGE",IF($AO47>0,"LATE","OK"))),IF(AND($AP47="PARTIAL_HORIZON",$AM47=0,$AO47=0),"OK","OUT_OF_HORIZON")) -> SHORTAGE | AO47: =SUMPRODUCT(($K$42:$AK$42>$J47)*(K47:AK47)) -> 0 | AP47: =IF($I47>$AK$42,"OUT_OF_HORIZON",IF($J47>$AK$42,"PARTIAL_HORIZON","WITHIN_HORIZON")) -> WITHIN_HORIZON
A48: B | B48: 2025 Barbie ver colorful | C48: US | D48: Doll | E48: 123AB | F48: 15000 | G48: 46157 | H48: 5502 | I48: =G48-$B$8 -> 46143 | J48: =G48-$B$7 -> 46150 | K48: 0 | L48: 0 | M48: 0 | N48: 0 | O48: 0 | P48: 0 | Q48: 0 | R48: 0 | S48: 0 | T48: 0 | U48: 0 | V48: 0 | W48: 0 | X48: 0 | Y48: 0 | Z48: 0 | AA48: 0 | AB48: 0 | AC48: 502 | AD48: 2500 | AE48: 2500 | AF48: 0 | AG48: 0 | AH48: 0 | AI48: 0 | AJ48: 0 | AK48: 0 | AL48: =SUM(K48:AK48) -> 5502 | AM48: =MAX(0,$H48-AL48) -> 0 | AN48: =IF($AP48="WITHIN_HORIZON",IF(AND($AM48>0,$AO48>0),"SHORTAGE + LATE",IF($AM48>0,"SHORTAGE",IF($AO48>0,"LATE","OK"))),IF(AND($AP48="PARTIAL_HORIZON",$AM48=0,$AO48=0),"OK","OUT_OF_HORIZON")) -> OK | AO48: =SUMPRODUCT(($K$42:$AK$42>$J48)*(K48:AK48)) -> 0 | AP48: =IF($I48>$AK$42,"OUT_OF_HORIZON",IF($J48>$AK$42,"PARTIAL_HORIZON","WITHIN_HORIZON")) -> WITHIN_HORIZON
A49: C | B49: 2026 Castle & Farm Blocks | C49: UK | D49: Building & Construction Toy | E49: 456CD | F49: 5000 | G49: 46157 | H49: 4320 | I49: =G49-$B$8 -> 46143 | J49: =G49-$B$7 -> 46150 | K49: 0 | L49: 0 | M49: 0 | N49: 0 | O49: 0 | P49: 0 | Q49: 0 | R49: 0 | S49: 0 | T49: 0 | U49: 0 | V49: 0 | W49: 0 | X49: 0 | Y49: 0 | Z49: 833 | AA49: 833 | AB49: 833 | AC49: 69 | AD49: 833 | AE49: 0 | AF49: 0 | AG49: 0 | AH49: 0 | AI49: 0 | AJ49: 0 | AK49: 0 | AL49: =SUM(K49:AK49) -> 3401 | AM49: =MAX(0,$H49-AL49) -> 919 | AN49: =IF($AP49="WITHIN_HORIZON",IF(AND($AM49>0,$AO49>0),"SHORTAGE + LATE",IF($AM49>0,"SHORTAGE",IF($AO49>0,"LATE","OK"))),IF(AND($AP49="PARTIAL_HORIZON",$AM49=0,$AO49=0),"OK","OUT_OF_HORIZON")) -> SHORTAGE | AO49: =SUMPRODUCT(($K$42:$AK$42>$J49)*(K49:AK49)) -> 0 | AP49: =IF($I49>$AK$42,"OUT_OF_HORIZON",IF($J49>$AK$42,"PARTIAL_HORIZON","WITHIN_HORIZON")) -> WITHIN_HORIZON
A50: D | B50: 2026 Animal Animation Book | C50: UK | D50: Educational Toy | E50: 456CD | F50: 5000 | G50: 46157 | H50: 2430 | I50: =G50-$B$8 -> 46143 | J50: =G50-$B$7 -> 46150 | K50: 0 | L50: 0 | M50: 0 | N50: 0 | O50: 0 | P50: 0 | Q50: 0 | R50: 0 | S50: 0 | T50: 0 | U50: 0 | V50: 0 | W50: 0 | X50: 0 | Y50: 833 | Z50: 0 | AA50: 0 | AB50: 0 | AC50: 764 | AD50: 0 | AE50: 833 | AF50: 0 | AG50: 0 | AH50: 0 | AI50: 0 | AJ50: 0 | AK50: 0 | AL50: =SUM(K50:AK50) -> 2430 | AM50: =MAX(0,$H50-AL50) -> 0 | AN50: =IF($AP50="WITHIN_HORIZON",IF(AND($AM50>0,$AO50>0),"SHORTAGE + LATE",IF($AM50>0,"SHORTAGE",IF($AO50>0,"LATE","OK"))),IF(AND($AP50="PARTIAL_HORIZON",$AM50=0,$AO50=0),"OK","OUT_OF_HORIZON")) -> OK | AO50: =SUMPRODUCT(($K$42:$AK$42>$J50)*(K50:AK50)) -> 0 | AP50: =IF($I50>$AK$42,"OUT_OF_HORIZON",IF($J50>$AK$42,"PARTIAL_HORIZON","WITHIN_HORIZON")) -> WITHIN_HORIZON
A51: E | B51: 2026 Scooter ver | C51: Australia | D51: Outdoor & Sports Toy | E51: 789EF | F51: 3000 | G51: 46157 | H51: 300 | I51: =G51-$B$8 -> 46143 | J51: =G51-$B$7 -> 46150 | K51: 0 | L51: 0 | M51: 0 | N51: 0 | O51: 0 | P51: 0 | Q51: 0 | R51: 0 | S51: 0 | T51: 0 | U51: 0 | V51: 0 | W51: 0 | X51: 0 | Y51: 0 | Z51: 300 | AA51: 0 | AB51: 0 | AC51: 0 | AD51: 0 | AE51: 0 | AF51: 0 | AG51: 0 | AH51: 0 | AI51: 0 | AJ51: 0 | AK51: 0 | AL51: =SUM(K51:AK51) -> 300 | AM51: =MAX(0,$H51-AL51) -> 0 | AN51: =IF($AP51="WITHIN_HORIZON",IF(AND($AM51>0,$AO51>0),"SHORTAGE + LATE",IF($AM51>0,"SHORTAGE",IF($AO51>0,"LATE","OK"))),IF(AND($AP51="PARTIAL_HORIZON",$AM51=0,$AO51=0),"OK","OUT_OF_HORIZON")) -> OK | AO51: =SUMPRODUCT(($K$42:$AK$42>$J51)*(K51:AK51)) -> 0 | AP51: =IF($I51>$AK$42,"OUT_OF_HORIZON",IF($J51>$AK$42,"PARTIAL_HORIZON","WITHIN_HORIZON")) -> WITHIN_HORIZON
A52: F | B52: 2025 Fantasy Spaceship Model DIY kits | C52: US | D52: Arts & Crafts Toy | E52: 789EF | F52: 3000 | G52: 46157 | H52: 4200 | I52: =G52-$B$8 -> 46143 | J52: =G52-$B$7 -> 46150 | K52: 0 | L52: 0 | M52: 0 | N52: 0 | O52: 0 | P52: 0 | Q52: 0 | R52: 0 | S52: 0 | T52: 0 | U52: 0 | V52: 0 | W52: 0 | X52: 0 | Y52: 0 | Z52: 200 | AA52: 500 | AB52: 500 | AC52: 500 | AD52: 500 | AE52: 302 | AF52: 0 | AG52: 0 | AH52: 0 | AI52: 0 | AJ52: 0 | AK52: 0 | AL52: =SUM(K52:AK52) -> 2502 | AM52: =MAX(0,$H52-AL52) -> 1698 | AN52: =IF($AP52="WITHIN_HORIZON",IF(AND($AM52>0,$AO52>0),"SHORTAGE + LATE",IF($AM52>0,"SHORTAGE",IF($AO52>0,"LATE","OK"))),IF(AND($AP52="PARTIAL_HORIZON",$AM52=0,$AO52=0),"OK","OUT_OF_HORIZON")) -> SHORTAGE | AO52: =SUMPRODUCT(($K$42:$AK$42>$J52)*(K52:AK52)) -> 0 | AP52: =IF($I52>$AK$42,"OUT_OF_HORIZON",IF($J52>$AK$42,"PARTIAL_HORIZON","WITHIN_HORIZON")) -> WITHIN_HORIZON
A53: A | B53: 2026 Automatic Robot ver | C53: US | D53: Electronic Toy | E53: 123AB | F53: 15000 | G53: 46164 | H53: 20000 | I53: =G53-$B$8 -> 46150 | J53: =G53-$B$7 -> 46157 | K53: 0 | L53: 0 | M53: 0 | N53: 0 | O53: 0 | P53: 0 | Q53: 0 | R53: 0 | S53: 0 | T53: 0 | U53: 0 | V53: 0 | W53: 0 | X53: 0 | Y53: 0 | Z53: 0 | AA53: 0 | AB53: 0 | AC53: 0 | AD53: 0 | AE53: 0 | AF53: 0 | AG53: 2500 | AH53: 0 | AI53: 0 | AJ53: 0 | AK53: 1135 | AL53: =SUM(K53:AK53) -> 3635 | AM53: =MAX(0,$H53-AL53) -> 16365 | AN53: =IF($AP53="WITHIN_HORIZON",IF(AND($AM53>0,$AO53>0),"SHORTAGE + LATE",IF($AM53>0,"SHORTAGE",IF($AO53>0,"LATE","OK"))),IF(AND($AP53="PARTIAL_HORIZON",$AM53=0,$AO53=0),"OK","OUT_OF_HORIZON")) -> SHORTAGE | AO53: =SUMPRODUCT(($K$42:$AK$42>$J53)*(K53:AK53)) -> 0 | AP53: =IF($I53>$AK$42,"OUT_OF_HORIZON",IF($J53>$AK$42,"PARTIAL_HORIZON","WITHIN_HORIZON")) -> WITHIN_HORIZON
A54: B | B54: 2025 Barbie ver colorful | C54: US | D54: Doll | E54: 123AB | F54: 15000 | G54: 46164 | H54: 15658 | I54: =G54-$B$8 -> 46150 | J54: =G54-$B$7 -> 46157 | K54: 0 | L54: 0 | M54: 0 | N54: 0 | O54: 0 | P54: 0 | Q54: 0 | R54: 0 | S54: 0 | T54: 0 | U54: 0 | V54: 0 | W54: 0 | X54: 0 | Y54: 0 | Z54: 0 | AA54: 0 | AB54: 0 | AC54: 0 | AD54: 0 | AE54: 0 | AF54: 2500 | AG54: 0 | AH54: 2500 | AI54: 2500 | AJ54: 2500 | AK54: 1365 | AL54: =SUM(K54:AK54) -> 11365 | AM54: =MAX(0,$H54-AL54) -> 4293 | AN54: =IF($AP54="WITHIN_HORIZON",IF(AND($AM54>0,$AO54>0),"SHORTAGE + LATE",IF($AM54>0,"SHORTAGE",IF($AO54>0,"LATE","OK"))),IF(AND($AP54="PARTIAL_HORIZON",$AM54=0,$AO54=0),"OK","OUT_OF_HORIZON")) -> SHORTAGE | AO54: =SUMPRODUCT(($K$42:$AK$42>$J54)*(K54:AK54)) -> 0 | AP54: =IF($I54>$AK$42,"OUT_OF_HORIZON",IF($J54>$AK$42,"PARTIAL_HORIZON","WITHIN_HORIZON")) -> WITHIN_HORIZON
... A63: F | B63: 2025 Fantasy Spaceship Model DIY kits | C63: US | D63: Arts & Crafts Toy | E63: 789EF | F63: 3000 | G63: 46171 | H63: 4500 | I63: =G63-$B$8 -> 46157 | J63: =G63-$B$7 -> 46164 | K63: 0 | L63: 0 | M63: 0 | N63: 0 | O63: 0 | P63: 0 | Q63: 0 | R63: 0 | S63: 0 | T63: 0 | U63: 0 | V63: 0 | W63: 0 | X63: 0 | Y63: 0 | Z63: 0 | AA63: 0 | AB63: 0 | AC63: 0 | AD63: 0 | AE63: 0 | AF63: 0 | AG63: 0 | AH63: 0 | AI63: 0 | AJ63: 0 | AK63: 0 | AL63: =SUM(K63:AK63) -> 0 | AM63: =MAX(0,$H63-AL63) -> 4500 | AN63: =IF($AP63="WITHIN_HORIZON",IF(AND($AM63>0,$AO63>0),"SHORTAGE + LATE",IF($AM63>0,"SHORTAGE",IF($AO63>0,"LATE","OK"))),IF(AND($AP63="PARTIAL_HORIZON",$AM63=0,$AO63=0),"OK","OUT_OF_HORIZON")) -> OUT_OF_HORIZON | AO63: =SUMPRODUCT(($K$42:$AK$42>$J63)*(K63:AK63)) -> 0 | AP63: =IF($I63>$AK$42,"OUT_OF_HORIZON",IF($J63>$AK$42,"PARTIAL_HORIZON","WITHIN_HORIZON")) -> PARTIAL_HORIZON

Sheet Demand for Production Plan
A2: Item name | B2: Des | C2: Market | D2: Price ($) | E2: Product group | F2: Fixture | G2: Weekly Capcity | H2: Shipment Request | I2: Demand Quantity
A3: A | B3: 2026 Automatic Robot ver | C3: US | D3: 105 | E3: Electronic Toy | F3: 123AB | G3: 15000 | H3: 46150 | I3: 684
A4: A | B4: 2026 Automatic Robot ver | C4: US | D4: 105 | E4: Electronic Toy | F4: 123AB | G4: 15000 | H4: 46157 | I4: 20000
A5: A | B5: 2026 Automatic Robot ver | C5: US | D5: 105 | E5: Electronic Toy | F5: 123AB | G5: 15000 | H5: 46164 | I5: 15000
A6: A | B6: 2026 Automatic Robot ver | C6: US | D6: 105 | E6: Electronic Toy | F6: 123AB | G6: 15000 | H6: 46164 | I6: 5000
A7: A | B7: 2026 Automatic Robot ver | C7: US | D7: 105 | E7: Electronic Toy | F7: 123AB | G7: 15000 | H7: 46171 | I7: 11000
A8: A | B8: 2026 Automatic Robot ver | C8: US | D8: 105 | E8: Electronic Toy | F8: 123AB | G8: 15000 | H8: 46178 | I8: 13000
A9: A | B9: 2026 Automatic Robot ver | C9: US | D9: 105 | E9: Electronic Toy | F9: 123AB | G9: 15000 | H9: 46185 | I9: 13773
A10: A | B10: 2026 Automatic Robot ver | C10: US | D10: 105 | E10: Electronic Toy | F10: 123AB | G10: 15000 | H10: 46192 | I10: 7058
A11: A | B11: 2026 Automatic Robot ver | C11: US | D11: 105 | E11: Electronic Toy | F11: 123AB | G11: 15000 | H11: 46199 | I11: 2040
A12: A | B12: 2026 Automatic Robot ver | C12: US | D12: 105 | E12: Electronic Toy | F12: 123AB | G12: 15000 | H12: 46206 | I12: 1500
A13: A | B13: 2026 Automatic Robot ver | C13: US | D13: 105 | E13: Electronic Toy | F13: 123AB | G13: 15000 | H13: 46206 | I13: 2041
A14: A | B14: 2026 Automatic Robot ver | C14: US | D14: 105 | E14: Electronic Toy | F14: 123AB | G14: 15000 | H14: 46213 | I14: 2041
... A467: F | B467: 2025 Fantasy Spaceship Model DIY kits | C467: US | D467: 90 | E467: Arts & Crafts Toy | F467: 789EF | G467: 3000 | H467: 46339 | I467: 1754
